timestamp,node_id,date,latitude,longitude,rainfall,soil_moisture,slope,elevation,flow_accumulation,ground_tilt,forecast_rainfall,historical_flood_risk,historical_landslide_risk,flood_event,landslide_event,drainage_distance,stream_distance,rainfall_24h,rainfall_3d_cum,rainfall_7d_cum,rainfall_14d_cum,rainfall_30d_cum,rainfall_3d_max,rainfall_7d_max,rainfall_delta_1d,rainfall_delta_3d,soil_saturation_proxy,API,API_7d,API_14d,rainfall_intensity_on_wet
2026-01-01 00:00:00,NODE_01,2026-01-01,27.1,88.1,5.368869529478628,72.73647296812591,30.347787857055664,1719.0,18.105480752227813,-0.0289731637035035,9.066124875658772,0.1140957848879333,0.8923024981396522,0,0,15.950088799885174,31.90017759977035,5.368869529478628,5.368869529478628,5.368869529478628,5.368869529478628,5.368869529478628,5.368869529478628,5.368869529478628,,,0.8429862638304254,5.368869529478628,5.368869529478628,5.368869529478628,4.525883265648202
2026-01-01 01:00:00,NODE_01,2026-01-01,27.1,88.1,3.0708175719312862,46.338170987164105,30.347787857055664,1719.0,18.105480752227813,0.0544504990892386,2.639911636024714,0.1512468287349345,0.1853301795287144,0,0,15.950088799885174,31.90017759977035,8.439687101409914,8.439687101409914,8.439687101409914,8.439687101409914,8.439687101409914,5.368869529478628,5.368869529478628,,,0.8940642852610401,7.63435667198812,6.501613100733374,6.501613100733374,7.545622816148874
2026-01-01 02:00:00,NODE_01,2026-01-01,27.1,88.1,2.7947635074991366,25.845050168906813,30.347787857055664,1719.0,18.105480752227813,0.0057266683107731,5.779677216337962,0.2253169299512351,0.0789691621908286,0,0,15.950088799885174,31.90017759977035,11.23445060890905,11.23445060890905,11.23445060890905,11.23445060890905,11.23445060890905,5.368869529478628,5.368869529478628,,,0.918263595811012,9.283966678689035,7.429064293385262,7.429064293385262,10.316187013098038
2026-01-01 03:00:00,NODE_01,2026-01-01,27.1,88.1,2.7948092966558,74.40028411492058,30.347787857055664,1719.0,18.105480752227813,0.0475072735499415,2.037771165594803,0.250966661340298,0.2395101699095381,0,0,15.950088799885174,31.90017759977035,14.02925990556485,14.02925990556485,14.02925990556485,14.02925990556485,14.02925990556485,5.368869529478628,5.368869529478628,,,0.9334631241802044,10.68618097354148,8.243343463424317,8.243343463424317,13.095796781384646
2026-01-01 04:00:00,NODE_01,2026-01-01,27.1,88.1,11.516288386336026,59.08829748150635,30.347787857055664,1719.0,18.105480752227813,-0.0098976563284165,7.318556135533431,0.8506160578411378,0.7945782787001903,0,0,15.950088799885174,31.90017759977035,25.545548291900875,25.545548291900875,25.545548291900875,25.545548291900875,25.545548291900875,11.516288386336026,11.516288386336026,,,0.9623289001604424,20.599542213846284,10.71458321350871,10.71458321350871,24.583219391740432
2026-01-01 05:00:00,NODE_01,2026-01-01,27.1,88.1,6.622224039236843,49.69554064728834,30.347787857055664,1719.0,18.105480752227813,0.0658639113365592,2.15717420824353,0.5612227882825249,0.0346702667264833,0,0,15.950088799885174,31.90017759977035,32.16777233113772,32.16777233113772,32.16777233113772,32.16777233113772,32.16777233113772,11.516288386336026,11.516288386336026,,,0.9698502513217868,24.131834921006185,12.950791831424956,12.950791831424956,31.197922079815932
2026-01-01 06:00:00,NODE_01,2026-01-01,27.1,88.1,2.1884909530479466,83.44480695663152,30.347787857055664,1719.0,18.105480752227813,0.0200671813512394,12.20882950198228,0.5233909113743664,0.5828068350834896,0,0,15.950088799885174,31.90017759977035,34.356263284185665,34.356263284185665,34.356263284185665,34.356263284185665,34.356263284185665,11.516288386336026,11.516288386336026,,,0.9717164681130972,22.7005506359032,14.34361451777899,14.34361451777899,33.38454681607257
2026-01-01 07:00:00,NODE_01,2026-01-01,27.1,88.1,5.568896498754692,27.783823761430597,30.347787857055664,1719.0,18.105480752227813,0.1091253512088543,15.7812388869847,0.1147688718692174,0.99543751619131,0,0,15.950088799885174,31.90017759977035,39.92515978294036,39.92515978294036,39.92515978294036,39.92515978294036,39.92515978294036,11.516288386336026,11.516288386336026,,,0.975565153433638,24.86436453927241,15.65870827046567,15.65870827046567,38.94959462950672
2026-01-01 08:00:00,NODE_01,2026-01-01,27.1,88.1,4.34405033775162,54.48375730036014,30.347787857055664,1719.0,18.105480752227813,-0.0184760808411115,14.238973836150498,0.860139693349435,0.8556960938375394,0,0,15.950088799885174,31.90017759977035,44.26921012069198,44.26921012069198,44.26921012069198,44.26921012069198,44.26921012069198,11.516288386336026,11.516288386336026,,,0.9779099304508758,25.478760196133173,16.74982515109539,16.74982515109539,43.2913001902411
2026-01-01 09:00:00,NODE_01,2026-01-01,27.1,88.1,0.2404281575428491,20.79475513371933,30.347787857055664,1719.0,18.105480752227813,0.0102274698045372,6.696589308749638,0.7228143032084837,0.5214456890435895,0,0,15.950088799885174,31.90017759977035,44.50963827823482,44.50963827823482,44.50963827823482,44.50963827823482,44.50963827823482,11.516288386336026,11.516288386336026,,,0.978026632646776,21.897374324256045,17.264580068411455,17.264580068411455,43.53161164558804
2026-01-01 10:00:00,NODE_01,2026-01-01,27.1,88.1,1.136999251967144,52.80624493958884,30.347787857055664,1719.0,18.105480752227813,-0.0515788123435079,2.062022078467513,0.0676683619000015,0.0636409092866423,0,0,15.950088799885174,31.90017759977035,45.64663753020197,45.64663753020197,45.64663753020197,45.64663753020197,45.64663753020197,11.516288386336026,11.516288386336026,,,0.9785622275699392,19.749767427584786,17.49050619197267,17.49050619197267,44.66807530263203
2026-01-01 11:00:00,NODE_01,2026-01-01,27.1,88.1,4.620221389602642,23.94122929772861,30.347787857055664,1719.0,18.105480752227813,-0.0264649118773109,10.283897102816516,0.7078350972297687,0.8313735143857098,0,0,15.950088799885174,31.90017759977035,50.26685891980461,50.26685891980461,50.26685891980461,50.26685891980461,50.26685891980461,11.516288386336026,11.516288386336026,,,0.980494221392337,21.407523703049705,17.816924317895754,17.816924317895754,49.28636469841227
2026-01-01 12:00:00,NODE_01,2026-01-01,27.1,88.1,10.721243436653488,28.317254138765037,30.347787857055664,1719.0,18.105480752227813,0.0309343273923952,11.246518219750875,0.5435382173426461,0.5989785081772105,0,0,15.950088799885174,31.90017759977035,60.9881023564581,60.9881023564581,60.9881023564581,60.9881023564581,60.9881023564581,11.516288386336026,11.516288386336026,,,0.9838678720272872,28.917638584245736,18.67082541530729,18.67082541530729,60.00423448443081
2026-01-01 13:00:00,NODE_01,2026-01-01,27.1,88.1,2.818192196945801,28.22683727439734,30.347787857055664,1719.0,18.105480752227813,0.056466221876975,6.100378353244643,0.0817253457467782,0.1149329970595668,0,0,15.950088799885174,31.90017759977035,63.8062945534039,63.8062945534039,63.8062945534039,63.8062945534039,63.8062945534039,11.516288386336026,11.516288386336026,,,0.984569400134798,27.39818499355468,19.294208242324963,19.294208242324963,62.8217251532691
2026-01-01 14:00:00,NODE_01,2026-01-01,27.1,88.1,2.0157551533272238,65.44472114812444,30.347787857055664,1719.0,18.105480752227813,0.1482505175860361,2.718398318980347,0.4583006415286564,0.0938572848233562,0,0,15.950088799885174,31.90017759977035,65.82204970673112,65.82204970673112,65.82204970673112,65.82204970673112,65.82204970673112,11.516288386336026,11.516288386336026,,,0.9850348798878692,25.304212397848698,19.694875186026543,19.694875186026543,64.83701482684326
2026-01-01 15:00:00,NODE_01,2026-01-01,27.1,88.1,3.8718744842219848,72.22314154857963,30.347787857055664,1719.0,18.105480752227813,-0.004831445331161,1.3434303641714884,0.484696287130047,0.9096268194365924,0,0,15.950088799885174,31.90017759977035,69.69392419095311,69.69392419095311,69.69392419095311,69.69392419095311,69.69392419095311,11.516288386336026,11.516288386336026,,,0.9858545127966176,25.380455022393377,20.05022392579947,20.05022392579947,68.70806967815649
2026-01-01 16:00:00,NODE_01,2026-01-01,27.1,88.1,1.8921843190397272,60.83581355680117,30.347787857055664,1719.0,18.105480752227813,-0.0466606703822798,2.218739272799791,0.1657745401632757,0.6692002629380784,0,0,15.950088799885174,31.90017759977035,71.58610850999284,71.58610850999284,71.58610850999284,71.58610850999284,71.58610850999284,11.516288386336026,11.516288386336026,,,0.9862232592361344,23.4655710880741,20.25112670005092,20.25112670005092,70.59988525075671
2026-01-01 17:00:00,NODE_01,2026-01-01,27.1,88.1,2.6373363796608484,87.35207839321794,30.347787857055664,1719.0,18.105480752227813,0.037666288018862,2.0954454518484638,0.9456981470002824,0.8292867993167555,0,0,15.950088799885174,31.90017759977035,74.22344488965368,74.22344488965368,74.22344488965368,74.22344488965368,74.22344488965368,11.516288386336026,11.516288386336026,,,0.9867062722071966,22.583071804523836,20.38067920585497,20.38067920585497,73.23673861744648
2026-01-01 18:00:00,NODE_01,2026-01-01,27.1,88.1,3.456445915298273,46.24094056665928,30.347787857055664,1719.0,18.105480752227813,-0.0563913610250653,4.812722869245349,0.8499753714806619,0.8789789002822673,0,0,15.950088799885174,31.90017759977035,77.67989080495195,77.67989080495195,77.67989080495195,77.67989080495195,77.67989080495195,11.516288386336026,11.516288386336026,,,0.9872902721423572,22.652056949143528,20.50022540287016,20.50022540287016,76.69260053280959
2026-01-01 19:00:00,NODE_01,2026-01-01,27.1,88.1,1.069650794903589,39.99984603973025,30.347787857055664,1719.0,18.105480752227813,0.0282138694013368,10.689163213198388,0.6690223373291083,0.5717723520483222,0,0,15.950088799885174,31.90017759977035,78.74954159985555,78.74954159985555,78.74954159985555,78.74954159985555,78.74954159985555,11.516288386336026,11.516288386336026,,,0.9874607429718216,20.323899201675587,20.49140909281043,20.49140909281043,77.76208085688373
2026-01-01 20:00:00,NODE_01,2026-01-01,27.1,88.1,6.899178624222735,80.80193897326222,30.347787857055664,1719.0,18.105480752227813,-0.0251127858097062,5.151508706633669,0.4622955610006072,0.5174463517550413,0,0,15.950088799885174,31.90017759977035,85.64872022407829,85.64872022407829,85.64872022407829,85.64872022407829,85.64872022407829,11.516288386336026,11.516288386336026,,,0.9884591486473896,24.174492945646985,20.6667940381836,20.6667940381836,84.6602610754309
2026-01-01 21:00:00,NODE_01,2026-01-01,27.1,88.1,0.8472915850590834,35.65170869636169,30.347787857055664,1719.0,18.105480752227813,0.0105797485190196,1.2126282753477828,0.4117655415845085,0.4304274103209902,0,0,15.950088799885174,31.90017759977035,86.49601180913737,86.49601180913737,86.49601180913737,86.49601180913737,86.49601180913737,11.516288386336026,11.516288386336026,,,0.9885709076411232,21.395610588859014,20.6999220632143,20.6999220632143,85.50744090149625
2026-01-01 22:00:00,NODE_01,2026-01-01,27.1,88.1,4.177442468147864,87.4255777608428,30.347787857055664,1719.0,18.105480752227813,0.0545523051082333,8.359474258182066,0.6509734671509542,0.3169465877911193,0,0,15.950088799885174,31.90017759977035,90.67345427728524,90.67345427728524,90.67345427728524,90.67345427728524,90.67345427728524,11.516288386336026,11.516288386336026,,,0.9890917168128596,22.363711468678027,20.77226073301707,20.77226073301707,89.68436256047238
2026-01-01 23:00:00,NODE_01,2026-01-01,27.1,88.1,6.479664445908104,20.850813228287144,30.347787857055664,1719.0,18.105480752227813,-0.0055366714540347,19.140345379709395,0.5454318694069055,0.4345959608587117,0,0,15.950088799885174,31.90017759977035,97.15311872319332,97.15311872319332,97.15311872319332,97.15311872319332,97.15311872319332,11.516288386336026,11.516288386336026,,,0.98981183671993,25.488819194284424,20.968784002236543,20.968784002236543,96.1633068864734
2026-01-02 00:00:00,NODE_01,2026-01-02,27.1,88.1,4.085181481685724,87.89151786953474,30.347787857055664,1719.0,18.105480752227813,0.046643954216431,5.095830234814374,0.0622731058818856,0.7738796557301564,0,0,15.950088799885174,31.90017759977035,95.86943067540042,101.23830020487904,101.23830020487904,101.23830020487904,101.23830020487904,11.516288386336026,11.516288386336026,90.5005611459218,,0.9902189297162016,25.75067779682748,21.160059754020185,21.160059754020185,94.9317250358966
2026-01-02 01:00:00,NODE_01,2026-01-02,27.1,88.1,3.1384721485003544,23.021193836540327,30.347787857055664,1719.0,18.105480752227813,0.0436579274309574,2.2997446357590863,0.5125026487703317,0.6019234310151316,0,0,15.950088799885174,31.90017759977035,95.93708525196948,104.3767723533794,104.3767723533794,104.3767723533794,104.3767723533794,11.516288386336026,11.516288386336026,87.49739815055958,,0.9905102426496182,25.02654827580372,21.308770851011857,21.308770851011857,95.0266655920254
2026-01-02 02:00:00,NODE_01,2026-01-02,27.1,88.1,2.6121677203516147,82.38001795886498,30.347787857055664,1719.0,18.105480752227813,-0.0932165764154547,1.5616506755712545,0.8064036172328395,0.8925232899548461,0,0,15.950088799885174,31.90017759977035,95.75448946482196,106.98894007373104,106.98894007373104,106.98894007373104,106.98894007373104,11.516288386336026,11.516288386336026,84.52003885591293,,0.9907397924332136,23.88473375478477,21.40417688448493,21.40417688448493,94.86778301692608
2026-01-02 03:00:00,NODE_01,2026-01-02,27.1,88.1,2.209493244505471,56.93907763604099,30.347787857055664,1719.0,18.105480752227813,-0.0450800373017786,7.948459836962557,0.459239877596958,0.4433800143791877,0,0,15.950088799885174,31.90017759977035,95.16917341267164,109.1984333182365,109.1984333182365,109.1984333182365,109.1984333182365,11.516288386336026,11.516288386336026,81.1399135071068,,0.9909254608265424,22.511516936072525,21.4437247434702,21.4437247434702,94.30555702043276
2026-01-02 04:00:00,NODE_01,2026-01-02,27.1,88.1,8.164498261444663,89.50753572835103,30.347787857055664,1719.0,18.105480752227813,-0.0780903430697735,15.395729299447616,0.0519565775542684,0.607089578718754,0,0,15.950088799885174,31.90017759977035,91.81738328778027,117.36293157968116,117.36293157968116,117.36293157968116,117.36293157968116,11.516288386336026,11.516288386336026,66.27183499587942,,0.9915514089871388,27.29928765710631,21.645640706009377,21.645640706009377,91.04165576851072
2026-01-02 05:00:00,NODE_01,2026-01-02,27.1,88.1,4.658684025368981,25.16575953147792,30.347787857055664,1719.0,18.105480752227813,0.1000868551265067,3.4627493989959324,0.7862781993840331,0.6313075530919887,0,0,15.950088799885174,31.90017759977035,89.85384327391243,122.02161560505014,122.02161560505014,122.02161560505014,122.02161560505014,11.516288386336026,11.516288386336026,57.68607094277471,,0.9918713472012072,27.86307853390934,21.85288863360604,21.85288863360604,89.12345257930166
2026-01-02 06:00:00,NODE_01,2026-01-02,27.1,88.1,2.39460501371046,58.76979990809245,30.347787857055664,1719.0,18.105480752227813,-0.0052695962718663,2.719119357242717,0.2013637821359744,0.5916971623063255,0,0,15.950088799885174,31.90017759977035,90.05995733457495,124.4162206187606,124.4162206187606,124.4162206187606,124.4162206187606,11.516288386336026,11.516288386336026,55.70369405038928,,0.9920265497152893,26.0782217675334,21.98918970244241,21.98918970244241,89.34186874212455
2026-01-02 07:00:00,NODE_01,2026-01-02,27.1,88.1,1.7328373866156024,87.85117749333693,30.347787857055664,1719.0,18.105480752227813,0.0890414606483321,4.9892067499238175,0.2586208348880388,0.7026337730855163,0,0,15.950088799885174,31.90017759977035,86.22389822243585,126.1490580053762,126.1490580053762,126.1490580053762,126.1490580053762,11.516288386336026,11.516288386336026,46.29873843949549,,0.9921352150327554,23.899325889018996,22.048881458272923,22.048881458272923,85.54576580387881
2026-01-02 08:00:00,NODE_01,2026-01-02,27.1,88.1,5.879747899770376,56.61684909191042,30.347787857055664,1719.0,18.105480752227813,-0.0816476140270991,8.913460656682972,0.1647063534322959,0.2374334683748062,0,0,15.950088799885174,31.90017759977035,87.7595957844546,132.02880590514658,132.02880590514658,132.02880590514658,132.02880590514658,11.516288386336026,11.516288386336026,43.49038566376262,,0.9924828311192012,26.19417490543652,22.174496411217277,22.174496411217277,87.09989208203221
2026-01-02 09:00:00,NODE_01,2026-01-02,27.1,88.1,8.016515484765705,64.05790466946837,30.347787857055664,1719.0,18.105480752227813,-0.0286384212274262,2.120527787516909,0.3302150648714975,0.5123637775457907,0,0,15.950088799885174,31.90017759977035,95.53568311167746,140.0453213899123,140.0453213899123,140.0453213899123,140.0453213899123,11.516288386336026,11.516288386336026,51.02604483344263,,0.9929100803192504,30.281564154386743,22.412939580134022,22.412939580134022,94.85834279177011
2026-01-02 10:00:00,NODE_01,2026-01-02,27.1,88.1,7.468060616986609,68.7024082289232,30.347787857055664,1719.0,18.105480752227813,0.0400249120882986,5.709533917655748,0.756751505688635,0.1042248028083476,0,0,15.950088799885174,31.90017759977035,101.86674447669692,147.5133820068989,147.5133820068989,147.5133820068989,147.5133820068989,11.516288386336026,11.516288386336026,56.22010694649495,,0.9932666000431292,33.20739014821534,22.721352453507777,22.721352453507777,101.18083494383096
2026-01-02 11:00:00,NODE_01,2026-01-02,27.1,88.1,1.4241098919187491,51.81787453374413,30.347787857055664,1719.0,18.105480752227813,0.0089637302213342,7.198920488110075,0.5193858595039373,0.3845113276448125,0,0,15.950088799885174,31.90017759977035,98.67063297901304,148.93749189881763,148.93749189881763,148.93749189881763,148.93749189881763,11.516288386336026,11.516288386336026,48.40377405920842,,0.9933305540373129,29.650391517901788,22.913825760852053,22.913825760852053,98.01255452425538
2026-01-02 12:00:00,NODE_01,2026-01-02,27.1,88.1,2.5906084110188123,63.92906560588444,30.347787857055664,1719.0,18.105480752227813,0.0266429946406729,7.66224583663467,0.2048812741507125,0.4876670686212644,0,0,15.950088799885174,31.90017759977035,90.53999795337836,151.52810030983645,151.52810030983645,151.52810030983645,151.52810030983645,11.516288386336026,11.516288386336026,29.55189559692026,,0.9934438310188832,27.79344120123533,23.045707259240796,23.045707259240796,89.94640242724606
2026-01-02 13:00:00,NODE_01,2026-01-02,27.1,88.1,2.165588093615081,60.90200183461702,30.347787857055664,1719.0,18.105480752227813,-0.0626904116896628,1.4010948680958155,0.8778300781520408,0.6522242595454725,0,0,15.950088799885174,31.90017759977035,89.88739385004763,153.69368840345155,153.69368840345155,153.69368840345155,153.69368840345155,11.516288386336026,11.516288386336026,26.08109929664373,,0.9935356121486228,25.790013114665115,23.117925834383534,23.117925834383534,89.30632687325142
2026-01-02 14:00:00,NODE_01,2026-01-02,27.1,88.1,2.932207100296422,83.08106073436923,30.347787857055664,1719.0,18.105480752227813,0.0688401746439464,1.781445200793086,0.8795818549515292,0.9505310525862036,0,0,15.950088799885174,31.90017759977035,90.80384579701683,156.62589550374796,156.62589550374796,156.62589550374796,156.62589550374796,11.516288386336026,11.516288386336026,24.981796090285712,,0.9936558647498612,24.85371824776177,23.162433332162465,23.162433332162465,90.22777391804784
2026-01-02 15:00:00,NODE_01,2026-01-02,27.1,88.1,6.848264562974323,23.18124662390205,30.347787857055664,1719.0,18.105480752227813,0.0388508047878644,5.053581178595532,0.8705784250460069,0.6006510665483559,0,0,15.950088799885174,31.90017759977035,93.78023587576916,163.47416006672228,163.47416006672228,163.47416006672228,163.47416006672228,11.516288386336026,11.516288386336026,24.086311684816053,,0.9939200175906396,27.973925073571824,23.2827206256977,23.2827206256977,93.21005369129882
2026-01-02 16:00:00,NODE_01,2026-01-02,27.1,88.1,9.9907289220497,39.66742327145612,30.347787857055664,1719.0,18.105480752227813,0.0200812752745736,8.443176849406862,0.2387962113815392,0.7435939161765598,0,0,15.950088799885174,31.90017759977035,101.87878047877912,173.46488898877195,173.46488898877195,173.46488898877195,173.46488898877195,11.516288386336026,11.516288386336026,30.29267196878629,,0.9942681876806492,33.76856523458575,23.538472933231557,23.538472933231557,101.29483042975043
2026-01-02 17:00:00,NODE_01,2026-01-02,27.1,88.1,4.807480450114323,86.52880388535911,30.347787857055664,1719.0,18.105480752227813,-0.0342805140540903,21.55093232106989,0.4512393441809881,0.5062660594952028,0,0,15.950088799885174,31.90017759977035,104.04892454923262,178.2723694388863,178.2723694388863,178.2723694388863,178.2723694388863,11.516288386336026,11.516288386336026,29.825479659578946,,0.9944218955596452,33.510760899512206,23.77590836100014,23.77590836100014,103.4685287811904
2026-01-02 18:00:00,NODE_01,2026-01-02,27.1,88.1,1.7981337533500823,82.31846487236415,30.347787857055664,1719.0,18.105480752227813,0.0161900063802972,1.2864754365364377,0.9849896561408752,0.6341040313763313,0,0,15.950088799885174,31.90017759977035,102.39061238728443,180.07050319223637,180.07050319223637,180.07050319223637,180.07050319223637,11.516288386336026,11.516288386336026,24.71072158233248,,0.9944772893300112,30.282280517935455,23.92721934139399,23.92721934139399,101.8251386597465
2026-01-02 19:00:00,NODE_01,2026-01-02,27.1,88.1,3.3851891400063376,51.89597269499991,30.347787857055664,1719.0,18.105480752227813,-0.0145744989496745,5.83881401808392,0.7720124763099904,0.0709322161337734,0,0,15.950088799885174,31.90017759977035,104.70615073238716,183.45569233224276,183.45569233224276,183.45569233224276,183.45569233224276,11.516288386336026,11.516288386336026,25.956609132531625,,0.994578643860994,29.12512758025148,24.04535361954984,24.04535361954984,104.13850139932246
2026-01-02 20:00:00,NODE_01,2026-01-02,27.1,88.1,11.412165711212063,63.40928184610757,30.347787857055664,1719.0,18.105480752227813,-0.0825245605018881,4.659970920730633,0.0271674212255598,0.254391580841847,0,0,15.950088799885174,31.90017759977035,109.21913781937651,194.8678580434548,194.8678580434548,194.8678580434548,194.8678580434548,11.516288386336026,11.516288386336026,23.570417595298224,,0.994894517099492,36.16852415442582,24.31475740921375,24.31475740921375,108.66152137883144
2026-01-02 21:00:00,NODE_01,2026-01-02,27.1,88.1,3.7897097804757625,39.41668280867929,30.347787857055664,1719.0,18.105480752227813,-0.0025211425860743,3.0166601504269392,0.065204591260492,0.3618530932051387,0,0,15.950088799885174,31.90017759977035,112.16155601479318,198.65756782393052,198.65756782393052,198.65756782393052,198.65756782393052,11.516288386336026,11.516288386336026,25.66554420565581,,0.9949914245129848,34.53295531173771,24.53689214622514,24.53689214622514,111.599786394752
2026-01-02 22:00:00,NODE_01,2026-01-02,27.1,88.1,2.6177608620110435,33.16848118066329,30.347787857055664,1719.0,18.105480752227813,-0.0078365199111262,11.73695216773351,0.4639313768123327,0.4724933550065135,0,0,15.950088799885174,31.90017759977035,110.60187440865636,201.2753286859416,201.2753286859416,201.2753286859416,201.2753286859416,11.516288386336026,11.516288386336026,19.928420131371126,,0.995056243356536,31.970772876988093,24.695059821347755,24.695059821347755,110.055085657269
2026-01-02 23:00:00,NODE_01,2026-01-02,27.1,88.1,2.835347011919632,52.45888834579875,30.347787857055664,1719.0,18.105480752227813,0.053120075493756,7.578639029750056,0.9092202058615602,0.0456487455023837,0,0,15.950088799885174,31.90017759977035,106.9575569746679,204.1106756978612,204.1106756978612,204.1106756978612,204.1106756978612,11.516288386336026,11.516288386336026,9.804438251474563,,0.9951245833665282,30.010503957359507,24.805798240848,24.805798240848,106.4360943223181
2026-01-03 00:00:00,NODE_01,2026-01-03,27.1,88.1,4.789391268022587,44.7346559618237,30.347787857055664,1719.0,18.105480752227813,-0.1117213221157101,7.766126275251809,0.5387017979527142,0.1400240975533176,0,0,15.950088799885174,31.90017759977035,107.66176676100476,208.9000669658838,208.9000669658838,208.9000669658838,208.9000669658838,11.516288386336026,11.516288386336026,11.792336085604331,,0.9952358281040352,30.298319631778167,24.91789051413229,24.91789051413229,107.14884759753208
2026-01-03 01:00:00,NODE_01,2026-01-03,27.1,88.1,1.4794789001698214,60.85592782956105,30.347787857055664,1719.0,18.105480752227813,0.011759991442735,1.185892649250854,0.4978125080342902,0.2768143077913058,0,0,15.950088799885174,31.90017759977035,106.00277351267422,210.37954586605363,210.37954586605363,210.37954586605363,210.37954586605363,11.516288386336026,11.516288386336026,10.065688260704732,,0.995269173297242,27.23305058718126,24.964193715593268,24.964193715593268,105.50129276117406
2026-01-03 02:00:00,NODE_01,2026-01-03,27.1,88.1,2.112886835975104,25.441424587548937,30.347787857055664,1719.0,18.105480752227813,-0.0577784024052858,3.3015894184936307,0.1054736999566305,0.9715326909010508,0,0,15.950088799885174,31.90017759977035,105.5034926282977,212.49243270202876,212.49243270202876,212.49243270202876,212.49243270202876,11.516288386336026,11.516288386336026,9.749003163475734,,0.9953159932305624,25.260979835079176,24.970013051269465,24.970013051269465,105.00931355462744
2026-01-03 03:00:00,NODE_01,2026-01-03,27.1,88.1,7.3831106985403165,88.20763653663165,30.347787857055664,1719.0,18.105480752227813,0.0159611671097773,4.888429204707278,0.656780104724294,0.3313470071030507,0,0,15.950088799885174,31.90017759977035,110.67711008233256,219.87554340056903,219.87554340056903,219.87554340056903,219.87554340056903,11.516288386336026,11.516288386336026,15.50793666966092,,0.9954725634870926,28.85494355835762,25.04472325332885,25.04472325332885,110.17602649300274
2026-01-03 04:00:00,NODE_01,2026-01-03,27.1,88.1,4.677007626618157,89.0347521135722,30.347787857055664,1719.0,18.105480752227813,0.0187140027788652,5.442737779731895,0.8221031606002255,0.4820410581120825,0,0,15.950088799885174,31.90017759977035,107.18961944750605,224.5525510271872,224.5525510271872,224.5525510271872,224.5525510271872,11.516288386336026,11.516288386336026,15.37223615972576,,0.9955664434055572,29.20370965122213,25.12319469479853,25.12319469479853,106.71438820334872
2026-01-03 05:00:00,NODE_01,2026-01-03,27.1,88.1,3.824085374094338,68.87131998138216,30.347787857055664,1719.0,18.105480752227813,-0.0043422388565095,25.47102435733096,0.3804200075075623,0.1960977127383929,0,0,15.950088799885174,31.90017759977035,106.3550207962314,228.3766364012816,228.3766364012816,228.3766364012816,228.3766364012816,11.516288386336026,11.516288386336026,16.50117752231897,,0.9956403580779232,28.647238577633143,25.18845476670288,25.18845476670288,105.8913509889448
2026-01-03 06:00:00,NODE_01,2026-01-03,27.1,88.1,7.670534389373368,57.52674564408843,30.347787857055664,1719.0,18.105480752227813,0.0403646562405542,3.48631620493766,0.7756118509253275,0.6107800710757683,0,0,15.950088799885174,31.90017759977035,111.63095017189433,236.0471707906549,236.0471707906549,236.0471707906549,236.0471707906549,11.516288386336026,11.516288386336026,21.570992837319366,,0.9957814303513324,32.02068718036154,25.312677174223943,25.312677174223943,111.16002723364724
2026-01-03 07:00:00,NODE_01,2026-01-03,27.1,88.1,1.6823711102102492,41.66693314004294,30.347787857055664,1719.0,18.105480752227813,-0.0622883029549849,0.050061764653304,0.9644766539008116,0.2806832155159743,0,0,15.950088799885174,31.90017759977035,111.58048389548895,237.7295419008652,237.7295419008652,237.7295419008652,237.7295419008652,11.516288386336026,11.516288386336026,25.356585673053104,,0.9958111593896692,28.89995521351756,25.376735710639903,25.376735710639903,111.11309103322718
2026-01-03 08:00:00,NODE_01,2026-01-03,27.1,88.1,2.5419969918331624,76.9656513794864,30.347787857055664,1719.0,18.105480752227813,0.055386022514085,4.948481411208885,0.2037664591276891,0.2069925784384267,0,0,15.950088799885174,31.90017759977035,108.24273298755176,240.27153889269832,240.27153889269832,240.27153889269832,240.27153889269832,11.516288386336026,11.516288386336026,20.483137203097144,,0.9958552923208868,27.106958923323084,25.407090503844877,25.407090503844877,107.79409850093003
2026-01-03 09:00:00,NODE_01,2026-01-03,27.1,88.1,4.549897674182138,67.93118207877156,30.347787857055664,1719.0,18.105480752227813,-0.035403943309707,7.222142953598734,0.5233296311947413,0.5165726284459791,0,0,15.950088799885174,31.90017759977035,104.77611517696818,244.8214365668805,244.8214365668805,244.8214365668805,244.8214365668805,11.516288386336026,11.516288386336026,9.24043206529072,,0.9959320065248748,27.59081275900676,25.44474088755456,25.44474088755456,104.34988662407928
2026-01-03 10:00:00,NODE_01,2026-01-03,27.1,88.1,4.415895746758324,31.383185754142392,30.347787857055664,1719.0,18.105480752227813,-0.0777949325244947,4.903831209849246,0.2871379580845755,0.0055057991604208,1,0,15.950088799885174,31.90017759977035,101.7239503067399,249.2373323136388,249.2373323136388,249.2373323136388,249.2373323136388,11.516288386336026,11.516288386336026,-0.1427941699570283,,0.996003793715533,27.868086591914068,25.48581454356065,25.48581454356065,101.31744041724328
2026-01-03 11:00:00,NODE_01,2026-01-03,27.1,88.1,0.6252769534220242,83.76490291456898,30.347787857055664,1719.0,18.105480752227813,-0.0136197985249904,6.051870348572884,0.7928544190338394,0.0076640326492253,0,0,15.950088799885174,31.90017759977035,100.92511736824318,249.8626092670608,249.8626092670608,249.8626092670608,249.8626092670608,11.516288386336026,11.516288386336026,2.254484389230143,,0.9960137542899612,24.31315055654898,25.466270143777127,25.466270143777127,100.52280505209885
2026-01-03 12:00:00,NODE_01,2026-01-03,27.1,88.1,2.3062393208543543,77.57760700462183,30.347787857055664,1719.0,18.105480752227813,-0.1047578761339992,7.410793667950371,0.5775933658811575,0.2190688091018577,0,0,15.950088799885174,31.90017759977035,100.6407482780787,252.1688485879152,252.1688485879152,252.1688485879152,252.1688485879152,11.516288386336026,11.516288386336026,10.100750324700345,,0.9960500669589578,22.972417293920984,25.42538731017293,25.42538731017293,100.24322406117992
2026-01-03 13:00:00,NODE_01,2026-01-03,27.1,88.1,3.002956052550504,86.48599393043469,30.347787857055664,1719.0,18.105480752227813,0.0127086946123101,1.0293795539912058,0.6345824175503038,0.0367213625008211,0,0,15.950088799885174,31.90017759977035,101.47811623701412,255.17180464046567,255.17180464046567,255.17180464046567,255.17180464046567,11.516288386336026,11.516288386336026,11.590722386966505,,0.9960963697726084,22.529510752383334,25.37867962375697,25.37867962375697,101.08198319505256
2026-01-03 14:00:00,NODE_01,2026-01-03,27.1,88.1,4.979317172395062,70.8003655871852,30.347787857055664,1719.0,18.105480752227813,-0.0129625221290112,2.278838291948406,0.7979141596158941,0.1080257541306913,0,0,15.950088799885174,31.90017759977035,103.52522630911278,260.1511218128607,260.1511218128607,260.1511218128607,260.1511218128607,11.516288386336026,11.516288386336026,12.721380512095948,,0.9961707995238228,24.1294013119209,25.358849809283377,25.358849809283377,103.12880746323356
2026-01-03 15:00:00,NODE_01,2026-01-03,27.1,88.1,4.40264825374224,62.93906371550529,30.347787857055664,1719.0,18.105480752227813,0.0616843460688017,4.401158462597048,0.3959704726624549,0.3388606493387516,0,0,15.950088799885174,31.90017759977035,101.07960999988067,264.55377006660297,264.55377006660297,264.55377006660297,264.55377006660297,11.516288386336026,11.516288386336026,7.299374124111523,,0.9962342843042704,24.91263936887501,25.351877771152,25.351877771152,100.6989729259859
2026-01-03 16:00:00,NODE_01,2026-01-03,27.1,88.1,3.26426741324253,49.27701254034332,30.347787857055664,1719.0,18.105480752227813,0.0324462105253497,2.6304636665866195,0.9150900684070432,0.8025856795798129,0,0,15.950088799885174,31.90017759977035,94.35314849107353,267.8180374798455,267.8180374798455,267.8180374798455,267.8180374798455,11.516288386336026,11.516288386336026,-7.525631987705609,,0.9962800115298254,24.44001087678628,25.33784904970021,25.33784904970021,94.00215586656206
2026-01-03 17:00:00,NODE_01,2026-01-03,27.1,88.1,0.2374561006616516,85.29099383478093,30.347787857055664,1719.0,18.105480752227813,-0.0695998168594005,3.106876050853196,0.53302886724614,0.5720486433693008,0,0,15.950088799885174,31.90017759977035,89.78312414162085,268.0554935805072,268.0554935805072,268.0554935805072,268.0554935805072,11.516288386336026,11.516288386336026,-14.265800407611778,,0.9962832946218928,21.01146534592999,25.272297781461276,25.272297781461276,89.44942672126041
2026-01-03 18:00:00,NODE_01,2026-01-03,27.1,88.1,3.414786292382906,80.62447226502859,30.347787857055664,1719.0,18.105480752227813,-0.0419193745558942,6.099161298004796,0.157954822835348,0.5126677259564164,0,0,15.950088799885174,31.90017759977035,91.39977668065367,271.47027987289005,271.47027987289005,271.47027987289005,271.47027987289005,11.516288386336026,11.516288386336026,-10.990835706630762,,0.9963298749483191,21.2745318364234,25.21262963302787,25.21262963302787,91.06432807053996
2026-01-03 19:00:00,NODE_01,2026-01-03,27.1,88.1,3.698818341033315,23.16530690743326,30.347787857055664,1719.0,18.105480752227813,0.0260332210267104,2.4454722303108163,0.6958991181688025,0.2934888232081216,0,0,15.950088799885174,31.90017759977035,91.71340588168066,275.16909821392335,275.16909821392335,275.16909821392335,275.16909821392335,11.516288386336026,11.516288386336026,-12.992744850706517,,0.996379030070825,21.78217040199321,25.162181703159717,25.162181703159717,91.38131439688088
2026-01-03 20:00:00,NODE_01,2026-01-03,27.1,88.1,19.086843976184408,21.84568821480764,30.347787857055664,1719.0,18.105480752227813,0.0423539504992517,0.6811059698881637,0.7932613504382544,0.9317537194328164,0,0,15.950088799885174,31.90017759977035,99.388084146653,294.25594219010776,294.25594219010776,294.25594219010776,294.25594219010776,19.086843976184408,19.086843976184408,-9.831053672723511,,0.9966131079612408,37.60168881787863,25.342464414967235,25.342464414967235,99.05146743570918
2026-01-03 21:00:00,NODE_01,2026-01-03,27.1,88.1,2.912949765364964,46.35243568146347,30.347787857055664,1719.0,18.105480752227813,0.061125045744344,9.82307899150214,0.3167616770675266,0.3970150412371916,0,0,15.950088799885174,31.90017759977035,98.5113241315422,297.1688919554728,297.1688919554728,297.1688919554728,297.1688919554728,19.086843976184408,19.086843976184408,-13.65023188325098,,0.9966461960755136,34.8743852605618,25.478634712761444,25.478634712761444,98.18093646606349
2026-01-03 22:00:00,NODE_01,2026-01-03,27.1,88.1,4.570876525813152,76.73873315472831,30.347787857055664,1719.0,18.105480752227813,0.0607254642652674,1.4533012930204148,0.857179256998753,0.0870927667957714,0,0,15.950088799885174,31.90017759977035,100.4644397953443,301.7397684812859,301.7397684812859,301.7397684812859,301.7397684812859,19.086843976184408,19.086843976184408,-10.137434613312053,,0.9966968330423962,34.214103997290685,25.601669491416786,25.601669491416786,100.13258897739814
2026-01-03 23:00:00,NODE_01,2026-01-03,27.1,88.1,8.662752887974326,89.1093290520461,30.347787857055664,1719.0,18.105480752227813,-0.0044761305123952,3.820822035291077,0.9061432547657664,0.6170665161178013,0,0,15.950088799885174,31.90017759977035,106.291845671399,310.4025213692602,310.4025213692602,310.4025213692602,310.4025213692602,19.086843976184408,19.086843976184408,-0.6657113032688926,,0.996788722212001,37.74474128567141,25.770323266336987,25.770323266336987,105.95051302834902
2026-01-04 00:00:00,NODE_01,2026-01-04,27.1,88.1,6.545679029725557,30.52918237724697,30.347787857055664,1719.0,18.105480752227813,0.0181327811125584,2.8007016015774173,0.2769044873778089,0.1138383934766014,0,0,15.950088799885174,31.90017759977035,108.04813343310197,311.57933086950715,316.94820039898576,316.94820039898576,316.94820039898576,19.086843976184408,19.086843976184408,0.3863666720972105,102.67926390362334,0.9968548335900468,38.628709122546255,25.94646553833985,25.94646553833985,107.70830407317004
2026-01-04 01:00:00,NODE_01,2026-01-04,27.1,88.1,10.29737079970568,61.58915007464946,30.347787857055664,1719.0,18.105480752227813,0.0649369251971898,1.2153773728868955,0.983521472715222,0.3452231428016921,0,0,15.950088799885174,31.90017759977035,116.86602533263785,318.80588409728153,327.24557119869144,327.24557119869144,327.24557119869144,19.086843976184408,19.086843976184408,10.863251819963608,108.42633823122792,0.9969535004041388,43.13177355387,26.17869943044161,26.17869943044161,116.50999303369206
2026-01-04 02:00:00,NODE_01,2026-01-04,27.1,88.1,0.6392763910639985,46.66235996417151,30.347787857055664,1719.0,18.105480752227813,-0.0151654230967974,9.585231182952588,0.1407115280487584,0.5074119387178089,0,0,15.950088799885174,31.90017759977035,115.39241488772672,316.6503969808464,327.88484758975545,327.88484758975545,327.88484758975545,19.086843976184408,19.086843976184408,9.888922259429023,104.15796427881769,0.9969594220976474,37.301283911853496,26.32700055686044,26.32700055686044,115.04155526092
2026-01-04 03:00:00,NODE_01,2026-01-04,27.1,88.1,1.1714817751572322,87.89400784702222,30.347787857055664,1719.0,18.105480752227813,0.0189863093470061,8.795068641080418,0.2020156684024899,0.8742225246851758,0,0,15.950088799885174,31.90017759977035,109.18078596434364,315.02706945934784,329.0563293649127,329.0563293649127,329.0563293649127,19.086843976184408,19.086843976184408,-1.4963241179889195,95.15152605877878,0.9969702141391314,32.8775731002327,26.413192300852177,26.413192300852177,108.84999156275036
2026-01-04 04:00:00,NODE_01,2026-01-04,27.1,88.1,1.96699695366372,78.9483246194996,30.347787857055664,1719.0,18.105480752227813,-0.0163440389839825,3.171109577847957,0.1842248392380261,0.4935465803401186,0,0,15.950088799885174,31.90017759977035,106.4707752913892,305.47777802667554,331.02332631857644,331.02332631857644,331.02332631857644,19.086843976184408,19.086843976184408,-0.7188441561168446,80.92522699948833,0.9969881634188542,29.912934088861515,26.458643492904248,26.458643492904248,106.15010271554364
2026-01-04 05:00:00,NODE_01,2026-01-04,27.1,88.1,0.496270251262873,78.68300932977965,30.347787857055664,1719.0,18.105480752227813,-0.0275474057232713,4.601332141890381,0.8939897100078704,0.7022587660316643,0,0,15.950088799885174,31.90017759977035,103.14296016855774,299.3518242387016,331.5195965698393,331.5195965698393,331.5195965698393,19.086843976184408,19.086843976184408,-3.212060627673665,70.97518783742001,0.9969926584468536,25.92226422679516,26.45176683564644,26.45176683564644,102.8327740585283
2026-01-04 06:00:00,NODE_01,2026-01-04,27.1,88.1,3.726903467435884,52.80852118564792,30.347787857055664,1719.0,18.105480752227813,0.0024192559142901,5.152906902653387,0.6542925523249619,0.9928168389990704,0,0,15.950088799885174,31.90017759977035,99.19932924662024,300.8902367530895,335.24650003727515,335.24650003727515,335.24650003727515,19.086843976184408,19.086843976184408,-12.43162092527406,64.8430659624346,0.9970259913489384,25.76082806021177,26.4430207751979,26.4430207751979,98.90430958326132
2026-01-04 07:00:00,NODE_01,2026-01-04,27.1,88.1,1.2861134161916044,49.037365163636565,30.347787857055664,1719.0,18.105480752227813,-0.0343771725669795,1.3100825491839625,0.1521042832222728,0.1314891198979816,0,0,15.950088799885174,31.90017759977035,98.80307155260162,296.6074536705264,336.53261345346675,336.53261345346675,336.53261345346675,19.086843976184408,19.086843976184408,-12.777412342887333,58.87791176966127,0.9970373233277564,23.18281726737161,26.40226823135007,26.40226823135007,98.51034999736672
2026-01-04 08:00:00,NODE_01,2026-01-04,27.1,88.1,11.307680442108271,39.13849503514944,30.347787857055664,1719.0,18.105480752227813,-0.0065457986384874,1.5545521309437986,0.440323418368349,0.2747315255195195,0,0,15.950088799885174,31.90017759977035,107.56875500287671,303.57108377488305,347.84029389557503,347.84029389557503,347.84029389557503,19.086843976184408,19.086843976184408,-0.6739779846750338,63.29954488218473,0.997133358681611,31.01307511937414,26.45919177317753,26.45919177317753,107.2603939652178
2026-01-04 09:00:00,NODE_01,2026-01-04,27.1,88.1,1.5260249559179586,23.946284765564897,30.347787857055664,1719.0,18.105480752227813,-0.0517477432266066,4.534267154688675,0.615298025069802,0.3945760755976464,0,0,15.950088799885174,31.90017759977035,104.54488228461254,304.8566805732582,349.366318851493,349.366318851493,349.366318851493,19.086843976184408,19.086843976184408,-0.231232892355635,60.03524400637772,0.9971458443743164,27.887138807385977,26.476605761399583,26.476605761399583,104.2464949207035
2026-01-04 10:00:00,NODE_01,2026-01-04,27.1,88.1,2.556688657136521,80.53056633785373,30.347787857055664,1719.0,18.105480752227813,-0.0094997193591189,1.1769930718881951,0.0834640849893832,0.4218281785388313,0,0,15.950088799885174,31.90017759977035,102.68567519499074,306.2763699784275,351.92300750862955,351.92300750862955,351.92300750862955,19.086843976184408,19.086843976184408,0.961724888250842,57.039037664788765,0.9971665208027688,26.2607566434146,26.474005169616632,26.474005169616632,102.39471747047207
2026-01-04 11:00:00,NODE_01,2026-01-04,27.1,88.1,6.8532913357011225,76.90307063910544,30.347787857055664,1719.0,18.105480752227813,0.022419514680793,4.495598444906259,0.8824163684073387,0.4110210752655457,0,0,15.950088799885174,31.90017759977035,108.91368957726982,308.509439924526,358.77629884433065,358.77629884433065,358.77629884433065,19.086843976184408,19.086843976184408,7.988572209026643,58.64683065746521,0.997220495059813,29.174934482603533,26.506159090009334,26.506159090009334,108.6109634390358
2026-01-04 12:00:00,NODE_01,2026-01-04,27.1,88.1,0.8347415640516511,89.98023713002914,30.347787857055664,1719.0,18.105480752227813,-0.0294381768103397,0.1130778557487846,0.8036035354415352,0.9076110025565548,0,0,15.950088799885174,31.90017759977035,107.44219182046712,298.62293805192417,359.6110404083823,359.6110404083823,359.6110404083823,19.086843976184408,19.086843976184408,6.8014435423884265,46.45408946400903,0.9972269290511252,25.63343587426465,26.4958917580594,26.4958917580594,107.14424699964636
2026-01-04 13:00:00,NODE_01,2026-01-04,27.1,88.1,0.4478706279232288,89.76457859517338,30.347787857055664,1719.0,18.105480752227813,0.0004645876265456,2.996168096589761,0.5052067735766382,0.7140326444668564,0,0,15.950088799885174,31.90017759977035,104.88710639583988,296.2526164829016,360.0589110363055,360.0589110363055,360.0589110363055,19.086843976184408,19.086843976184408,3.4089901588257305,41.08081184243596,0.9972303688693632,22.236291121048183,26.446361518094147,26.446361518094147,104.59660780076352
2026-01-04 14:00:00,NODE_01,2026-01-04,27.1,88.1,4.133019210101507,58.88021939218392,30.347787857055664,1719.0,18.105480752227813,0.0069671296810632,6.008919436856513,0.9671266152591704,0.6079052140907037,0,0,15.950088799885174,31.90017759977035,104.0408084335463,298.3698805396759,364.191930246407,364.191930246407,364.191930246407,19.086843976184408,19.086843976184408,0.5155821244335215,38.21875872681518,0.9972617138628302,23.03386666299246,26.40713743929988,26.40713743929988,103.7559149301128
2026-01-04 15:00:00,NODE_01,2026-01-04,27.1,88.1,4.411461147260795,73.82911906263574,30.347787857055664,1719.0,18.105480752227813,0.0226267445910667,5.619816454547806,0.4177609792750997,0.3093727178627821,0,0,15.950088799885174,31.90017759977035,104.04962132706486,298.9094672027147,368.60339139366783,368.60339139366783,368.60339139366783,19.086843976184408,19.086843976184408,2.9700113271841677,34.35569713611174,0.9972943971205748,23.990247810804384,26.37967278443061,26.37967278443061,103.76810437199926
2026-01-04 16:00:00,NODE_01,2026-01-04,27.1,88.1,6.6938023532612725,86.13360109176996,30.347787857055664,1719.0,18.105480752227813,-0.0066789920652607,11.54641369097078,0.9841103190364978,0.8237903842212947,0,0,15.950088799885174,31.90017759977035,107.4791562670836,303.7110852369363,375.2971937469291,375.2971937469291,375.2971937469291,19.086843976184408,19.086843976184408,13.12600777601007,35.89304775709076,0.9973425260230016,27.085512992445,26.3876035732847,26.3876035732847,107.19353320623406
2026-01-04 17:00:00,NODE_01,2026-01-04,27.1,88.1,5.478333785456636,79.47531734741881,30.347787857055664,1719.0,18.105480752227813,0.0542933170933902,1.3060283097737944,0.6679199988036271,0.9550605114849888,0,0,15.950088799885174,31.90017759977035,112.7200339518786,306.55208264273205,380.77552753238575,380.77552753238575,380.77552753238575,19.086843976184408,19.086843976184408,22.936909810257745,38.49658906222491,0.9973806597650104,28.50101982903488,26.411085976126373,26.411085976126373,112.42478183165905
2026-01-04 18:00:00,NODE_01,2026-01-04,27.1,88.1,4.55323477519722,37.31436712202384,30.347787857055664,1719.0,18.105480752227813,-0.1050459430725959,4.2952940909417725,0.6346712732539415,0.8211982825502265,0,1,15.950088799885174,31.90017759977035,113.8584824346929,307.648871502631,385.32876230758296,385.32876230758296,385.32876230758296,19.086843976184408,19.086843976184408,22.45870575403923,36.17859162974095,0.9974115310648192,28.77910162987687,26.437108126167583,26.437108126167583,113.56376328990387
2026-01-04 19:00:00,NODE_01,2026-01-04,27.1,88.1,1.726552875581422,51.53808947170655,30.347787857055664,1719.0,18.105480752227813,0.1468876423583886,9.886473124963176,0.165954895295785,0.0015651051914729,0,0,15.950088799885174,31.90017759977035,111.886216969241,308.30577358330885,387.0553151831644,387.0553151831644,387.0553151831644,19.086843976184408,19.086843976184408,20.172811087560348,33.13667536938546,0.9974230477953177,26.18878926097676,26.43440900806769,26.43440900806769,111.59789153574854
2026-01-04 20:00:00,NODE_01,2026-01-04,27.1,88.1,4.307818533487479,29.04115906060465,30.347787857055664,1719.0,18.105480752227813,-0.0435566882018758,5.966341172142785,0.881927758304644,0.636401370183407,0,0,15.950088799885174,31.90017759977035,97.10719152654409,305.7144134925736,391.3631337166519,391.3631337166519,391.3631337166519,19.086843976184408,19.086843976184408,-2.280892620108915,11.458471302465796,0.9974513405718638,26.568289405317728,26.435848582231664,26.435848582231664,96.85969836732014
2026-01-04 21:00:00,NODE_01,2026-01-04,27.1,88.1,4.538144287114992,86.78357190811056,30.347787857055664,1719.0,18.105480752227813,0.0201695011677038,9.043257024954713,0.4274896879206151,0.0511353814421007,0,0,15.950088799885174,31.90017759977035,98.7323860482941,309.40526619462946,395.9012780037668,395.9012780037668,395.9012780037668,19.086843976184408,19.086843976184408,0.221061916751907,12.236374239156731,0.9974804817837082,27.12119028163506,26.44313945137425,26.44313945137425,98.48362800310748
2026-01-04 22:00:00,NODE_01,2026-01-04,27.1,88.1,1.658035782217156,62.432224411561606,30.347787857055664,1719.0,18.105480752227813,-0.0469233955102924,1.1800480976006529,0.1622334057824793,0.2576072203337218,0,0,15.950088799885174,31.90017759977035,95.81954530469812,306.8858595086988,397.559313785984,397.559313785984,397.559313785984,19.086843976184408,19.086843976184408,-4.644894490646195,5.146091027412879,0.9974909631630464,24.711047521606957,26.424906904745125,26.424906904745125,95.57913053582848
2026-01-04 23:00:00,NODE_01,2026-01-04,27.1,88.1,13.6950458389387,36.00499638524239,30.347787857055664,1719.0,18.105480752227813,0.032213407975465,4.942771598692437,0.012607519975759,0.0595247003477716,0,0,15.950088799885174,31.90017759977035,100.85183825566249,314.10124090172934,411.2543596249227,411.2543596249227,411.2543596249227,19.086843976184408,19.086843976184408,-5.440007415736531,3.698719532469141,0.997574313099054,34.699436232304606,26.511099918573876,26.511099918573876,100.6072032726694
2026-01-05 00:00:00,NODE_01,2026-01-05,27.1,88.1,5.27085537372778,67.01904790840997,30.347787857055664,1719.0,18.105480752227813,0.0138284576297463,3.74561173581592,0.5597556836383826,0.6037954529493877,0,0,15.950088799885174,31.90017759977035,99.57701459966472,315.2869147937714,416.5252149986505,416.5252149986505,416.5252149986505,19.086843976184408,19.086843976184408,-8.47111883343726,3.707583924264284,0.9976049350696023,34.765376171186695,26.596195550044104,26.596195550044104,99.33852118412337
2026-01-05 01:00:00,NODE_01,2026-01-05,27.1,88.1,1.1964231275000443,63.26897683205271,30.347787857055664,1719.0,18.105480752227813,-0.0325356768672544,5.066606603284666,0.5273996221226763,0.6865899134926068,0,0,15.950088799885174,31.90017759977035,90.47606692745909,313.3448657727712,417.72163812615054,417.72163812615054,417.72163812615054,19.086843976184408,19.086843976184408,-26.38995840517876,-5.46101832451042,0.9976117785446312,30.746992873008733,26.638550624768232,26.638550624768232,90.25999004322554
2026-01-05 02:00:00,NODE_01,2026-01-05,27.1,88.1,6.720106725415162,45.071390262298834,30.347787857055664,1719.0,18.105480752227813,0.0536543672705156,1.9872775743750348,0.7193536223691586,0.1144876380659051,0,0,15.950088799885174,31.90017759977035,96.55689726181022,317.4528047778347,424.4417448515657,424.4417448515657,424.4417448515657,19.086843976184408,19.086843976184408,-18.83551762591651,0.8024077969882484,0.997649501930402,32.85505066747258,26.70134355449252,26.70134355449252,96.32994046118996
2026-01-05 03:00:00,NODE_01,2026-01-05,27.1,88.1,7.641764422101442,27.94903145397403,30.347787857055664,1719.0,18.105480752227813,-0.008198043980096,12.82789887434656,0.8902580530178021,0.3838388830449795,0,0,15.950088799885174,31.90017759977035,103.02717990875443,322.88507595543064,432.0835092736671,432.0835092736671,432.0835092736671,19.086843976184408,19.086843976184408,-6.153606055589208,7.858006496082794,0.9976909765008668,35.56855748945314,26.790015693842125,26.790015693842125,102.78928772929568
2026-01-05 04:00:00,NODE_01,2026-01-05,27.1,88.1,5.01518624374126,67.01012369149598,30.347787857055664,1719.0,18.105480752227813,0.0273607969028502,8.26594121229453,0.0794065846430295,0.456236508955542,0,0,15.950088799885174,31.90017759977035,106.075369198832,319.7357639377272,437.0986955174084,437.0986955174084,437.0986955174084,19.086843976184408,19.086843976184408,-0.3954060925572094,14.257985911051705,0.9977174093184208,35.24846010977643,26.87376266825732,26.87376266825732,105.83324254955367
2026-01-05 05:00:00,NODE_01,2026-01-05,27.1,88.1,2.763546948529523,56.421539063265534,30.347787857055664,1719.0,18.105480752227813,-0.0458579902598018,11.669261391824232,0.7314964903403623,0.3690530217609166,0,0,15.950088799885174,31.90017759977035,108.34264589609865,317.84062686088777,439.8622424659379,439.8622424659379,439.8622424659379,19.086843976184408,19.086843976184408,5.19968572754091,18.488802622186213,0.9977317177483684,32.72473804183949,26.931125171919888,26.931125171919888,108.09689419531772
2026-01-05 06:00:00,NODE_01,2026-01-05,27.1,88.1,1.5816842684378454,74.06228742149476,30.347787857055664,1719.0,18.105480752227813,-0.001544381778579,5.99692904977842,0.1874119440975822,0.121025000485193,0,0,15.950088799885174,31.90017759977035,106.1974266971006,317.0277061156152,441.4439267343757,441.4439267343757,441.4439267343757,19.086843976184408,19.086843976184408,6.998097450480344,16.13746936252565,0.9977398265868832,29.397711604001408,26.955072613008056,26.955072613008056,105.9574020967384
2026-01-05 07:00:00,NODE_01,2026-01-05,27.1,88.1,3.2560594311420585,56.41144507783954,30.347787857055664,1719.0,18.105480752227813,0.1001703633591052,2.2278209635240445,0.858177053157164,0.4189477901874754,0,0,15.950088799885174,31.90017759977035,108.16737271205103,318.5509281601416,444.6999861655178,444.6999861655178,444.6999861655178,19.086843976184408,19.086843976184408,9.364301159449424,21.9434744896152,0.9977563382745348,28.24411429454325,26.96746724456128,26.96746724456128,107.92468171795288
2026-01-05 08:00:00,NODE_01,2026-01-05,27.1,88.1,4.725927808959516,79.65270502229781,30.347787857055664,1719.0,18.105480752227813,0.0481482764557065,7.811945573786844,0.8190635138616561,0.7511780478084181,0,0,15.950088799885174,31.90017759977035,101.5856200789023,317.3971080693308,449.4259139744773,449.4259139744773,449.4259139744773,19.086843976184408,19.086843976184408,-5.9831349239744185,13.826024294447691,0.9977798790678444,28.73342495932128,26.98428588946376,26.98428588946376,101.36008771735912
2026-01-05 09:00:00,NODE_01,2026-01-05,27.1,88.1,3.542300220218787,58.63347871421399,30.347787857055664,1719.0,18.105480752227813,0.0153810377725525,12.932867921277005,0.5407937549855444,0.0710076645332554,0,0,15.950088799885174,31.90017759977035,103.60189534320313,312.9228928047839,452.96821419469615,452.96821419469615,452.96821419469615,19.086843976184408,19.086843976184408,-0.9429869414094156,8.066212231525668,0.9977972026042088,27.965711435641875,26.993544621031475,26.993544621031475,103.37368135794208
2026-01-05 10:00:00,NODE_01,2026-01-05,27.1,88.1,10.63865740261588,59.26565800747704,30.347787857055664,1719.0,18.105480752227813,-0.0224460413804897,5.989966267119053,0.7102427986233115,0.0801800140819034,0,0,15.950088799885174,31.90017759977035,111.68386408868248,316.0934895904131,463.606871597312,463.606871597312,463.606871597312,19.086843976184408,19.086843976184408,8.998188893691747,9.81711961198556,0.9978476426821626,34.40951212291147,27.06285272852568,27.06285272852568,111.44348050652684
2026-01-05 11:00:00,NODE_01,2026-01-05,27.1,88.1,5.94404856411905,81.36575218608415,30.347787857055664,1719.0,18.105480752227813,0.0033749267937504,1.7011195233799865,0.3143501131837484,0.3547712918359842,0,0,15.950088799885174,31.90017759977035,110.7746213171004,320.6134282626134,469.5509201614311,469.5509201614311,469.5509201614311,19.086843976184408,19.086843976184408,1.8609317398305905,12.103988338087376,0.9978748314854916,35.1921338685938,27.13812385019298,27.13812385019298,110.53920657967072
2026-01-05 12:00:00,NODE_01,2026-01-05,27.1,88.1,1.3924273981249038,48.24380063486779,30.347787857055664,1719.0,18.105480752227813,0.009878299508619,2.5727854129266965,0.4711678989328146,0.941725711618925,0,0,15.950088799885174,31.90017759977035,111.33230715117368,319.41524724971947,470.943347559556,470.943347559556,470.943347559556,19.086843976184408,19.086843976184408,3.890115330706536,20.792309197795305,0.9978811016085488,31.30574118642964,27.176358871626345,27.176358871626345,111.0964053046345
2026-01-05 13:00:00,NODE_01,2026-01-05,27.1,88.1,1.050388014751474,29.38106599154485,30.347787857055664,1719.0,18.105480752227813,0.0224614217459872,4.835396572291062,0.8216368977104717,0.668572646722914,0,0,15.950088799885174,31.90017759977035,111.9348245380019,318.3000471708559,471.9937355743074,471.9937355743074,471.9937355743074,19.086843976184408,19.086843976184408,7.04771814216204,22.047430687954275,0.9978858070947054,27.660268023216663,27.180758045731707,27.180758045731707,111.69817272610828
2026-01-05 14:00:00,NODE_01,2026-01-05,27.1,88.1,5.307722120676769,22.01478734193373,30.347787857055664,1719.0,18.105480752227813,-0.0538330254088832,14.20378389531188,0.4592651971732139,0.6786699566725648,0,0,15.950088799885174,31.90017759977035,113.10952744857715,320.6755621912362,477.3014576949842,477.3014576949842,477.3014576949842,19.086843976184408,19.086843976184408,9.068719015030863,22.30568165156033,0.997909268341311,28.81894994041093,27.19551653126936,27.19551653126936,112.87304577864109
2026-01-05 15:00:00,NODE_01,2026-01-05,27.1,88.1,2.8246855441686947,72.85960789715332,30.347787857055664,1719.0,18.105480752227813,0.0334203980471182,17.555850453545702,0.3577982653254418,0.3619199908378649,0,0,15.950088799885174,31.90017759977035,111.52275184548506,316.6519831724306,480.1261432391529,480.1261432391529,480.1261432391529,19.086843976184408,19.086843976184408,7.473130518420206,17.742515969715896,0.9979215430006204,27.320792993517987,27.196635071110865,27.196635071110865,111.29095660132172
2026-01-05 16:00:00,NODE_01,2026-01-05,27.1,88.1,6.36086651143484,63.42166859474253,30.347787857055664,1719.0,18.105480752227813,-0.0544796549147326,1.864576477010374,0.4942124472502999,0.5936607912085384,0,0,15.950088799885174,31.90017759977035,111.18981600365863,313.02212076181576,486.4870097505877,486.4870097505877,486.4870097505877,19.086843976184408,19.086843976184408,3.710659736575039,9.3110355248795,0.9979486632874348,29.58354055592513,27.2177581284986,27.2177581284986,110.96172825202696
2026-01-05 17:00:00,NODE_01,2026-01-05,27.1,88.1,5.268321410612267,69.28558376694565,30.347787857055664,1719.0,18.105480752227813,0.0815562926140936,6.397027712262756,0.8282492524372184,0.0101311840277433,0,0,15.950088799885174,31.90017759977035,110.97980362881428,313.4829617223137,491.7553311612,491.7553311612,491.7553311612,19.086843976184408,19.086843976184408,-1.740230323064324,6.930879079581644,0.9979705952695764,30.414330883148622,27.245798240381497,27.245798240381497,110.75458069034846
2026-01-05 18:00:00,NODE_01,2026-01-05,27.1,88.1,3.2692716643351947,34.90749130562375,30.347787857055664,1719.0,18.105480752227813,-0.0385814161208439,2.539758776981868,0.3352080473708727,0.6360960464095422,0,0,15.950088799885174,31.90017759977035,109.69584051795223,314.9540996332988,495.0246028255352,495.0246028255352,495.0246028255352,19.086843976184408,19.086843976184408,-4.162641916740668,7.3052281306678,0.9979839709677631,29.121452915011524,27.26210828103045,27.26210828103045,109.47469051875242
2026-01-05 19:00:00,NODE_01,2026-01-05,27.1,88.1,1.4106721879256066,29.546003291073884,30.347787857055664,1719.0,18.105480752227813,0.0148314159838087,1.0312749632542388,0.1737615931357438,0.9132869475762369,0,0,15.950088799885174,31.90017759977035,109.37995983029644,312.97958268121806,496.4352750134608,496.4352750134608,496.4352750134608,19.086843976184408,19.086843976184408,-2.5062571389445765,4.673809097909256,0.9979896882062236,26.1639071656854,27.2526410300361,27.2526410300361,109.1600720070468
2026-01-05 20:00:00,NODE_01,2026-01-05,27.1,88.1,0.5285017713869459,21.01812659675173,30.347787857055664,1719.0,18.105480752227813,0.0502571286639009,7.644500493848349,0.7120140203307808,0.6125734683448192,0,0,15.950088799885174,31.90017759977035,105.6006430681959,302.095918741393,496.96377678484777,496.96377678484777,496.96377678484777,19.086843976184408,19.086843976184408,8.493451541651808,-3.61849475118062,0.9979918218018656,22.767822862219536,27.214309250823995,27.214309250823995,105.38857815907735
2026-01-05 21:00:00,NODE_01,2026-01-05,27.1,88.1,4.2405886277737,44.54112911646179,30.347787857055664,1719.0,18.105480752227813,-0.0126190021732224,5.334329407947254,0.8259782127080818,0.873698593466345,0,0,15.950088799885174,31.90017759977035,105.3030874088546,302.5467975886909,501.2043654126214,501.2043654126214,501.2043654126214,19.086843976184408,19.086843976184408,6.570701360560506,-6.858468605938569,0.9980087787584674,23.593238060660305,27.183622206839555,27.183622206839555,105.09340566440711
2026-01-05 22:00:00,NODE_01,2026-01-05,27.1,88.1,0.8163420387371121,61.29423807982432,30.347787857055664,1719.0,18.105480752227813,0.0170300009549929,5.636345917482426,0.1006374785235333,0.7239730554660938,0,0,15.950088799885174,31.90017759977035,104.46139366537456,300.745378765417,502.0207074513586,502.0207074513586,502.0207074513586,19.086843976184408,19.086843976184408,8.641848360676448,-6.140480743281799,0.9980120102707766,20.87059439029837,27.13057155291904,27.13057155291904,104.25372548766742
2026-01-05 23:00:00,NODE_01,2026-01-05,27.1,88.1,1.3461503469612122,47.45708315698126,30.347787857055664,1719.0,18.105480752227813,0.0717590774595026,3.9911696930633007,0.2398741127559447,0.1205584164036902,0,0,15.950088799885174,31.90017759977035,92.11249817339709,299.25618210045855,503.36685779831976,503.36685779831976,503.36685779831976,19.086843976184408,19.086843976184408,-8.7393400822654,-14.845058801270824,0.9980173161964582,19.08615557871483,27.063534753134004,27.063534753134004,91.9298682151649
2026-01-06 00:00:00,NODE_01,2026-01-06,27.1,88.1,4.02213137947476,50.62324454166104,30.347787857055664,1719.0,18.105480752227813,0.0282201493946633,6.107823733406305,0.1419719897609939,0.9024533072858416,0,0,15.950088799885174,31.90017759977035,90.86377417914406,298.48892221191073,507.38898917779454,507.38898917779454,507.38898917779454,19.086843976184408,19.086843976184408,-8.713240420520648,-16.797992581860697,0.9980330022457464,20.245363621382367,27.00718623138399,27.00718623138399,90.68504533939068
2026-01-06 01:00:00,NODE_01,2026-01-06,27.1,88.1,3.6920263486398697,83.29110861456239,30.347787857055664,1719.0,18.105480752227813,0.0177775314837176,5.912327254627033,0.3479414115821666,0.0664438443557748,0,0,15.950088799885174,31.90017759977035,93.35937740028386,300.7014696603808,511.0810155264344,511.0810155264344,511.0810155264344,19.086843976184408,19.086843976184408,2.883310472824789,-12.643396112390365,0.9980471840008128,20.90058542681488,26.957132126428505,26.957132126428505,93.17706371442245
2026-01-06 02:00:00,NODE_01,2026-01-06,27.1,88.1,0.949134847161082,44.37788269163102,30.347787857055664,1719.0,18.105480752227813,-0.0842392697410231,9.301288333559992,0.4503509789054126,0.5339674725477638,0,0,15.950088799885174,31.90017759977035,87.5884055220298,299.5377176715667,512.0301503735955,512.0301503735955,512.0301503735955,19.086843976184408,19.086843976184408,-8.968491739780418,-17.915087106267904,0.9980507968210606,18.714632459953734,26.890119934018145,26.890119934018145,87.41767792354803
2026-01-06 03:00:00,NODE_01,2026-01-06,27.1,88.1,8.313173746050346,55.97926424118676,30.347787857055664,1719.0,18.105480752227813,-0.0466861126370111,1.9601284011077325,0.7488263369633065,0.1421371237934576,0,0,15.950088799885174,31.90017759977035,88.2598148459787,300.4677807190768,520.3433241196458,520.3433241196458,520.3433241196458,19.086843976184408,19.086843976184408,-14.767365062775738,-22.417295236353866,0.9980818781909432,24.22061133701102,26.868591638880982,26.868591638880982,88.09052177025931
2026-01-06 04:00:00,NODE_01,2026-01-06,27.1,88.1,8.145589594305203,74.85571089188001,30.347787857055664,1719.0,18.105480752227813,0.0523460063825006,9.65489981163942,0.6511475848816741,0.011706610730904,0,0,15.950088799885174,31.90017759977035,91.39021819654263,303.9363626867638,528.488913713951,528.488913713951,528.488913713951,19.086843976184408,19.086843976184408,-14.68515100228936,-15.799401250963411,0.9981113863310456,28.733109230764573,26.883507779616057,26.883507779616057,91.21761738124792
2026-01-06 05:00:00,NODE_01,2026-01-06,27.1,88.1,5.448220175009984,47.75799476248891,30.347787857055664,1719.0,18.105480752227813,0.0284975152670691,8.613408194100119,0.6209285674784312,0.422034260127639,0,0,15.950088799885174,31.90017759977035,94.07489142302308,305.56049748767947,533.9371338889611,533.9371338889611,533.9371338889611,19.086843976184408,19.086843976184408,-14.267754473075556,-12.280129373208313,0.9981306214568988,29.87136302115987,26.907220916453703,26.907220916453703,93.89902983955233
2026-01-06 06:00:00,NODE_01,2026-01-06,27.1,88.1,5.442784581479744,63.54606901595115,30.347787857055664,1719.0,18.105480752227813,0.0360733136892537,6.223038585985395,0.3523749466096544,0.2950407076541562,0,0,15.950088799885174,31.90017759977035,97.935991736065,303.3327476797859,539.3799184704408,539.3799184704408,539.3799184704408,19.086843976184408,19.086843976184408,-8.261434961035604,-13.69495843582932,0.998149450107564,30.83344314946563,26.938136052146717,26.938136052146717,97.7547562970922
2026-01-06 07:00:00,NODE_01,2026-01-06,27.1,88.1,5.448274226854935,80.36545961227216,30.347787857055664,1719.0,18.105480752227813,0.0317698466107448,4.798856876912327,0.8414475530847599,0.486000493797603,0,0,15.950088799885174,31.90017759977035,100.12820653177786,307.09865079643055,544.8281926972957,544.8281926972957,544.8281926972957,19.086843976184408,19.086843976184408,-8.039166180273185,-11.45227736371109,0.9981679216768587,31.65670090390072,26.97499984005104,26.97499984005104,99.944763815056
2026-01-06 08:00:00,NODE_01,2026-01-06,27.1,88.1,7.59075487827732,86.46644365603495,30.347787857055664,1719.0,18.105480752227813,0.0644878264187687,4.270693530139699,0.4712871673981645,0.5771998867345508,0,0,15.950088799885174,31.90017759977035,102.99303360109568,312.1474086828747,552.418947575573,552.418947575573,552.418947575573,19.086843976184408,19.086843976184408,1.40741352219338,-5.249699386456072,0.9981930506637317,34.49895064659293,27.033325040101754,27.033325040101754,102.80693040738991
2026-01-06 09:00:00,NODE_01,2026-01-06,27.1,88.1,6.06349161909179,30.295143665032658,30.347787857055664,1719.0,18.105480752227813,-0.0130699962477561,4.305315364978874,0.9791049380151544,0.0437390723089473,0,0,15.950088799885174,31.90017759977035,105.51422499996868,313.66100262778434,558.4824391946648,558.4824391946648,558.4824391946648,19.086843976184408,19.086843976184408,1.91232965676555,0.7381098230004994,0.9982126338023416,35.38759966869578,27.097588691090937,27.097588691090937,105.3256324408316
2026-01-06 10:00:00,NODE_01,2026-01-06,27.1,88.1,1.5455370176550876,84.86113376130461,30.347787857055664,1719.0,18.105480752227813,0.006024997939465,4.799592847447256,0.6341421382957368,0.1230032951237456,0,0,15.950088799885174,31.90017759977035,96.42110461500788,310.79064389868114,560.0279762123199,560.0279762123199,560.0279762123199,19.086843976184408,19.086843976184408,-15.262759473674592,-5.302845691732003,0.9982175576933768,31.624996736046494,27.132149057846327,27.132149057846327,96.24923955889076
2026-01-06 11:00:00,NODE_01,2026-01-06,27.1,88.1,2.787336806718012,54.44814051556767,30.347787857055664,1719.0,18.105480752227813,-0.0514337166564542,0.7331126492467146,0.1262647415645027,0.5586423964504253,0,0,15.950088799885174,31.90017759977035,93.26439285760684,312.9527037519771,562.815313019038,562.815313019038,562.815313019038,19.086843976184408,19.086843976184408,-17.51022845949356,-7.660724510636328,0.9982263695630306,29.668584032357536,27.15136447431989,27.15136447431989,93.09897629174912
2026-01-06 12:00:00,NODE_01,2026-01-06,27.1,88.1,17.633684556216828,38.07710718092709,30.347787857055664,1719.0,18.105480752227813,-0.0639011291718188,23.33112359340039,0.676177562075434,0.3431673531726582,0,0,15.950088799885174,31.90017759977035,109.50565001569878,328.28014898733954,580.4489975752547,580.4489975752547,580.4489975752547,19.086843976184408,19.086843976184408,-1.826657135474889,8.864901737620073,0.9982801586997824,42.851980983720736,27.26941422251088,27.26941422251088,109.31731767619462
2026-01-06 13:00:00,NODE_01,2026-01-06,27.1,88.1,0.2663149151579972,52.13950293667829,30.347787857055664,1719.0,18.105480752227813,-0.0821870357794029,11.02574120469343,0.325104015431699,0.729173487549448,0,0,15.950088799885174,31.90017759977035,108.72157691610528,325.54350784994705,580.7153124904128,580.7153124904128,580.7153124904128,19.086843976184408,19.086843976184408,-3.2132476218966133,7.243460679091157,0.9982809460598194,36.69049875132063,27.339720823472145,27.339720823472145,108.534678660925
2026-01-06 14:00:00,NODE_01,2026-01-06,27.1,88.1,2.1826732636836184,88.6022802699834,30.347787857055664,1719.0,18.105480752227813,-0.0442581749499923,17.682643478824073,0.6863271966860974,0.6522916485919397,0,0,15.950088799885174,31.90017759977035,105.59652805911216,322.74686394123563,582.8979857540963,582.8979857540963,582.8979857540963,19.086843976184408,19.086843976184408,-7.512999389465023,2.071301749999364,0.9982873720677276,33.36959720230615,27.384386574426472,27.384386574426472,105.41568049560712
2026-01-06 15:00:00,NODE_01,2026-01-06,27.1,88.1,8.347250438262106,54.48326657950087,30.347787857055664,1719.0,18.105480752227813,0.0776280907744821,7.912376470600708,0.0696411481624057,0.8456043629899068,0,0,15.950088799885174,31.90017759977035,111.11909295320557,326.6914661257555,591.2452361923584,591.2452361923584,591.2452361923584,19.086843976184408,19.086843976184408,-0.4036588922794948,10.039482953324878,0.9983115102682308,36.71140806022233,27.452967614763203,27.452967614763203,110.93146950575056
2026-01-06 16:00:00,NODE_01,2026-01-06,27.1,88.1,1.656161285851518,43.01261272012557,30.347787857055664,1719.0,18.105480752227813,-0.0776363533908018,2.461092032425769,0.1748814371759594,0.6924928266692253,0,0,15.950088799885174,31.90017759977035,106.41438772762224,325.0833599983645,592.90139747821,592.90139747821,592.90139747821,19.086843976184408,19.086843976184408,-4.7754282760363935,12.061239236548715,0.9983162188130116,32.8608581370405,27.492441268210488,27.492441268210488,106.23520918354156
2026-01-06 17:00:00,NODE_01,2026-01-06,27.1,88.1,6.196289402174635,64.3380598021708,30.347787857055664,1719.0,18.105480752227813,-0.0151767992788598,7.051999872437181,0.8557372589057863,0.4299310773901481,0,0,15.950088799885174,31.90017759977035,107.3423557191846,331.04219329987745,599.0976868803846,599.0976868803846,599.0976868803846,19.086843976184408,19.086843976184408,-3.637447909629657,17.559231577563764,0.9983336046416068,34.12801881865906,27.54052516350359,27.54052516350359,107.16348091585516
2026-01-06 18:00:00,NODE_01,2026-01-06,27.1,88.1,3.6497561672232033,36.81019331447352,30.347787857055664,1719.0,18.105480752227813,-0.0646572661823078,9.239103300499384,0.2271795570235149,0.6729666223944324,0,0,15.950088799885174,31.90017759977035,107.72284022207262,331.27716317471777,602.7474430476078,602.7474430476078,602.7474430476078,19.086843976184408,19.086843976184408,-1.973000295879615,16.323063541418946,0.9983436782854894,32.658572163083406,27.57734564551496,27.57734564551496,107.54441654266404
2026-01-06 19:00:00,NODE_01,2026-01-06,27.1,88.1,1.7846970178130754,25.310432967606477,30.347787857055664,1719.0,18.105480752227813,-0.030048698150168,1.698712555617259,0.83704112524294,0.2753811742554185,0,0,15.950088799885174,31.90017759977035,108.09686505196008,329.36304185149754,604.5321400654209,604.5321400654209,604.5321400654209,19.086843976184408,19.086843976184408,-1.2830947783363484,16.383459170279423,0.9983485599956892,29.54448335643397,27.59139662916438,27.59139662916438,107.91834956467268
2026-01-06 20:00:00,NODE_01,2026-01-06,27.1,88.1,4.139613053489343,29.02158053374545,30.347787857055664,1719.0,18.105480752227813,0.0084846896176009,12.736309495197323,0.2792760884544104,0.3063134987782127,0,0,15.950088799885174,31.90017759977035,111.70797633406248,314.4158109288025,608.6717531189103,608.6717531189103,608.6717531189103,17.633684556216828,19.086843976184408,6.107333265866586,12.31989218740948,0.9983597731158048,29.25242390645822,27.603176964464332,27.603176964464332,111.52474990810032
2026-01-06 21:00:00,NODE_01,2026-01-06,27.1,88.1,1.5088229906909882,28.96320872704407,30.347787857055664,1719.0,18.105480752227813,-0.0350057936602504,3.067902874741418,0.6428819100587077,0.7889851599207933,0,0,15.950088799885174,31.90017759977035,108.97621069697976,313.0116841541285,610.1805761096012,610.1805761096012,610.1805761096012,17.633684556216828,19.086843976184408,3.6731232881251534,10.464886565437569,0.998363822347946,26.373383311180472,27.59451644577924,27.59451644577924,108.79790625643184
2026-01-06 22:00:00,NODE_01,2026-01-06,27.1,88.1,3.141220510564043,30.633188545860605,30.347787857055664,1719.0,18.105480752227813,0.054483243250823,8.518766300659557,0.694150573509831,0.4464195164015822,0,0,15.950088799885174,31.90017759977035,111.3010891688067,311.58202813887937,613.3217966201653,613.3217966201653,613.3217966201653,17.633684556216828,19.086843976184408,6.839695503432139,10.836649373462391,0.998372188638753,25.558596325067445,27.58027924213789,27.58027924213789,111.11991199133855
2026-01-06 23:00:00,NODE_01,2026-01-06,27.1,88.1,5.404605197629791,29.71790208545871,30.347787857055664,1719.0,18.105480752227813,0.0766989060424783,14.12123714682663,0.5126547531450529,0.7983803405183525,0,0,15.950088799885174,31.90017759977035,115.35954401947528,308.32388044853485,618.726401817795,618.726401817795,618.726401817795,17.633684556216828,19.086843976184408,23.24704584607821,9.067698348076275,0.998386384706111,27.12941207393712,27.5771482201365,27.5771482201365,115.1733980949494
2026-01-07 00:00:00,NODE_01,2026-01-07,27.1,88.1,7.121652305707361,64.86123213622503,30.347787857055664,1719.0,18.105480752227813,-0.1124547864027969,5.9736698591303,0.3053106766967313,0.8224223736682784,0,0,15.950088799885174,31.90017759977035,118.45906494570788,308.8998537245167,625.8480541235024,625.8480541235024,625.8480541235024,17.633684556216828,19.086843976184408,27.59529076656382,10.410931512605911,0.998404717070713,30.18165256855391,27.595110319091106,27.595110319091106,118.27008922158068
2026-01-07 01:00:00,NODE_01,2026-01-07,27.1,88.1,2.1755534994368126,32.731605907940136,30.347787857055664,1719.0,18.105480752227813,-0.0341496165175561,14.196452964853684,0.2126443763710961,0.8575623376612838,1,0,15.950088799885174,31.90017759977035,116.94259209650482,300.7780364242478,628.0236076229393,628.0236076229393,628.0236076229393,17.633684556216828,19.086843976184408,23.583214696220963,0.0765667638669924,0.9984102345478272,27.829958182707635,27.596718866102176,27.596718866102176,116.75668080370228
2026-01-07 02:00:00,NODE_01,2026-01-07,27.1,88.1,1.781123727418862,44.19670983267042,30.347787857055664,1719.0,18.105480752227813,0.0029571061136211,0.7873282567312475,0.0331893545624262,0.9166352358412072,0,0,15.950088799885174,31.90017759977035,117.7745809767626,301.91988376060266,629.8047313503581,629.8047313503581,629.8047313503581,17.633684556216828,19.086843976184408,30.186175454732805,2.382166089035877,0.998414723367944,25.436588182720357,27.58202409954856,27.58202409954856,117.58787568568998
2026-01-07 03:00:00,NODE_01,2026-01-07,27.1,88.1,0.7978874962050699,82.77518869342083,30.347787857055664,1719.0,18.105480752227813,0.056305851300769,1.3330426137256617,0.3039464012407238,0.4309852205132962,0,0,15.950088799885174,31.90017759977035,110.25929472691732,301.5462894816505,630.6026188465631,630.6026188465631,630.6026188465631,17.633684556216828,19.086843976184408,21.99947988093864,1.0785087625736909,0.9984167260075232,22.41898745151737,27.54713871679159,27.54713871679159,110.08472405314735
2026-01-07 04:00:00,NODE_01,2026-01-07,27.1,88.1,7.39622879709362,53.177314818401065,30.347787857055664,1719.0,18.105480752227813,-0.0227122137576631,1.951562593143758,0.653162790531283,0.3188668183211388,0,0,15.950088799885174,31.90017759977035,109.50993392970577,306.9755213250804,637.9988476436567,637.9988476436567,637.9988476436567,17.633684556216828,19.086843976184408,18.11971573316312,3.0391586383165503,0.9984350519508954,26.452368130883382,27.539791263194893,27.539791263194893,109.33855657224488
2026-01-07 05:00:00,NODE_01,2026-01-07,27.1,88.1,15.863260680085576,66.7290416964719,30.347787857055664,1719.0,18.105480752227813,-0.0009967697622905,0.502425062255965,0.9383048184484828,0.5821987465941139,0,0,15.950088799885174,31.90017759977035,119.92497443478136,322.34251175390307,653.8621083237424,653.8621083237424,653.8621083237424,17.633684556216828,19.086843976184408,25.850083011758255,16.782014266223612,0.998472960967982,38.347773591336455,27.611844478715835,27.611844478715835,119.74184431790566
2026-01-07 06:00:00,NODE_01,2026-01-07,27.1,88.1,8.02477101734377,32.06239098411409,30.347787857055664,1719.0,18.105480752227813,-0.0578372112525974,14.218099016027043,0.871204482263052,0.3711724234376276,0,0,15.950088799885174,31.90017759977035,122.50696087064536,326.64037930381096,661.8868793410861,661.8868793410861,661.8868793410861,17.633684556216828,19.086843976184408,24.57096913458038,23.30763162402512,0.9984914469856546,40.62037856997976,27.697993711108317,27.697993711108317,122.32215262554568
2026-01-07 07:00:00,NODE_01,2026-01-07,27.1,88.1,9.419506344261178,33.46023131660695,30.347787857055664,1719.0,18.105480752227813,-0.0766397926131172,11.7389166546397,0.7660647765353026,0.601074166800233,0,0,15.950088799885174,31.90017759977035,126.47819298805162,334.77377223188057,671.3063856853473,671.3063856853473,671.3063856853473,17.633684556216828,19.086843976184408,26.349986456273754,27.675121435449995,0.9985125829215789,43.94682812874398,27.804893937540125,27.804893937540125,126.29006716375336
2026-01-07 08:00:00,NODE_01,2026-01-07,27.1,88.1,1.6712283775664385,22.86080313865352,30.347787857055664,1719.0,18.105480752227813,0.0722692344791466,2.602998165875981,0.7884473432532987,0.7055858626438246,0,0,15.950088799885174,31.90017759977035,120.55866648734072,325.1373201673387,672.9776140629137,672.9776140629137,672.9776140629137,17.633684556216828,19.086843976184408,17.565632886245055,12.989911484464017,0.998516271194867,39.02603228699882,27.878234711066,27.878234711066,120.37979012116504
2026-01-07 09:00:00,NODE_01,2026-01-07,27.1,88.1,5.144107967673095,31.82545441505152,30.347787857055664,1719.0,18.105480752227813,-0.0912034936946468,22.259570548589902,0.6649849034759953,0.6884050184921369,0,0,15.950088799885174,31.90017759977035,119.63928283592205,328.75540317909383,678.1217220305869,678.1217220305869,678.1217220305869,17.633684556216828,19.086843976184408,14.125057835953356,15.09440055130949,0.9985275099182368,38.31623541162209,27.946013936394287,27.946013936394287,119.46311517855688
2026-01-07 10:00:00,NODE_01,2026-01-07,27.1,88.1,6.657975201862413,39.501323732237104,30.347787857055664,1719.0,18.105480752227813,0.1164309504210783,3.5010032668425723,0.260286857566003,0.3745528870201213,0,0,15.950088799885174,31.90017759977035,124.75172102012937,332.8566897238197,684.7796972324493,684.7796972324493,684.7796972324493,17.633684556216828,19.086843976184408,28.33061640512146,22.066045825138616,0.9985418057664356,39.22677530174119,28.01879304197717,28.01879304197717,124.56980877991056
2026-01-07 11:00:00,NODE_01,2026-01-07,27.1,88.1,1.119394573066841,32.39073389937228,30.347787857055664,1719.0,18.105480752227813,0.036257569969087,18.21226637492325,0.90719503070583,0.1668602016987528,0,0,15.950088799885174,31.90017759977035,123.0837787864782,327.12279296118544,685.8990918055162,685.8990918055162,685.8990918055162,17.633684556216828,19.086843976184408,29.81938592887134,14.17008920920837,0.9985441820903104,34.46215357954685,28.06009663516672,28.06009663516672,122.90459121692857
2026-01-07 12:00:00,NODE_01,2026-01-07,27.1,88.1,0.1987100637402733,26.20917736299389,30.347787857055664,1719.0,18.105480752227813,0.0339986537758377,18.48455380315224,0.670732311905834,0.4305293384622075,0,0,15.950088799885174,31.90017759977035,105.64880429400164,326.4867614608741,686.0978018692564,686.0978018692564,686.0978018692564,17.633684556216828,19.086843976184408,-3.856845721697141,-1.7933875264654944,0.9985446031157726,29.49154060635509,28.069214112690208,28.069214112690208,105.4950433534098
2026-01-07 13:00:00,NODE_01,2026-01-07,27.1,88.1,0.7512915293885526,28.444510977042057,30.347787857055664,1719.0,18.105480752227813,0.0287734333747215,2.4542977860212973,0.56044063098044,0.1425941440819087,0,0,15.950088799885174,31.90017759977035,106.1337809082322,326.7901823623394,686.8490933986449,686.8490933986449,686.8490933986449,17.633684556216828,19.086843976184408,-2.587796007873095,1.2466745123923315,0.9985461927483846,25.819101044790383,28.05497289074148,28.05497289074148,105.97948284790644
2026-01-07 14:00:00,NODE_01,2026-01-07,27.1,88.1,3.100168944917224,52.254513762290806,30.347787857055664,1719.0,18.105480752227813,-0.0126342844000481,9.234986534333098,0.110989469213481,0.8900970351838083,0,0,15.950088799885174,31.90017759977035,107.0512765894658,325.75733209715514,689.9492623435622,689.9492623435622,689.9492623435622,17.633684556216828,19.086843976184408,1.4547485303536405,3.010468155919483,0.9985527157282024,25.046404832989047,28.036051079057497,28.036051079057497,106.896342960582
2026-01-07 15:00:00,NODE_01,2026-01-07,27.1,88.1,2.197530024148754,34.44336028840547,30.347787857055664,1719.0,18.105480752227813,0.0196042264850434,11.338821510055109,0.4470555438064254,0.3458774607378574,0,0,15.950088799885174,31.90017759977035,100.90155617535244,323.54340097404304,692.1467923677109,692.1467923677109,692.1467923677109,17.633684556216828,19.086843976184408,-10.217536777853129,-3.148065151712416,0.9985573041511392,23.486974132189445,28.007619348139578,28.007619348139578,100.75598591911468
2026-01-07 16:00:00,NODE_01,2026-01-07,27.1,88.1,4.983108147709846,45.49889027336528,30.347787857055664,1719.0,18.105480752227813,-0.0094448343892237,2.386040188916887,0.4603582712019263,0.1544597472233237,0,0,15.950088799885174,31.90017759977035,104.22850303721076,321.8327067684916,697.1299005154208,697.1299005154208,697.1299005154208,17.633684556216828,19.086843976184408,-2.18588469041147,-3.250653229872825,0.9985676018184272,24.947036160070876,27.98860951467331,27.98860951467331,104.0792063189922
2026-01-07 17:00:00,NODE_01,2026-01-07,27.1,88.1,7.352964282454311,55.23920895983999,30.347787857055664,1719.0,18.105480752227813,0.0276536638220239,0.0139519936285295,0.86456360952267,0.0254477599057508,0,0,15.950088799885174,31.90017759977035,105.38517791749044,323.7073372654893,704.4828647978751,704.4828647978751,704.4828647978751,17.633684556216828,19.086843976184408,-1.957177801694172,-7.334856034388153,0.9985825311288228,28.557945018514552,27.99212393136369,27.99212393136369,105.23579770830892
2026-01-07 18:00:00,NODE_01,2026-01-07,27.1,88.1,2.884098024242117,68.32763800405557,30.347787857055664,1719.0,18.105480752227813,-0.0016843263454358,9.052913235866006,0.5466482201877885,0.6458223862864843,0,1,15.950088799885174,31.90017759977035,104.61951977450936,322.0382005145342,707.3669628221172,707.3669628221172,707.3669628221172,17.633684556216828,19.086843976184408,-3.103320447563263,-9.238962660183546,0.9985883023171832,27.158351289979485,27.987008761784644,27.987008761784644,104.47182864086626
2026-01-07 19:00:00,NODE_01,2026-01-07,27.1,88.1,3.7010591875861736,22.751849788876925,30.347787857055664,1719.0,18.105480752227813,-0.0475174091550867,1.8892376185092257,0.3804005489704096,0.6369023174547432,0,0,15.950088799885174,31.90017759977035,106.53588194428244,324.01270682653893,711.0680220097033,711.0680220097033,711.0680220097033,17.633684556216828,19.086843976184408,-1.5609831076776288,-5.350335024958554,0.99859563978568,26.785657784068736,27.979683450944908,27.979683450944908,106.3862671902824
2026-01-07 20:00:00,NODE_01,2026-01-07,27.1,88.1,0.2491757066616644,75.95872792363298,30.347787857055664,1719.0,18.105480752227813,-0.0435286308130878,4.106398809615221,0.9768003285106592,0.3406041665812916,0,0,15.950088799885174,31.90017759977035,102.64544459745478,319.9540639997131,711.3171977163651,711.3171977163651,711.3171977163651,17.633684556216828,19.086843976184408,-9.062531736607696,5.538253070910699,0.9985961310449812,23.016984823120087,27.94960648956416,27.94960648956416,102.50134384441031
2026-01-07 21:00:00,NODE_01,2026-01-07,27.1,88.1,9.505216212829795,63.95302726436354,30.347787857055664,1719.0,18.105480752227813,-0.0492136187646251,5.535897845558334,0.1107205933263156,0.071711888847651,0,0,15.950088799885174,31.90017759977035,110.6418378195936,324.921135925428,720.8224139291948,720.8224139291948,720.8224139291948,17.633684556216828,19.086843976184408,1.6656271226138273,11.909451771299487,0.9986146176944596,29.06965331248187,27.95635375958173,27.95635375958173,110.48855657522586
2026-01-07 22:00:00,NODE_01,2026-01-07,27.1,88.1,6.230736865158805,25.723132236421037,30.347787857055664,1719.0,18.105480752227813,0.0485450365967154,7.628394500666437,0.4225484283119446,0.409628894895232,0,0,15.950088799885174,31.90017759977035,113.73135417418835,329.4938370083696,727.0531507943537,727.0531507943537,727.0531507943537,17.633684556216828,19.086843976184408,2.4302650053816564,17.911808869490244,0.9986264739065974,30.93994218076839,27.974219558510995,27.974219558510995,113.5751411915921
2026-01-07 23:00:00,NODE_01,2026-01-07,27.1,88.1,3.735050770047067,81.15050368747441,30.347787857055664,1719.0,18.105480752227813,-0.0308723306229549,3.3132798107713075,0.0420246751714052,0.3112174950633936,0,0,15.950088799885174,31.90017759977035,112.06179974660564,319.53384193947795,730.7882015644007,730.7882015644007,730.7882015644007,17.633684556216828,19.086843976184408,-3.29774427286965,11.209961490943158,0.9986334843908904,30.0340016237002,27.98648016604188,27.98648016604188,111.90866554806698
2026-01-08 00:00:00,NODE_01,2026-01-08,27.1,88.1,2.148554500523045,84.46106803722692,30.347787857055664,1719.0,18.105480752227813,-0.095605158054243,5.89092718436084,0.7399041207669304,0.6771206397350094,0,0,15.950088799885174,31.90017759977035,107.0887019414213,316.41154106627323,727.5678865354452,732.9367560649238,732.9367560649238,17.633684556216828,19.086843976184408,-11.370363004286574,7.511687341756598,0.9986374847808936,27.67745588066821,28.119269370513248,27.98465161997458,106.94279195523175
2026-01-08 01:00:00,NODE_01,2026-01-08,27.1,88.1,4.216712643198388,24.275457189840463,30.347787857055664,1719.0,18.105480752227813,0.0198419332924402,11.99724996879504,0.9180765521991506,0.6057792494526903,0,0,15.950088799885174,31.90017759977035,109.12986108518288,319.43183058197155,728.7137816067121,737.1534687081221,737.1534687081221,17.633684556216828,19.086843976184408,-7.812731011321944,18.65379415772381,0.9986452681693008,27.74255014176637,28.238960998309548,27.98322749363218,108.982019388691
2026-01-08 02:00:00,NODE_01,2026-01-08,27.1,88.1,1.846117340763046,39.38143537030426,30.347787857055664,1719.0,18.105480752227813,0.075725878129479,0.3034339086726383,0.2800373295504894,0.36459372819754,0,0,15.950088799885174,31.90017759977035,109.19485469852704,314.5578411973194,727.7651354399761,738.9995860488851,738.9995860488851,17.633684556216828,19.086843976184408,-8.579726278235555,12.637957436716832,0.9986486478927112,25.427284961264466,28.33505217856297,27.968280461279157,109.0472940015251
2026-01-08 03:00:00,NODE_01,2026-01-08,27.1,88.1,2.469836052988108,76.4340895855143,30.347787857055664,1719.0,18.105480752227813,0.0386541594588763,0.8399486306506246,0.8583416767991209,0.2178925542549901,0,0,15.950088799885174,31.90017759977035,110.8668032553101,309.38591282820613,727.4401621963085,741.4694221018733,741.4694221018733,17.633684556216828,19.086843976184408,0.6075085283927706,7.839623346555669,0.998653143186464,24.0830282700629,28.41479531723274,27.945691785748824,110.71748154595072
2026-01-08 04:00:00,NODE_01,2026-01-08,27.1,88.1,4.808993668803307,72.37817832685609,30.347787857055664,1719.0,18.105480752227813,-0.0301661782610856,1.2093460969651706,0.2922182304618977,0.988035966155592,0,0,15.950088799885174,31.90017759977035,108.2795681270198,309.1797202532682,720.7328674787757,746.2784157706766,746.2784157706766,17.633684556216828,19.086843976184408,-1.2303658026859663,2.204198928187793,0.9986618106733772,25.27956769835677,28.4426526117834,27.930280663856387,108.13466956466088
2026-01-08 05:00:00,NODE_01,2026-01-08,27.1,88.1,5.741806899298355,32.91647135494641,30.347787857055664,1719.0,18.105480752227813,-0.0793405857797544,2.7376440192266385,0.9107701616439152,0.4540016211961148,0,0,15.950088799885174,31.90017759977035,98.15811434623257,312.157980204037,719.8524503388372,752.0202226699749,752.0202226699749,17.633684556216828,19.086843976184408,-21.766860088548786,-10.18453154986608,0.9986720144162208,27.229439442901608,28.46109073393754,27.92625284074745,98.0277617854498
2026-01-08 06:00:00,NODE_01,2026-01-08,27.1,88.1,5.609523459933067,34.65445263356972,30.347787857055664,1719.0,18.105480752227813,-0.0067134051678755,8.856123987048468,0.7539619035967839,0.688274235780237,0,0,15.950088799885174,31.90017759977035,95.74286678882186,316.18581939553223,723.2734828457224,757.629746129908,757.629746129908,17.633684556216828,19.086843976184408,-26.764094081823515,-10.45455990827874,0.9986818339181908,28.754546986399436,28.497126426500017,27.93098595015118,95.61666178924564
2026-01-08 07:00:00,NODE_01,2026-01-08,27.1,88.1,1.6663663169342549,45.93304719539674,30.347787857055664,1719.0,18.105480752227813,-0.0079611939048355,10.703441440877455,0.8049067768414386,0.1405529675783607,0,0,15.950088799885174,31.90017759977035,87.98972676149494,314.5961262813244,719.3709526639019,759.2961124468422,759.2961124468422,17.633684556216828,19.086843976184408,-38.48846622655668,-20.177645950556112,0.9986847229867036,26.10773125537377,28.50452741885776,27.920626548476307,87.8739958964793
2026-01-08 08:00:00,NODE_01,2026-01-08,27.1,88.1,0.3153630250523764,53.916608963371495,30.347787857055664,1719.0,18.105480752227813,-0.0484599805156883,3.874062458570612,0.0180065556004545,0.4855896996593978,0,0,15.950088799885174,31.90017759977035,86.63386140898088,310.18556149741727,715.3422653512027,759.6114754718947,759.6114754718947,17.633684556216828,19.086843976184408,-33.92480507835985,-14.951758669921418,0.9986852683239106,22.50693459212008,28.486837980738635,27.890040718214408,86.51996112716455
2026-01-08 09:00:00,NODE_01,2026-01-08,27.1,88.1,0.8476359296361652,63.27783400712072,30.347787857055664,1719.0,18.105480752227813,0.0275518651121268,3.8848884518832936,0.962810357074026,0.0275367198694654,0,0,15.950088799885174,31.90017759977035,82.33738937094395,307.49089720683463,715.949473123296,760.4591114015308,760.4591114015308,17.633684556216828,19.086843976184408,-37.30189346497808,-21.26450597225917,0.9986867318480708,19.978530332938234,28.47541629031413,27.845594030656677,82.2292582997701
2026-01-08 10:00:00,NODE_01,2026-01-08,27.1,88.1,11.32840941356726,45.82395476988407,30.347787857055664,1719.0,18.105480752227813,0.0923313250415236,13.621051575792,0.7266709920703233,0.50545511791045,0,0,15.950088799885174,31.90017759977035,87.0078235826488,308.180649217786,726.1408832848961,771.7875208150981,771.7875208150981,17.633684556216828,19.086843976184408,-37.74389743748056,-24.676040506033686,0.9987059832449866,28.31016019656476,28.5263710091771,27.848189372365656,86.8952340011156
2026-01-08 11:00:00,NODE_01,2026-01-08,27.1,88.1,2.260241260438552,52.37743012932035,30.347787857055664,1719.0,18.105480752227813,0.0111141358729142,5.61293610067169,0.3047510953861333,0.9640174071177025,0,0,15.950088799885174,31.90017759977035,88.1486702700205,304.4968419141055,723.7809031557321,774.0477620755366,774.0477620755366,17.633684556216828,19.086843976184408,-34.93510851645769,-22.62595104707991,0.9987097569350796,26.3238774275186,28.5556350194418,27.839720972672065,88.03493705952266
2026-01-08 12:00:00,NODE_01,2026-01-08,27.1,88.1,3.5395069098779244,72.32296566936296,30.347787857055664,1719.0,18.105480752227813,0.0080238103499422,3.2150935611184326,0.8293946648588469,0.3842067129858002,0,0,15.950088799885174,31.90017759977035,91.48946711615817,306.6439214258586,716.5991666289565,777.5872689854145,777.5872689854145,17.633684556216828,19.086843976184408,-14.159337177843485,-19.842840035015517,0.9987156224615604,25.91480272326873,28.537760996459795,27.8290860652168,91.37196009959034
2026-01-08 13:00:00,NODE_01,2026-01-08,27.1,88.1,7.466202361782203,22.567824202341853,30.347787857055664,1719.0,18.105480752227813,-0.0468614024416911,9.736348138196163,0.2815211984149299,0.0389960125749115,0,0,15.950088799885174,31.90017759977035,98.2043779485518,313.05973577288927,721.2471767937928,785.0534713471967,785.0534713471967,17.633684556216828,19.086843976184408,-7.929402959680388,-13.730446589450096,0.9987278219148552,29.493784676560622,28.55023480409673,27.83823276088352,98.07944449106036
2026-01-08 14:00:00,NODE_01,2026-01-08,27.1,88.1,2.780643237766274,37.67058610408145,30.347787857055664,1719.0,18.105480752227813,0.0698707351530186,8.90037110742641,0.872753839566128,0.0309557909193435,0,0,15.950088799885174,31.90017759977035,97.88485224140086,310.5326568899788,722.0120648782319,787.834114584963,787.834114584963,17.633684556216828,19.086843976184408,-9.166424348064922,-15.224675207176304,0.9987323063474174,27.8503602128428,28.56539044585265,27.838299031112808,97.76076423553046
2026-01-08 15:00:00,NODE_01,2026-01-08,27.1,88.1,7.06053188839516,69.93447101191867,30.347787857055664,1719.0,18.105480752227813,-0.0037572083405008,6.591431122496222,0.112580390411937,0.3879867599468695,0,0,15.950088799885174,31.90017759977035,102.74785410564726,314.76850323420524,725.2007222824051,794.8946464733582,794.8946464733582,17.633684556216828,19.086843976184408,1.846297930294824,-8.774897739837797,0.9987435522974918,30.733338069311543,28.59725284494145,27.854032938929105,102.61875680041858
2026-01-08 16:00:00,NODE_01,2026-01-08,27.1,88.1,2.6931431881601617,82.66447863810396,30.347787857055664,1719.0,18.105480752227813,-0.0289481627597085,2.6017101867967503,0.7036859774607958,0.160024936463194,0,0,15.950088799885174,31.90017759977035,100.4578891460976,311.1007799109306,726.0016811515254,797.5877896615183,797.5877896615183,17.633684556216828,19.086843976184408,-3.770613891113186,-10.73192685756105,0.9987477895192663,28.81648054707497,28.62910349648312,27.8592353584326,100.33209472443647
2026-01-08 17:00:00,NODE_01,2026-01-08,27.1,88.1,1.8655247964036072,55.81742094809663,30.347787857055664,1719.0,18.105480752227813,0.0031844196825807,1.591656207482133,0.5406984766449103,0.0233520963281859,0,0,15.950088799885174,31.90017759977035,94.97044966004688,307.697983296722,725.2298695682682,799.4533144579219,799.4533144579219,17.633684556216828,19.086843976184408,-10.414728257443556,-16.009353968767385,0.9987507079027124,26.359533261417333,28.65158243372653,27.851172443932512,94.85180382781073
2026-01-08 18:00:00,NODE_01,2026-01-08,27.1,88.1,14.0729657904624,57.247943968572095,30.347787857055664,1719.0,18.105480752227813,0.0235980666623304,1.7752914911027982,0.0965344701954408,0.7562136139501768,0,0,15.950088799885174,31.90017759977035,106.15931742626717,318.5016774228491,735.8463894434324,813.5262802483843,813.5262802483843,17.633684556216828,19.086843976184408,1.5397976517578087,-3.536523091685069,0.9987722925284926,36.478569062667134,28.733883101068937,27.89730825472789,106.0289848390928
2026-01-08 19:00:00,NODE_01,2026-01-08,27.1,88.1,8.210778942518873,27.502040793784325,30.347787857055664,1719.0,18.105480752227813,0.0069607704322451,1.8962903179416355,0.2418938282588389,0.4585230088818907,0,0,15.950088799885174,31.90017759977035,110.66903718119988,325.3017841774424,742.9875175910477,821.7370591909032,821.7370591909032,17.633684556216828,19.086843976184408,4.133155236917418,1.2890773509034403,0.9987845448447608,39.21756264578594,28.84634538347436,27.957522373829256,110.5345239294326
2026-01-08 20:00:00,NODE_01,2026-01-08,27.1,88.1,9.036189917790598,51.318865677641824,30.347787857055664,1719.0,18.105480752227813,0.0603076697835295,1.7072795487312422,0.0124040362773147,0.2892447719726545,0,0,15.950088799885174,31.90017759977035,119.4560513923288,333.809472323846,745.1245288846155,830.7732491086938,830.7732491086938,17.633684556216828,19.086843976184408,16.810606794874005,13.855408324132895,0.9987977492651132,42.37111816670864,28.95465862883782,28.033784785431795,119.3124352667557
2026-01-08 21:00:00,NODE_01,2026-01-08,27.1,88.1,0.8780956569469065,57.28320865185162,30.347787857055664,1719.0,18.105480752227813,0.0191985776273431,2.742790802930688,0.4687679654645058,0.9000831830164807,0,0,15.950088799885174,31.90017759977035,110.8289308364459,330.4469793530193,745.1553329565033,831.6513447656407,831.6513447656407,17.633684556216828,19.086843976184408,0.1870930168523159,5.5258434275912975,0.998799017132097,36.893546098649246,29.04690824496752,28.08041510813294,110.69582718924332
2026-01-08 22:00:00,NODE_01,2026-01-08,27.1,88.1,1.688156958438932,36.97293525443108,30.347787857055664,1719.0,18.105480752227813,-0.0141970905441267,4.606357023890421,0.3012652607600004,0.1161389602005256,0,0,15.950088799885174,31.90017759977035,106.28635092972604,331.31879427272105,742.6660474467944,833.3395017240797,833.3395017240797,17.633684556216828,19.086843976184408,-7.445003244462327,1.824957264351468,0.9988014471352086,33.04767114229079,29.11050324302474,28.106421684228007,106.15896111933098
2026-01-08 23:00:00,NODE_01,2026-01-08,27.1,88.1,3.471507174571581,38.847026166456665,30.347787857055664,1719.0,18.105480752227813,0.0200596108163445,5.11973963252221,0.5983574842977588,0.9559188289553192,0,0,15.950088799885174,31.90017759977035,106.02280733425054,333.44415110033145,739.657890175458,836.8110088986513,836.8110088986513,17.633684556216828,19.086843976184408,-6.0389924123550855,13.910309160853473,0.998806413392306,31.56202764551875,29.146653293329702,28.12441963194306,105.89625993130626
2026-01-09 00:00:00,NODE_01,2026-01-09,27.1,88.1,2.5909262447191894,46.40989141732359,30.347787857055664,1719.0,18.105480752227813,0.0249818550562978,1.2872563476222576,0.2972378077086172,0.3139667173773528,0,0,15.950088799885174,31.90017759977035,106.46517907844668,332.01294596557585,738.1636349384914,839.4019351433705,839.4019351433705,17.633684556216828,19.086843976184408,-0.6235228629746246,15.601404899302622,0.9988100931730608,29.418649743410125,29.16848645967841,28.13112548744289,106.33849543502993
2026-01-09 01:00:00,NODE_01,2026-01-09,27.1,88.1,6.804192980840137,21.40498384444085,30.347787857055664,1719.0,18.105480752227813,-0.0648187959631921,5.8176280684386015,0.2999191115069847,0.8884036723086812,0,0,15.950088799885174,31.90017759977035,109.05265941608845,335.12511259777614,741.8293557708311,846.2061281242105,846.2061281242105,17.633684556216828,19.086843976184408,-0.0772016690944354,15.693282015804584,0.9988196497088446,31.81004526273874,29.20886441793398,28.15008899143926,108.9239390777954
2026-01-09 02:00:00,NODE_01,2026-01-09,27.1,88.1,5.889667655001905,42.54554159082248,30.347787857055664,1719.0,18.105480752227813,0.0574709864131857,5.054240266714123,0.7431931987316034,0.6029428764794615,0,0,15.950088799885174,31.90017759977035,113.0962097303273,340.065645405617,745.1068557054815,852.0957957792125,852.0957957792125,17.633684556216828,19.086843976184408,3.90135503180025,25.5078042082975,0.998827798700981,32.92820612832983,29.262694610633652,28.17459215624383,112.96363820636728
2026-01-09 03:00:00,NODE_01,2026-01-09,27.1,88.1,10.001431309868163,34.801360489758125,30.347787857055664,1719.0,18.105480752227813,-0.0150452009680679,4.209180705366943,0.0481428359783534,0.8267073597414875,0,0,15.950088799885174,31.90017759977035,120.62780498720736,341.7539029694348,752.8987937708441,862.0972270890807,862.0972270890807,17.633684556216828,19.086843976184408,9.761001731897252,32.36799014122866,0.9988413819803678,37.99040651894852,29.354830858150773,28.224672841767838,120.48804343868048
2026-01-09 04:00:00,NODE_01,2026-01-09,27.1,88.1,2.2753195841080758,42.924814652454025,30.347787857055664,1719.0,18.105480752227813,-0.0137661611752715,2.513251913054523,0.9028949951919872,0.9840131632104644,0,0,15.950088799885174,31.90017759977035,118.09413090251212,335.8836329592377,747.0096150935076,864.3725466731887,864.3725466731887,17.633684556216828,19.086843976184408,9.814562775492334,26.703912705969486,0.9988444283287652,34.56716512521432,29.39809203355617,28.25686823406959,117.95766467030208
2026-01-09 05:00:00,NODE_01,2026-01-09,27.1,88.1,4.202875874699108,28.383349227347587,30.347787857055664,1719.0,18.105480752227813,0.0375687993537972,1.3253903399803129,0.8522638743911815,0.2884054378187457,0,0,15.950088799885174,31.90017759977035,116.55519987791288,334.6382886589268,746.5538069428377,868.5754225478878,868.5754225478878,17.633684556216828,19.086843976184408,18.397085531680304,22.48030845488978,0.9988500134961612,33.58496623113128,29.43215088889678,28.283777819913336,116.42116297110104
2026-01-09 06:00:00,NODE_01,2026-01-09,27.1,88.1,8.73130413136828,82.33690965179265,30.347787857055664,1719.0,18.105480752227813,0.037358261212979,7.570371646583031,0.6678046832264065,0.961135485407593,0,0,15.950088799885174,31.90017759977035,119.67698054934807,337.9268082088153,752.8905060604955,877.306726679256,877.306726679256,17.633684556216828,19.086843976184408,23.93411376052623,21.740988813283096,0.9988614455865767,37.27852542782986,29.498819363065213,28.32897755663653,119.54072179495846
2026-01-09 07:00:00,NODE_01,2026-01-09,27.1,88.1,2.1698083874186103,61.551471748783406,30.347787857055664,1719.0,18.105480752227813,-0.0350415839433042,5.020879700311517,0.5932215701073843,0.3894818949024203,0,0,15.950088799885174,31.90017759977035,120.18042261983244,334.6483423693789,753.3274770612985,879.4765350666747,879.4765350666747,17.633684556216828,19.086843976184408,32.190695858337506,20.05221608805458,0.9988642513909536,33.85655500107399,29.558088583970303,28.35661544385872,120.04392787200736
2026-01-01 00:00:00,NODE_02,2026-01-01,27.25,88.25,4.752715148277916,57.73661869152061,34.11826705932617,958.0,18.72007872588455,-0.0553146756205817,6.154770907685846,0.16145783406424,0.2705592564879914,0,0,14.237604582120678,28.47520916424136,4.752715148277916,4.752715148277916,4.752715148277916,4.752715148277916,4.752715148277916,4.752715148277916,4.752715148277916,,,0.82616903944925,4.752715148277916,4.752715148277916,4.752715148277916,3.926546108828666
2026-01-01 01:00:00,NODE_02,2026-01-01,27.25,88.25,5.509040768235,39.77306984590026,34.11826705932617,958.0,18.72007872588455,-0.0412257080763836,3.9624908461061503,0.471739837518439,0.248791788739177,0,0,14.237604582120678,28.47520916424136,10.261755916512916,10.261755916512916,10.261755916512916,10.261755916512916,10.261755916512916,5.509040768235,5.509040768235,,,0.9112039004029808,9.548848644271228,7.150781896274572,7.150781896274572,9.350552016109935
2026-01-01 02:00:00,NODE_02,2026-01-01,27.25,88.25,0.1783843774591331,49.76597298063857,34.11826705932617,958.0,18.72007872588455,-0.030429486161985,3.9713295628132887,0.5534717762098499,0.9420582194885956,0,0,14.237604582120678,28.47520916424136,10.44014029397205,10.44014029397205,10.44014029397205,10.44014029397205,10.44014029397205,5.509040768235,5.509040768235,,,0.9125884845549568,8.294905725089677,7.532156505879608,7.532156505879608,9.527551809417092
2026-01-01 03:00:00,NODE_02,2026-01-01,27.25,88.25,11.470484352689793,22.629976327923515,34.11826705932617,958.0,18.72007872588455,-0.0264488854032007,16.519553799102667,0.5702869387313905,0.2982724542341227,0,0,14.237604582120678,28.47520916424136,21.910624646661844,21.910624646661844,21.910624646661844,21.910624646661844,21.910624646661844,11.470484352689793,11.470484352689793,,,0.95635212852454,18.52115421901602,10.27940593416371,10.27940593416371,20.954272518137305
2026-01-01 04:00:00,NODE_02,2026-01-01,27.25,88.25,4.375901032790432,28.950676085569228,34.11826705932617,958.0,18.72007872588455,-0.0528278821380126,1.8381360274990235,0.2101071929123518,0.7755052967189994,0,0,14.237604582120678,28.47520916424136,26.286525679452275,26.286525679452275,26.286525679452275,26.286525679452275,26.286525679452275,11.470484352689793,11.470484352689793,,,0.9633518751435242,20.118882118954048,12.247301171121778,12.247301171121778,25.323173804308748
2026-01-01 05:00:00,NODE_02,2026-01-01,27.25,88.25,1.0613055529333897,73.58827253611025,34.11826705932617,958.0,18.72007872588455,0.0611541533547662,15.246189793419935,0.7422713922522868,0.3931217982070791,0,0,14.237604582120678,28.47520916424136,27.347831232385666,27.347831232385666,27.347831232385666,27.347831232385666,27.347831232385666,11.470484352689793,11.470484352689793,,,0.964723932783346,18.16235535404433,13.233143534942204,13.233143534942204,26.38310729960232
2026-01-01 06:00:00,NODE_02,2026-01-01,27.25,88.25,1.3641346658884694,20.00081443287563,34.11826705932617,958.0,18.72007872588455,-0.0129427200184915,1.851100720816649,0.0251990948210696,0.1392540707847039,0,0,14.237604582120678,28.47520916424136,28.711965898274133,28.711965898274133,28.711965898274133,28.711965898274133,28.711965898274133,11.470484352689793,11.470484352689793,,,0.9663435262606408,16.802136716826148,13.742999703782768,13.742999703782768,27.745622372013493
2026-01-01 07:00:00,NODE_02,2026-01-01,27.25,88.25,0.797197368522393,49.15960799376045,34.11826705932617,958.0,18.72007872588455,0.0176252484178439,7.312913848285284,0.3548318555431626,0.0107152976953589,0,0,14.237604582120678,28.47520916424136,29.509163266796527,29.509163266796527,29.509163266796527,29.509163266796527,29.509163266796527,11.470484352689793,11.470484352689793,,,0.9672229621227172,15.079013577824618,13.910001438037998,13.910001438037998,28.54194030467381
2026-01-01 08:00:00,NODE_02,2026-01-01,27.25,88.25,1.3786580885825213,56.57571267599119,34.11826705932617,958.0,18.72007872588455,-0.028517568320684,3.3965773760375324,0.7802126485356335,0.5442573370152508,0,0,14.237604582120678,28.47520916424136,30.88782135537905,30.88782135537905,30.88782135537905,30.88782135537905,30.88782135537905,11.470484352689793,11.470484352689793,,,0.9686400651566835,14.195819629733446,13.941759014893048,13.941759014893048,29.91918129022237
2026-01-01 09:00:00,NODE_02,2026-01-01,27.25,88.25,7.631110741913556,23.82440940006806,34.11826705932617,958.0,18.72007872588455,-0.0910301650274258,2.919040161278607,0.5638929210554023,0.9757788185489328,0,0,14.237604582120678,28.47520916424136,38.518932097292605,38.518932097292605,38.518932097292605,38.518932097292605,38.518932097292605,11.470484352689793,11.470484352689793,,,0.9746956725060768,19.697557427186982,14.51733885612244,14.51733885612244,37.544236424786526
2026-01-01 10:00:00,NODE_02,2026-01-01,27.25,88.25,0.2918423894580205,88.1154714080633,34.11826705932617,958.0,18.72007872588455,0.0135028679195711,0.8163133936769311,0.2611624325108602,0.3691361938092045,0,0,14.237604582120678,28.47520916424136,38.810774486750624,38.810774486750624,38.810774486750624,38.810774486750624,38.810774486750624,11.470484352689793,11.470484352689793,,,0.9748811719216162,17.03476620256696,14.746195887617398,14.746195887617398,37.83589331482901
2026-01-01 11:00:00,NODE_02,2026-01-01,27.25,88.25,2.8760466286046715,35.82877318747703,34.11826705932617,958.0,18.72007872588455,-0.0956127487709888,7.27289721019938,0.6949531193430477,0.3571923339930448,0,0,14.237604582120678,28.47520916424136,41.68682111535529,41.68682111535529,41.68682111535529,41.68682111535529,41.68682111535529,11.470484352689793,11.470484352689793,,,0.9765735659421058,17.355597900786588,14.963646055381496,14.963646055381496,40.71024754941319
2026-01-01 12:00:00,NODE_02,2026-01-01,27.25,88.25,4.533480988083664,41.293910374539664,34.11826705932617,958.0,18.72007872588455,-0.0034317023042734,10.259133189148695,0.5673909441560734,0.3440916178494421,0,0,14.237604582120678,28.47520916424136,46.22030210343896,46.22030210343896,46.22030210343896,46.22030210343896,46.22030210343896,11.470484352689793,11.470484352689793,,,0.9788226683131032,19.285739203752264,15.296114759102323,15.296114759102323,45.24147943512586
2026-01-01 13:00:00,NODE_02,2026-01-01,27.25,88.25,7.298494622625786,41.27597585785191,34.11826705932617,958.0,18.72007872588455,-0.0684157519416405,7.073035945414434,0.7962436094563872,0.5205438373048584,0,0,14.237604582120678,28.47520916424136,53.51879672606475,53.51879672606475,53.51879672606475,53.51879672606475,53.51879672606475,11.470484352689793,11.470484352689793,,,0.9816577022962448,23.69137294581521,15.895776058153244,15.895776058153244,52.5371390237685
2026-01-01 14:00:00,NODE_02,2026-01-01,27.25,88.25,2.2399743806878973,36.12916634821449,34.11826705932617,958.0,18.72007872588455,0.0993637999615404,2.259616669891161,0.7350251861898234,0.4406648834242935,0,0,14.237604582120678,28.47520916424136,55.75877110675265,55.75877110675265,55.75877110675265,55.75877110675265,55.75877110675265,11.470484352689793,11.470484352689793,,,0.9823815776751194,22.377641384630827,16.32790041325175,16.32790041325175,54.77638952907753
2026-01-01 15:00:00,NODE_02,2026-01-01,27.25,88.25,0.7799478607955278,20.1031675460418,34.11826705932617,958.0,18.72007872588455,0.045568136108736,3.221007270769328,0.6101079220362347,0.8799146267270145,0,0,14.237604582120678,28.47520916424136,56.53871896754817,56.53871896754817,56.53871896754817,56.53871896754817,56.53871896754817,11.470484352689793,11.470484352689793,,,0.9826203986125586,19.80094303773173,16.54496557728175,16.54496557728175,55.55609856893561
2026-01-01 16:00:00,NODE_02,2026-01-01,27.25,88.25,4.340169637561232,71.05413558615975,34.11826705932617,958.0,18.72007872588455,0.005287689563574,3.830834714619499,0.488177675310814,0.5055207917234903,0,0,14.237604582120678,28.47520916424136,60.8788886051094,60.8788886051094,60.8788886051094,60.8788886051094,60.8788886051094,11.470484352689793,11.470484352689793,,,0.9838393994697988,21.1709712196332,16.817083556243603,16.817083556243603,59.89504920563961
2026-01-01 17:00:00,NODE_02,2026-01-01,27.25,88.25,4.434199223719637,87.67918498594997,34.11826705932617,958.0,18.72007872588455,0.0631853338827334,7.800333010952954,0.1331821256675234,0.5077578381885688,0,0,14.237604582120678,28.47520916424136,65.31308782882904,65.31308782882904,65.31308782882904,65.31308782882904,65.31308782882904,11.470484352689793,11.470484352689793,,,0.9849200205760098,22.42952476040786,17.128885845363836,17.128885845363836,64.32816780825303
2026-01-01 18:00:00,NODE_02,2026-01-01,27.25,88.25,12.931945639733508,35.700543829953155,34.11826705932617,958.0,18.72007872588455,-0.0423157988732867,11.335161567770864,0.2613330178853837,0.1383715947205566,0,0,14.237604582120678,28.47520916424136,78.24503346856255,78.24503346856255,78.24503346856255,78.24503346856255,78.24503346856255,12.931945639733508,12.931945639733508,,,0.987380912642346,31.997041686080188,17.911420363296276,17.911420363296276,77.2576525559202
2026-01-01 19:00:00,NODE_02,2026-01-01,27.25,88.25,2.4537558842845457,66.41330342623957,34.11826705932617,958.0,18.72007872588455,0.0271739689335046,3.5574805063253163,0.4190994729170852,0.982739540910386,0,0,14.237604582120678,28.47520916424136,80.6987893528471,80.6987893528471,80.6987893528471,80.6987893528471,80.6987893528471,12.931945639733508,12.931945639733508,,,0.98775991654318,29.651241317452705,18.498411411004096,18.498411411004096,79.71102943630392
2026-01-01 20:00:00,NODE_02,2026-01-01,27.25,88.25,4.488426151895924,71.93274288711005,34.11826705932617,958.0,18.72007872588455,0.0099905216859356,0.3880849295824647,0.5992992870063887,0.2499728908688296,0,0,14.237604582120678,28.47520916424136,85.18721550474302,85.18721550474302,85.18721550474302,85.18721550474302,85.18721550474302,12.931945639733508,12.931945639733508,,,0.9883973511135772,29.691981271730725,19.031438547229172,19.031438547229172,84.19881815362945
2026-01-01 21:00:00,NODE_02,2026-01-01,27.25,88.25,3.111522704898989,79.38977653633673,34.11826705932617,958.0,18.72007872588455,0.0132010040666835,0.3798402646902679,0.5137078552153048,0.0733640674596026,0,0,14.237604582120678,28.47520916424136,88.29873820964201,88.29873820964201,88.29873820964201,88.29873820964201,88.29873820964201,12.931945639733508,12.931945639733508,,,0.9888016334827447,28.349706785870104,19.454996194440128,19.454996194440128,87.30993657615927
2026-01-01 22:00:00,NODE_02,2026-01-01,27.25,88.25,0.9094865761162316,49.58404379095264,34.11826705932617,958.0,18.72007872588455,0.0636176750053384,2.0316275965099795,0.2881845259595295,0.6631462489752088,0,0,14.237604582120678,28.47520916424136,89.20822478575823,89.20822478575823,89.20822478575823,89.20822478575823,89.20822478575823,12.931945639733508,12.931945639733508,,,0.988914536314455,25.006737344105822,19.69637624442559,19.69637624442559,88.21931024944378
2026-01-01 23:00:00,NODE_02,2026-01-01,27.25,88.25,4.394056017633886,41.205163394830045,34.11826705932617,958.0,18.72007872588455,0.0366246051389901,9.934266670274246,0.0064643577897105,0.5953663701568727,0,0,14.237604582120678,28.47520916424136,93.60228080339212,93.60228080339212,93.60228080339212,93.60228080339212,93.60228080339212,12.931945639733508,12.931945639733508,,,0.9894294303318304,25.649782760123838,19.944434849246356,19.944434849246356,92.6128513730603
2026-01-02 00:00:00,NODE_02,2026-01-02,27.25,88.25,8.100685606775967,42.77065938161218,34.11826705932617,958.0,18.72007872588455,0.0144361831412511,7.426775359375479,0.4962392219008139,0.4151456539927457,0,0,14.237604582120678,28.47520916424136,96.95025126189016,101.70296641016807,101.70296641016807,101.70296641016807,101.70296641016807,12.931945639733508,12.931945639733508,92.19753611361226,,0.9902631828957474,29.90300095288123,20.342777493391747,20.342777493391747,96.00626439714182
2026-01-02 01:00:00,NODE_02,2026-01-02,27.25,88.25,6.009415321130355,69.8834933168959,34.11826705932617,958.0,18.72007872588455,-0.0827443718114148,8.160026049009394,0.2856259885622431,0.422192233880678,0,0,14.237604582120678,28.47520916424136,97.45062581478554,107.71238173129844,107.71238173129844,107.71238173129844,107.71238173129844,12.931945639733508,12.931945639733508,87.18886989827263,,0.9908014157718328,31.4269661310794,20.76909244099512,20.76909244099512,96.55421802514064
2026-01-02 02:00:00,NODE_02,2026-01-02,27.25,88.25,1.6366302640068988,77.17456265539452,34.11826705932617,958.0,18.72007872588455,-0.0480023147639731,2.1848360770541926,0.7346083007105351,0.7850639210464312,0,0,14.237604582120678,28.47520916424136,98.9088717013333,109.34901199530536,109.34901199530536,109.34901199530536,109.34901199530536,12.931945639733508,12.931945639733508,88.46873140736125,,0.990937843647911,28.349551475424388,21.049850183011017,21.049850183011017,98.01254404136712
2026-01-02 03:00:00,NODE_02,2026-01-02,27.25,88.25,2.696741711135177,32.71297774296219,34.11826705932617,958.0,18.72007872588455,-0.0061354466797862,2.9700063228823024,0.0239462652704834,0.195712640099649,0,0,14.237604582120678,28.47520916424136,90.13512905977868,112.04575370644052,112.04575370644052,112.04575370644052,112.04575370644052,12.931945639733508,12.931945639733508,68.22450441311683,,0.991154024213976,26.793860465245903,21.25499340737655,21.25499340737655,89.33779589064572
2026-01-02 04:00:00,NODE_02,2026-01-02,27.25,88.25,8.969477177549852,45.96587057104357,34.11826705932617,958.0,18.72007872588455,0.0046686187138325,9.697927853956491,0.5848278113057909,0.8202533189448897,0,0,14.237604582120678,28.47520916424136,94.72870520453807,121.01523088399036,121.01523088399036,121.01523088399036,121.01523088399036,12.931945639733508,12.931945639733508,68.4421795250858,,0.9918043018666188,31.74425857300887,21.616692206191452,21.616692206191452,93.95233733211565
2026-01-02 05:00:00,NODE_02,2026-01-02,27.25,88.25,2.517892924089849,83.1358137724405,34.11826705932617,958.0,18.72007872588455,-0.0565101862336961,15.779940637913176,0.9414742375060654,0.6487471138950182,0,0,14.237604582120678,28.47520916424136,96.18529257569456,123.53312380808022,123.53312380808022,123.53312380808022,123.53312380808022,12.931945639733508,12.931945639733508,68.83746134330889,,0.9919700079029486,29.50051271114739,21.87948622302332,21.87948622302332,95.41292543645916
2026-01-02 06:00:00,NODE_02,2026-01-02,27.25,88.25,8.79973768856075,76.46854637863174,34.11826705932617,958.0,18.72007872588455,0.120583833778921,9.85774864676879,0.1744092671114995,0.4189697737795244,0,0,14.237604582120678,28.47520916424136,103.62089559836684,132.332861496641,132.332861496641,132.332861496641,132.332861496641,12.931945639733508,12.931945639733508,74.90892970009271,,0.992499973459092,33.87517349303603,22.2664438768947,22.2664438768947,102.84373613118645
2026-01-02 07:00:00,NODE_02,2026-01-02,27.25,88.25,2.8784128060668435,88.94008819337331,34.11826705932617,958.0,18.72007872588455,0.0758197027626786,9.86239061567038,0.4716494907505953,0.4580286165838686,0,0,14.237604582120678,28.47520916424136,105.70211103591129,135.2112743027078,135.2112743027078,135.2112743027078,135.2112743027078,12.931945639733508,12.931945639733508,76.19294776911477,,0.99265846380838,31.67231027514747,22.560377201840097,22.560377201840097,104.92609516221052
2026-01-02 08:00:00,NODE_02,2026-01-02,27.25,88.25,3.079765097747348,72.79737817774566,34.11826705932617,958.0,18.72007872588455,0.0301059160196241,2.078215638048181,0.0914219918171381,0.2566472071860958,0,0,14.237604582120678,28.47520916424136,107.40321804507612,138.29103940045516,138.29103940045516,138.29103940045516,138.29103940045516,12.931945639733508,12.931945639733508,76.51539668969707,,0.9928207872932512,30.001228831622697,22.785857554257756,22.785857554257756,106.6321474973412
2026-01-02 09:00:00,NODE_02,2026-01-02,27.25,88.25,7.863046660384239,47.52366407195456,34.11826705932617,958.0,18.72007872588455,0.0036018430641872,7.882197753518564,0.6256819122613526,0.7521143326969748,0,0,14.237604582120678,28.47520916424136,107.6351539635468,146.1540860608394,146.1540860608394,146.1540860608394,146.1540860608394,12.931945639733508,12.931945639733508,69.1162218662542,,0.9932044020878458,33.36409116726353,23.09698207228733,23.09698207228733,106.90370873599772
2026-01-02 10:00:00,NODE_02,2026-01-02,27.25,88.25,14.442788201923904,61.34464837962464,34.11826705932617,958.0,18.72007872588455,-0.0106104484950576,0.9770256372097996,0.5505316805962256,0.5128747423052678,0,0,14.237604582120678,28.47520916424136,121.78609977601268,160.59687426276332,160.59687426276332,160.59687426276332,160.59687426276332,14.442788201923904,14.442788201923904,82.97532528926206,,0.9938117614925276,42.80226569409791,23.65999017576764,23.65999017576764,121.0324583437039
2026-01-02 11:00:00,NODE_02,2026-01-02,27.25,88.25,2.7745614698253136,66.27099779731242,34.11826705932617,958.0,18.72007872588455,-0.0475959230011117,11.006237184541927,0.4073655242128323,0.3208545427498436,0,0,14.237604582120678,28.47520916424136,121.68461461723332,163.37143573258862,163.37143573258862,163.37143573258862,163.37143573258862,14.442788201923904,14.442788201923904,79.99779350187802,,0.9939162178906384,39.15648730980853,24.090448429490998,24.090448429490998,120.94431193584045
2026-01-02 12:00:00,NODE_02,2026-01-02,27.25,88.25,2.3325559749706466,25.49190714219868,34.11826705932617,958.0,18.72007872588455,0.0038740259259431,6.218654206742685,0.5213770214737412,0.5960501157609502,0,0,14.237604582120678,28.47520916424136,119.4836896041203,165.70399170755925,165.70399170755925,165.70399170755925,165.70399170755925,14.442788201923904,14.442788201923904,73.26338750068135,,0.9940013434006172,35.6155701883079,24.40193820675632,24.40193820675632,118.76694798095794
2026-01-02 13:00:00,NODE_02,2026-01-02,27.25,88.25,1.5944234290990311,58.11478713727056,34.11826705932617,958.0,18.72007872588455,0.0128876270071375,3.536252512529755,0.8965746584690102,0.995734452051323,0,0,14.237604582120678,28.47520916424136,113.77961841059354,167.2984151366583,167.2984151366583,167.2984151366583,167.2984151366583,14.442788201923904,14.442788201923904,60.26082168452879,,0.9940581733987928,31.867658089160745,24.59840451945117,24.59840451945117,113.10355964724629
2026-01-02 14:00:00,NODE_02,2026-01-02,27.25,88.25,1.3282489116980822,69.65245799308266,34.11826705932617,958.0,18.72007872588455,-0.0620880287740812,0.195552793142607,0.196294302311067,0.4352622796565538,0,0,14.237604582120678,28.47520916424136,112.86789294160371,168.6266640483564,168.6266640483564,168.6266640483564,168.6266640483564,14.442788201923904,14.442788201923904,57.10912183485108,,0.994104700427788,28.415758287484717,24.696285385298182,24.696285385298182,112.20250290062864
2026-01-02 15:00:00,NODE_02,2026-01-02,27.25,88.25,1.7186049202072833,31.712491280074225,34.11826705932617,958.0,18.72007872588455,0.0167088208622448,3.4275123523940096,0.0225645117053472,0.9206914007786196,0,0,14.237604582120678,28.47520916424136,113.80655000101548,170.34526896856366,170.34526896856366,170.34526896856366,170.34526896856366,14.442788201923904,14.442788201923904,57.26783103346731,,0.9941638306909806,25.87199946456929,24.72567823727996,24.72567823727996,113.14235570673416
2026-01-02 16:00:00,NODE_02,2026-01-02,27.25,88.25,2.035489475697536,74.644220219789,34.11826705932617,958.0,18.72007872588455,-0.0077629524412374,4.569796918127253,0.861664884699101,0.3450168399245661,0,0,14.237604582120678,28.47520916424136,111.5018698391518,172.3807584442612,172.3807584442612,172.3807584442612,172.3807584442612,14.442788201923904,14.442788201923904,50.62298123404239,,0.9942323472975146,24.02668902058143,24.708629719799507,24.708629719799507,110.85876577824185
2026-01-02 17:00:00,NODE_02,2026-01-02,27.25,88.25,7.074210814002079,60.86409463598781,34.11826705932617,958.0,18.72007872588455,-0.0953903778938695,5.002230882246142,0.5771170823879065,0.0547327069249858,0,0,14.237604582120678,28.47520916424136,114.14188142943424,179.45496925826328,179.45496925826328,179.45496925826328,179.45496925826328,14.442788201923904,14.442788201923904,48.8287936006052,,0.9944584513016718,27.496896481496293,24.775017023649436,24.775017023649436,113.50935863497422
2026-01-02 18:00:00,NODE_02,2026-01-02,27.25,88.25,5.448252408518332,86.65552499883162,34.11826705932617,958.0,18.72007872588455,-0.043019250538975,3.5848598666729883,0.8906584554618424,0.2042421063684288,0,0,14.237604582120678,28.47520916424136,106.65818819821904,184.9032216667816,184.9032216667816,184.9032216667816,184.9032216667816,14.442788201923904,14.442788201923904,28.413154729656497,,0.9946208570726524,28.820614417790186,24.86910068397829,24.86910068397829,106.08445855952888
2026-01-02 19:00:00,NODE_02,2026-01-02,27.25,88.25,6.368869669679489,22.96956087448242,34.11826705932617,958.0,18.72007872588455,-0.0206802766710822,2.683309823298432,0.5969452234131726,0.4186951433276842,0,0,14.237604582120678,28.47520916424136,110.573301983614,191.2720913364611,191.2720913364611,191.2720913364611,191.2720913364611,14.442788201923904,14.442788201923904,29.8745126307669,,0.9947990371714942,30.866391924801142,25.00540275763335,25.00540275763335,109.99821435017208
2026-01-02 20:00:00,NODE_02,2026-01-02,27.25,88.25,6.279671561469092,38.57282962888269,34.11826705932617,958.0,18.72007872588455,0.0943843828670095,1.8261254466500176,0.8101610899597025,0.219634928594569,0,0,14.237604582120678,28.47520916424136,112.36454739318717,197.5517628979302,197.5517628979302,197.5517628979302,197.5517628979302,14.442788201923904,14.442788201923904,27.177331888444144,,0.9949635299863137,32.51610469755006,25.172307245187053,25.172307245187053,111.79862671963993
2026-01-02 21:00:00,NODE_02,2026-01-02,27.25,88.25,8.899858878781949,62.10877155098768,34.11826705932617,958.0,18.72007872588455,0.0278276562266879,15.769527345483407,0.4296733633551479,0.0002270382182555,0,0,14.237604582120678,28.47520916424136,118.15288356707012,206.45162177671213,206.45162177671213,206.45162177671213,206.45162177671213,14.442788201923904,14.442788201923904,29.854145357428123,,0.9951795990244108,36.5385478716995,25.41939943271993,25.41939943271993,117.58333929185476
2026-01-02 22:00:00,NODE_02,2026-01-02,27.25,88.25,1.5564057757263656,40.75919385441515,34.11826705932617,958.0,18.72007872588455,-0.0667740784549945,19.19130549353589,0.7498599312882688,0.9150015377475272,0,0,14.237604582120678,28.47520916424136,118.79980276668029,208.0080275524385,208.0080275524385,208.0080275524385,208.0080275524385,14.442788201923904,14.442788201923904,29.59157798092204,,0.9952154947744812,32.61417146667094,25.572479688761447,25.572479688761447,118.2314044895525
2026-01-02 23:00:00,NODE_02,2026-01-02,27.25,88.25,4.232209870225634,70.00969148498696,34.11826705932617,958.0,18.72007872588455,0.0243018144708818,5.567216807749811,0.913041466889856,0.843879411230929,0,0,14.237604582120678,28.47520916424136,118.63795661927202,212.2402374226641,212.2402374226641,212.2402374226641,212.2402374226641,14.442788201923904,14.442788201923904,25.035675815879895,,0.995310453542509,31.95425561689593,25.705433353930918,25.705433353930918,118.08159841008414
2026-01-03 00:00:00,NODE_02,2026-01-03,27.25,88.25,0.4214329539287578,73.13036977653518,34.11826705932617,958.0,18.72007872588455,-0.0773651994469182,1.9987420130803668,0.5721229637222063,0.7422922314869471,0,0,14.237604582120678,28.47520916424136,110.9587039664248,212.6616703765929,212.6616703765929,212.6616703765929,212.6616703765929,14.442788201923904,14.442788201923904,14.008452704534632,,0.9953197033504538,27.582550228290295,25.7437418615709,25.7437418615709,110.43938431601276
2026-01-03 01:00:00,NODE_02,2026-01-03,27.25,88.25,0.4275528929258675,27.17611748465321,34.11826705932617,958.0,18.72007872588455,0.0541345526943536,1.4068358033519588,0.1807851505623795,0.1678145956460286,0,0,14.237604582120678,28.47520916424136,105.37684153822032,213.08922326951875,213.08922326951875,213.08922326951875,213.08922326951875,14.442788201923904,14.442788201923904,7.92621572343478,,0.995329050268256,23.87272058697262,25.706321436078937,25.706321436078937,104.88463160850536
2026-01-03 02:00:00,NODE_02,2026-01-03,27.25,88.25,3.8575588285226257,55.96981249447374,34.11826705932617,958.0,18.72007872588455,-0.0235562325908939,3.560007791489953,0.2687976150301981,0.120363576209986,0,0,14.237604582120678,28.47520916424136,107.59777010273604,216.94678209804135,216.94678209804135,216.94678209804135,216.94678209804135,14.442788201923904,14.442788201923904,8.688898401402753,,0.9954117239521796,24.14937132744935,25.675793002576395,25.675793002576395,107.10408183137476
2026-01-03 03:00:00,NODE_02,2026-01-03,27.25,88.25,3.0812106654417013,55.62233889137392,34.11826705932617,958.0,18.72007872588455,-0.0046818094369585,18.646666878361337,0.1986445768974057,0.0676047494723831,0,0,14.237604582120678,28.47520916424136,107.98223905704258,220.0279927634831,220.0279927634831,220.0279927634831,220.0279927634831,14.442788201923904,14.442788201923904,17.8471099972639,,0.9954756861902552,23.60817629377365,25.63603114279173,25.63603114279173,107.49369352166964
2026-01-03 04:00:00,NODE_02,2026-01-03,27.25,88.25,3.5987436461156808,45.84965391508788,34.11826705932617,958.0,18.72007872588455,0.0662898323771095,5.806335233788448,0.2468570275957329,0.7240291887729212,0,0,14.237604582120678,28.47520916424136,102.6115055256084,223.6267364095988,223.6267364095988,223.6267364095988,223.6267364095988,14.442788201923904,14.442788201923904,7.88280032107032,,0.9955481701956594,23.665693495823284,25.59885496077345,25.59885496077345,102.15469656704124
2026-01-03 05:00:00,NODE_02,2026-01-03,27.25,88.25,5.865706269025299,85.30474037987705,34.11826705932617,958.0,18.72007872588455,-0.0643581784292125,11.86470943539138,0.3064154493510364,0.9288079606878852,0,0,14.237604582120678,28.47520916424136,105.95931887054384,229.4924426786241,229.4924426786241,229.4924426786241,229.4924426786241,14.442788201923904,14.442788201923904,9.774026294849293,,0.9956614629600056,25.98154574047509,25.605941827064225,25.605941827064225,105.49961044089142
2026-01-03 06:00:00,NODE_02,2026-01-03,27.25,88.25,10.64877237999506,77.92544239112549,34.11826705932617,958.0,18.72007872588455,-0.0698559092556495,11.692233214742473,0.5551337867531885,0.430535820913037,0,0,14.237604582120678,28.47520916424136,107.80835356197817,240.14121505861917,240.14121505861917,240.14121505861917,240.14121505861917,14.442788201923904,14.442788201923904,4.1874579636113225,,0.9958530523297028,32.73308625939889,25.73552627128849,25.73552627128849,107.36127796133572
2026-01-03 07:00:00,NODE_02,2026-01-03,27.25,88.25,3.510003227973008,68.80465673367458,34.11826705932617,958.0,18.72007872588455,-0.0291799663173002,8.092480310496672,0.5879916294638328,0.1191406719960481,0,0,14.237604582120678,28.47520916424136,108.43994398388432,243.65121828659213,243.65121828659213,243.65121828659213,243.65121828659213,14.442788201923904,14.442788201923904,2.737832947973033,,0.9959125484557017,31.33312654846206,25.83548341909517,25.83548341909517,107.99670096738376
2026-01-03 08:00:00,NODE_02,2026-01-03,27.25,88.25,3.0027259089680456,70.00286450144984,34.11826705932617,958.0,18.72007872588455,0.0519189425509658,1.2750997960942945,0.4264997472418611,0.5123928207321066,0,0,14.237604582120678,28.47520916424136,108.36290479510502,246.6539441955602,246.6539441955602,246.6539441955602,246.6539441955602,14.442788201923904,14.442788201923904,0.959686750028908,,0.9959621075155972,29.6358834751608,25.902157104289294,25.902157104289294,107.9253470362448
2026-01-03 09:00:00,NODE_02,2026-01-03,27.25,88.25,1.667464407093646,52.32013006691834,34.11826705932617,958.0,18.72007872588455,-0.0759673037738421,11.726802218621051,0.6154207798208354,0.3488319074586301,0,0,14.237604582120678,28.47520916424136,102.16732254181444,248.32140860265383,248.32140860265383,248.32140860265383,248.32140860265383,14.442788201923904,14.442788201923904,-5.46783142173237,,0.9959891129863072,26.857965360980323,25.91863655699087,25.91863655699087,101.75754095460768
2026-01-03 10:00:00,NODE_02,2026-01-03,27.25,88.25,7.158993002977535,84.46961647676031,34.11826705932617,958.0,18.72007872588455,-0.1416077799055285,1.0886932276628347,0.0815749256113659,0.3748249243499977,1,0,14.237604582120678,28.47520916424136,94.88352734286806,255.48040160563136,255.48040160563136,255.48040160563136,255.48040160563136,14.442788201923904,14.442788201923904,-26.902572433144613,,0.9961010666166312,29.98826355981081,25.987613285852223,25.987613285852223,94.51358279057918
2026-01-03 11:00:00,NODE_02,2026-01-03,27.25,88.25,1.829943863117904,68.62167990772997,34.11826705932617,958.0,18.72007872588455,-0.0225579429204499,2.092535855939296,0.0877882370581599,0.6213306241557073,0,0,14.237604582120678,28.47520916424136,93.93890973616064,257.3103454687493,257.3103454687493,257.3103454687493,257.3103454687493,14.442788201923904,14.442788201923904,-27.74570488107267,,0.9961286877682528,27.31996788895709,26.00981919590397,26.00981919590397,93.57524288586204
2026-01-03 12:00:00,NODE_02,2026-01-03,27.25,88.25,2.673191672532769,71.02867431590715,34.11826705932617,958.0,18.72007872588455,0.027587039995546,6.020398896295709,0.1718294603576584,0.7187181132622024,0,0,14.237604582120678,28.47520916424136,94.27954543372276,259.98353714128206,259.98353714128206,259.98353714128206,259.98353714128206,14.442788201923904,14.442788201923904,-25.204144170397527,,0.9961683406894029,25.8951643781463,26.00793960872761,26.00793960872761,93.91829833566275
2026-01-03 13:00:00,NODE_02,2026-01-03,27.25,88.25,5.979607754505919,80.31836326511417,34.11826705932617,958.0,18.72007872588455,0.0600130874869414,3.2181256721356504,0.5180774980403448,0.1106035988731608,0,0,14.237604582120678,28.47520916424136,98.66472975912968,265.96314489578793,265.96314489578793,265.96314489578793,265.96314489578793,14.442788201923904,14.442788201923904,-15.114888651463872,,0.996254164594928,27.99049747593028,26.039916348521203,26.039916348521203,98.29514792116606
2026-01-03 14:00:00,NODE_02,2026-01-03,27.25,88.25,3.761927684667432,39.18501125395337,34.11826705932617,958.0,18.72007872588455,-0.0231580681042699,5.967253779183631,0.2139946786983135,0.0355902308064763,0,0,14.237604582120678,28.47520916424136,101.098408532099,269.7250725804554,269.7250725804554,269.7250725804554,269.7250725804554,14.442788201923904,14.442788201923904,-11.769484409504711,,0.9963062157839008,27.553850539208163,26.06394704996068,26.06394704996068,100.7249728263904
2026-01-03 15:00:00,NODE_02,2026-01-03,27.25,88.25,3.5755147071420863,76.4949632706692,34.11826705932617,958.0,18.72007872588455,-0.0205713303558001,1.0058838353020467,0.2832844034925773,0.9943303026857148,0,0,14.237604582120678,28.47520916424136,102.95531831903382,273.30058728759747,273.30058728759747,273.30058728759747,273.30058728759747,14.442788201923904,14.442788201923904,-10.85123168198166,,0.996354364349386,26.996287665469023,26.078514872078,26.078514872078,102.57998074014964
2026-01-03 16:00:00,NODE_02,2026-01-03,27.25,88.25,1.3967869531994386,33.66684220695444,34.11826705932617,958.0,18.72007872588455,0.0576950367127873,2.098447130502675,0.400312836172994,0.2327283489155518,0,0,14.237604582120678,28.47520916424136,102.31661579653571,274.69737424079693,274.69737424079693,274.69737424079693,274.69737424079693,14.442788201923904,14.442788201923904,-9.18525404261608,,0.9963728345155488,24.34363146884811,26.05182435818216,26.05182435818216,101.94549649923268
2026-01-03 17:00:00,NODE_02,2026-01-03,27.25,88.25,4.701762922673625,44.17393665714215,34.11826705932617,958.0,18.72007872588455,-0.093487084984771,7.8197244819387315,0.8118661240103798,0.053830524908459,0,0,14.237604582120678,28.47520916424136,99.94416790520728,279.3991371634705,279.3991371634705,279.3991371634705,279.3991371634705,14.442788201923904,14.442788201923904,-14.19771352422697,,0.996433655216931,25.39384967119452,26.041855044742945,26.041855044742945,99.58773254340036
2026-01-03 18:00:00,NODE_02,2026-01-03,27.25,88.25,16.450148048850423,43.49273179888899,34.11826705932617,958.0,18.72007872588455,-0.0194260387591504,29.720405560628663,0.0138621359128601,0.1898753290959199,0,0,14.237604582120678,28.47520916424136,110.94606354553936,295.849285212321,295.849285212321,295.849285212321,295.849285212321,16.450148048850423,16.450148048850423,4.287875347320295,,0.996631287155417,38.03492026936576,26.22085601824478,26.22085601824478,110.57231811621756
2026-01-03 19:00:00,NODE_02,2026-01-03,27.25,88.25,0.7627669167655777,88.49678278723984,34.11826705932617,958.0,18.72007872588455,0.0095211944962528,13.86730581094796,0.6493788202366224,0.0389578463484642,0,0,14.237604582120678,28.47520916424136,105.33996079262543,296.6120521290865,296.6120521290865,296.6120521290865,296.6120521290865,16.450148048850423,16.450148048850423,-5.233341190988568,,0.9966399210218602,33.09244914572647,26.321908858354806,26.321908858354806,104.98601020480804
2026-01-03 20:00:00,NODE_02,2026-01-03,27.25,88.25,1.0011245866328085,79.95760566235488,34.11826705932617,958.0,18.72007872588455,0.0224609360642517,0.6178733867992628,0.6688765310406853,0.3918108946171716,0,0,14.237604582120678,28.47520916424136,100.06141381778916,297.61317671571936,297.61317671571936,297.61317671571936,297.61317671571936,16.450148048850423,16.450148048850423,-12.303133575398007,,0.9966511859556956,29.129706360500307,26.362601575777205,26.362601575777205,99.72632674990318
2026-01-03 21:00:00,NODE_02,2026-01-03,27.25,88.25,6.695598551095507,69.08189031131818,34.11826705932617,958.0,18.72007872588455,-0.0254903346595441,3.5480512148425367,0.7986557803566365,0.8024017844513243,0,0,14.237604582120678,28.47520916424136,97.85715349010272,304.30877526681485,304.30877526681485,304.30877526681485,304.30877526681485,16.450148048850423,16.450148048850423,-20.295730076967416,,0.9967246273903326,31.455848957520768,26.435362252659257,26.435362252659257,97.53663484990122
2026-01-03 22:00:00,NODE_02,2026-01-03,27.25,88.25,4.323945574600561,70.89397331307731,34.11826705932617,958.0,18.72007872588455,0.001722050585292,2.470425879813768,0.9327529390603132,0.3412444497577206,0,0,14.237604582120678,28.47520916424136,100.62469328897691,308.6327208414154,308.6327208414154,308.6327208414154,308.6327208414154,16.450148048850423,16.450148048850423,-18.17510947770336,,0.9967703671715232,31.061417188493213,26.50051795598086,26.50051795598086,100.29971247617544
2026-01-03 23:00:00,NODE_02,2026-01-03,27.25,88.25,10.078809455271804,59.345095608179975,34.11826705932617,958.0,18.72007872588455,-0.1244163676706494,4.531837607817073,0.0201378489492898,0.4441834068783665,0,0,14.237604582120678,28.47520916424136,106.47129287402308,318.7115302966872,318.7115302966872,318.7115302966872,318.7115302966872,16.450148048850423,16.450148048850423,-12.16666374524894,,0.996872180371249,36.48101406549103,26.63913595750184,26.63913595750184,106.13826987427322
2026-01-04 00:00:00,NODE_02,2026-01-04,27.25,88.25,1.6103518017152931,86.29634669759633,34.11826705932617,958.0,18.72007872588455,-0.0329124206166924,5.9571759496017656,0.1537837055132161,0.6755867735674388,0,0,14.237604582120678,28.47520916424136,107.66021172180962,315.5691669501246,320.3218820984025,320.3218820984025,320.3218820984025,16.450148048850423,16.450148048850423,-3.29849224461519,102.9074965735317,0.9968878558986723,32.61921375738267,26.72105483147281,26.72105483147281,107.32515762895191
2026-01-04 01:00:00,NODE_02,2026-01-04,27.25,88.25,7.248108511467474,54.73811270176531,34.11826705932617,958.0,18.72007872588455,0.0226754356277233,2.635486920372764,0.886171294055993,0.5088940700698802,0,0,14.237604582120678,28.47520916424136,114.48076734035122,317.30823469335706,327.56999060987,327.56999060987,327.56999060987,16.450148048850423,16.450148048850423,9.103925802130902,104.21901142383832,0.9969565084195794,34.974440205242736,26.83258706625348,26.83258706625348,114.13234608883076
2026-01-04 02:00:00,NODE_02,2026-01-04,27.25,88.25,4.702558146099227,46.636239690892616,34.11826705932617,958.0,18.72007872588455,-0.0491147017127339,10.566382886825146,0.4585185621870153,0.8614456860213242,0,0,14.237604582120678,28.47520916424136,115.32576665792782,321.8324084619972,332.27254875596924,332.27254875596924,332.27254875596924,16.450148048850423,16.450148048850423,7.727996555191765,104.88562636395577,0.9969994528390268,34.43083232055555,26.933897002977503,26.933897002977503,114.97972625619532
2026-01-04 03:00:00,NODE_02,2026-01-04,27.25,88.25,1.240015344585824,31.41247358521137,34.11826705932617,958.0,18.72007872588455,0.0029492110794798,12.056655299291634,0.5645906389334635,0.8660356750457565,0,0,14.237604582120678,28.47520916424136,113.48457133707194,311.6019394538932,333.51256410055504,333.51256410055504,333.51256410055504,16.450148048850423,16.450148048850423,5.502332280029364,91.5739466904101,0.9970105756634616,30.50622281705804,26.980901290004883,26.980901290004883,113.14531779769528
2026-01-04 04:00:00,NODE_02,2026-01-04,27.25,88.25,1.8377681344386017,75.03439565827406,34.11826705932617,958.0,18.72007872588455,0.0223436250401348,11.542674017253582,0.6630272037231474,0.0099106954911536,0,0,14.237604582120678,28.47520916424136,111.72359582539488,309.06380655554136,335.35033223499363,335.35033223499363,335.35033223499363,16.450148048850423,16.450148048850423,9.11209029978646,85.43707014594258,0.9970269094329262,27.768057528937938,26.991124098302716,26.991124098302716,111.39143145652682
2026-01-04 05:00:00,NODE_02,2026-01-04,27.25,88.25,3.550070482475318,71.4110752452914,34.11826705932617,958.0,18.72007872588455,-0.0171274600428882,1.72035783677581,0.6790666044956374,0.7780463064831992,0,0,14.237604582120678,28.47520916424136,109.40796003884488,311.5525714850833,338.900402717469,338.900402717469,338.900402717469,16.450148048850423,16.450148048850423,3.4486411683010374,82.06012880645923,0.997057961708768,27.152919382072568,26.993198396812584,26.993198396812584,109.086077631045
2026-01-04 06:00:00,NODE_02,2026-01-04,27.25,88.25,1.3901633428851567,46.90485269668944,34.11826705932617,958.0,18.72007872588455,0.0085231885498285,6.224868419816199,0.9317404033165082,0.4607336002416738,0,0,14.237604582120678,28.47520916424136,100.14935100173496,311.57860016208,340.29056606035414,340.29056606035414,340.29056606035414,16.450148048850423,16.450148048850423,-7.659002560243195,71.43738510346084,0.9970699453795532,24.47014481764684,26.96126100973454,26.96126100973454,99.8559079330976
2026-01-04 07:00:00,NODE_02,2026-01-04,27.25,88.25,8.560966393778132,21.76353897714605,34.11826705932617,958.0,18.72007872588455,-0.0481366282642306,10.724199027382632,0.9969494174116696,0.9888405413036632,0,0,14.237604582120678,28.47520916424136,105.20031416754011,319.34236918733575,348.85153245413227,348.85153245413227,348.85153245413227,16.450148048850423,16.450148048850423,-3.239629816344205,75.6911509007436,0.9971416446485591,29.36058948877794,26.99125261572258,26.99125261572258,104.89961428656608
2026-01-04 08:00:00,NODE_02,2026-01-04,27.25,88.25,6.431991991164676,78.72981294026076,34.11826705932617,958.0,18.72007872588455,-0.0103305639848023,9.179786911188629,0.7201574609309402,0.4832320758754351,0,0,14.237604582120678,28.47520916424136,108.62958024973672,324.39570308991784,355.2835244452969,355.2835244452969,355.2835244452969,16.450148048850423,16.450148048850423,0.2666754546317094,77.74175889435769,0.9971932465820392,31.38849305662593,27.04553953474608,27.04553953474608,108.32468380407911
2026-01-04 09:00:00,NODE_02,2026-01-04,27.25,88.25,2.144427915652675,20.799258841785157,34.11826705932617,958.0,18.72007872588455,0.0305108084794611,8.682381806005061,0.2872212092051508,0.9868959453882976,0,0,14.237604582120678,28.47520916424136,109.10654375829576,318.909020263657,357.4279523609496,357.4279523609496,357.4279523609496,16.450148048850423,16.450148048850423,6.939221216481343,70.58761166100317,0.9972100390234272,28.82464701378471,27.06723596741728,27.06723596741728,108.80214075892138
2026-01-04 10:00:00,NODE_02,2026-01-04,27.25,88.25,3.007906782104145,69.25898457403356,34.11826705932617,958.0,18.72007872588455,0.0078486480484217,14.0575353409631,0.8797524022943436,0.7545693612057366,0,0,14.237604582120678,28.47520916424136,104.95545753742238,321.6250846563031,360.4358591430537,360.4358591430537,360.4358591430537,16.450148048850423,16.450148048850423,10.071930194554312,66.14468305067174,0.9972332573686216,27.50885674382115,27.072556699663107,27.072556699663107,104.66507279865776
2026-01-04 11:00:00,NODE_02,2026-01-04,27.25,88.25,7.541833757083488,87.91799768082399,34.11826705932617,958.0,18.72007872588455,-0.0293265634781967,2.949457393235964,0.0492209145407616,0.2486048846133063,0,0,14.237604582120678,28.47520916424136,110.66734743138797,326.2908717847819,367.9776929001373,367.9776929001373,367.9776929001373,16.450148048850423,16.450148048850423,16.7284376952273,68.98052631603267,0.997289809060976,30.924361989331462,27.11841152454012,27.11841152454012,110.36741778913355
2026-01-04 12:00:00,NODE_02,2026-01-04,27.25,88.25,3.291868996872048,50.63629297037424,34.11826705932617,958.0,18.72007872588455,0.0112108202145396,0.4650043591486287,0.2310808528744962,0.5383949792869577,0,0,14.237604582120678,28.47520916424136,111.28602475572724,325.04925979357034,371.2695618970093,371.2695618970093,371.2695618970093,16.450148048850423,16.450148048850423,17.006479322004466,65.06572265228829,0.9973137744732494,29.577576687803788,27.147342879402043,27.147342879402043,110.9870853952578
2026-01-04 13:00:00,NODE_02,2026-01-04,27.25,88.25,14.649075113688545,36.44813834971669,34.11826705932617,958.0,18.72007872588455,0.0357304895318309,3.5009002729676246,0.8973857174637149,0.9921356394785829,0,0,14.237604582120678,28.47520916424136,119.95549211490986,332.39984028463306,385.9186370106978,385.9186370106978,385.9186370106978,16.450148048850423,16.450148048850423,21.29076235578019,66.43669538884511,0.9974154773010524,39.79001529832176,27.294350698226687,27.294350698226687,119.64546442267545
2026-01-04 14:00:00,NODE_02,2026-01-04,27.25,88.25,5.479653630712448,69.34097070303672,34.11826705932617,958.0,18.72007872588455,-0.1024970639288739,3.704086057632196,0.2561915144393549,0.8575306077519237,0,0,14.237604582120678,28.47520916424136,121.67321806095488,335.6395195346576,391.3982906414103,391.3982906414103,391.3982906414103,16.450148048850423,16.450148048850423,20.574809528855862,65.91444695420223,0.9974515689190048,39.30116663428595,27.43236007680208,27.43236007680208,121.36314225032362
2026-01-04 15:00:00,NODE_02,2026-01-04,27.25,88.25,1.4650885103414646,77.19896994109097,34.11826705932617,958.0,18.72007872588455,0.0579537032477948,26.69290835476911,0.2206510596217484,0.0973668937912211,0,0,14.237604582120678,28.47520916424136,119.56279186415426,336.3246601842036,392.86337915175176,392.86337915175176,392.86337915175176,16.450148048850423,16.450148048850423,16.607473545120442,63.02407289660609,0.9974610485439046,34.87108014948452,27.51689098671893,27.51689098671893,119.25922773965594
2026-01-04 16:00:00,NODE_02,2026-01-04,27.25,88.25,1.0730710560736851,58.25012212544931,34.11826705932617,958.0,18.72007872588455,-0.0168127369340536,2.405627504309152,0.1381252931402472,0.7063719968099961,0,0,14.237604582120678,28.47520916424136,119.2390759670285,333.057561602716,393.93645020782543,393.93645020782543,393.93645020782543,16.450148048850423,16.450148048850423,16.922460170492784,58.360187361919095,0.9974679470596504,30.71348918313553,27.55280782038653,27.55280782038653,118.9371563141216
2026-01-04 17:00:00,NODE_02,2026-01-04,27.25,88.25,8.172265230256375,87.69246926793024,34.11826705932617,958.0,18.72007872588455,0.0212744966620115,11.850685687870426,0.8591117576469165,0.345579585870813,0,0,14.237604582120678,28.47520916424136,122.70957827461126,336.79562760925273,402.1087154380818,402.1087154380818,402.1087154380818,16.450148048850423,16.450148048850423,22.765410369403995,57.39649044578222,0.9975192796342464,34.278731035921574,27.62754030055914,27.62754030055914,122.4051701247124
2026-01-04 18:00:00,NODE_02,2026-01-04,27.25,88.25,2.26365179603605,23.61681051605728,34.11826705932617,958.0,18.72007872588455,0.0598623461822614,23.05421124116966,0.5000582591910867,0.0069822618803481,0,1,14.237604582120678,28.47520916424136,108.52308202179688,326.1273337655553,404.37236723411786,404.37236723411786,404.37236723411786,16.450148048850423,16.450148048850423,-2.422981523742465,30.278048553234328,0.9975331322980324,31.400573176569388,27.66900220029552,27.66900220029552,108.25536993583933
2026-01-04 19:00:00,NODE_02,2026-01-04,27.25,88.25,3.9727476749775854,55.33569188131697,34.11826705932617,958.0,18.72007872588455,-0.0685836848615233,19.41085706125436,0.6748932030541548,0.4034809690269996,0,0,14.237604582120678,28.47520916424136,111.7330627800089,327.6463255562484,408.34511490909546,408.34511490909546,408.34511490909546,16.450148048850423,16.450148048850423,6.39310198738346,31.034273427161796,0.9975570735704956,30.66323487506157,27.701548207629934,27.701548207629934,111.46010712789412
2026-01-04 20:00:00,NODE_02,2026-01-04,27.25,88.25,3.555017968094845,70.2917763125785,34.11826705932617,958.0,18.72007872588455,-0.0354720501213773,4.583056634565225,0.2390663840750296,0.2347544217249713,0,0,14.237604582120678,28.47520916424136,114.28695616147093,326.7129173724473,411.9001328771903,411.9001328771903,411.9001328771903,16.450148048850423,16.450148048850423,14.225542343681768,29.099740656727903,0.997578106858354,29.618767611897173,27.722163470041405,27.722163470041405,114.01016536616386
2026-01-04 21:00:00,NODE_02,2026-01-04,27.25,88.25,0.6364503299104098,80.38483298044252,34.11826705932617,958.0,18.72007872588455,-0.0144274347937852,9.292847168690296,0.7580404210112165,0.8188692705204715,0,0,14.237604582120678,28.47520916424136,108.22780794028584,324.2378449974587,412.5365832071007,412.5365832071007,412.5365832071007,16.450148048850423,16.450148048850423,10.37065445018311,19.929069730643818,0.9975818342545544,25.812402800023005,27.701846867168868,27.701846867168868,107.96609516241998
2026-01-04 22:00:00,NODE_02,2026-01-04,27.25,88.25,0.624119388388736,32.547892833545305,34.11826705932617,958.0,18.72007872588455,-0.0391876760562214,5.7764486529234,0.7600055449620985,0.3373306088457655,0,0,14.237604582120678,28.47520916424136,104.527981754074,323.9524778097312,413.1607025954895,413.1607025954895,413.1607025954895,16.450148048850423,16.450148048850423,3.9032884650970914,15.319756968315772,0.9975854783089436,22.56466176840829,27.647771234550337,27.647771234550337,104.27559667480644
2026-01-04 23:00:00,NODE_02,2026-01-04,27.25,88.25,9.221604690331947,76.0002437234577,34.11826705932617,958.0,18.72007872588455,0.0867468287918404,1.9881046150278987,0.3125980249083001,0.8275236939538171,0,0,14.237604582120678,28.47520916424136,103.67077698913415,328.7800264824292,422.38230728582135,422.38230728582135,422.38230728582135,16.450148048850423,16.450148048850423,-2.800515884888924,10.068496185742037,0.9976380685191814,28.401567193478996,27.65562327578918,27.65562327578918,103.4259137173226
2026-01-05 00:00:00,NODE_02,2026-01-05,27.25,88.25,2.561868596524976,58.68949530029817,34.11826705932617,958.0,18.72007872588455,-0.0428386046913396,13.40735544992577,0.4106826330102828,0.0005979388347953,0,0,14.237604582120678,28.47520916424136,104.62229378394385,323.2412094721783,424.9441758823464,424.9441758823464,424.9441758823464,16.450148048850423,16.450148048850423,-3.037917937865785,7.672042522053658,0.9976522745077367,26.70320071098212,27.645804486461277,27.645804486461277,104.37666935776822
2026-01-05 01:00:00,NODE_02,2026-01-05,27.25,88.25,2.431251186330777,47.75875773929742,34.11826705932617,958.0,18.72007872588455,-0.0277773389743433,7.760939262535291,0.2096902774302008,0.3078191500261191,0,0,14.237604582120678,28.47520916424136,99.80543645880714,319.6630453373787,427.37542706867714,427.37542706867714,427.37542706867714,16.450148048850423,16.450148048850423,-14.675330881544085,2.354810644021597,0.9976655990591176,25.12897179066557,27.620122520177645,27.620122520177645,99.57245055403251
2026-01-05 02:00:00,NODE_02,2026-01-05,27.25,88.25,15.700969153425902,29.220052000536548,34.11826705932617,958.0,18.72007872588455,0.0102194515801488,1.713013608483312,0.9765610233229044,0.2411652143077619,0,0,14.237604582120678,28.47520916424136,110.80384746613382,333.7273842267977,443.076396222103,443.076396222103,443.076396222103,16.450148048850423,16.450148048850423,-4.521919191793998,11.89497576480052,0.9977481352116272,37.06059517549164,27.71548082982728,27.71548082982728,110.5543321836086
2026-01-05 03:00:00,NODE_02,2026-01-05,27.25,88.25,7.683095835423224,80.57070312362387,34.11826705932617,958.0,18.72007872588455,-0.0601074763038044,3.229518635658692,0.6456025770584116,0.2335673610686109,0,0,14.237604582120678,28.47520916424136,117.2469279569712,338.71373835108574,450.75949205752624,450.75949205752624,450.75949205752624,16.450148048850423,16.450148048850423,3.762356619899265,27.11179889719253,0.9977864327865132,39.18460173459112,27.83017203887492,27.83017203887492,116.9873940013636
2026-01-05 04:00:00,NODE_02,2026-01-05,27.25,88.25,11.682242888428569,31.00912457258007,34.11826705932617,958.0,18.72007872588455,-0.0197840355878131,4.026297254618656,0.9345438807155156,0.0681866197654627,0,0,14.237604582120678,28.47520916424136,127.09140271096118,341.4265040619644,462.4417349459548,462.4417349459548,462.4417349459548,16.450148048850423,16.450148048850423,15.36780688556631,32.36269750642309,0.9978422314509146,44.989154362831016,28.00006295297349,28.00006295297349,126.81716887933231
2026-01-05 05:00:00,NODE_02,2026-01-05,27.25,88.25,9.467742962424264,41.68515014463695,34.11826705932617,958.0,18.72007872588455,0.0158726630625087,12.20166059736044,0.3033855436291331,0.1871242704105017,0,0,14.237604582120678,28.47520916424136,133.00907519091012,348.37635410029884,471.9094779083791,471.9094779083791,471.9094779083791,16.450148048850423,16.450148048850423,23.601115152065237,36.82378261521556,0.9978854304117082,47.70852417083063,28.193283160991697,28.193283160991697,132.7278182455446
2026-01-05 06:00:00,NODE_02,2026-01-05,27.25,88.25,6.8357841746778405,40.30318723737058,34.11826705932617,958.0,18.72007872588455,-0.0166430202191255,1.2086950641964316,0.7818909129968897,0.5555495698856199,0,0,14.237604582120678,28.47520916424136,138.4546960227028,346.4124005864159,478.7452620830569,478.7452620830569,478.7452620830569,16.450148048850423,16.450148048850423,38.30534502096782,34.83380042433595,0.997915560446271,47.38802971988388,28.37963992369939,28.37963992369939,138.16609557791355
2026-01-05 07:00:00,NODE_02,2026-01-05,27.25,88.25,11.293985541601067,80.9989823933598,34.11826705932617,958.0,18.72007872588455,-0.0046693429449974,1.2023878694565726,0.765858643884742,0.2913610728377445,0,0,14.237604582120678,28.47520916424136,141.1877151705257,354.8279733219502,490.039247624658,490.039247624658,490.039247624658,16.450148048850423,16.450148048850423,35.98740100298562,35.48560413461445,0.9979635029076852,51.57381080350236,28.60266079754365,28.60266079754365,140.9001867991104
2026-01-05 08:00:00,NODE_02,2026-01-05,27.25,88.25,1.5670906805392515,67.08920959462286,34.11826705932617,958.0,18.72007872588455,-0.0264666056224185,5.673444131262364,0.6916556518665415,0.4173947823291479,0,0,14.237604582120678,28.47520916424136,136.32281385990032,353.31529890474206,491.60633830519726,491.60633830519726,491.60633830519726,16.450148048850423,16.450148048850423,27.69323361016359,28.91959581482421,0.9979699814593526,45.404829863516255,28.762681455314816,28.762681455314816,136.0460760202515
2026-01-05 09:00:00,NODE_02,2026-01-05,27.25,88.25,1.3553820378762491,75.76769780339606,34.11826705932617,958.0,18.72007872588455,-0.0757235154590383,1.5865177305383027,0.9656389752668004,0.3768668803471885,0,0,14.237604582120678,28.47520916424136,135.5337679821239,346.80763428223406,492.9617203430735,492.9617203430735,492.9617203430735,16.450148048850423,16.450148048850423,26.42722422382812,27.89861401857709,0.9979755516291718,39.949487421865065,28.86821736065963,28.86821736065963,135.25938686634026
2026-01-05 10:00:00,NODE_02,2026-01-05,27.25,88.25,0.6281954228930208,37.53275291547493,34.11826705932617,958.0,18.72007872588455,0.0160796605669619,3.926041188911471,0.3935553361063155,0.8759049249998946,0,0,14.237604582120678,28.47520916424136,133.15405662291278,332.9930415032032,493.5899157659665,493.5899157659665,493.5899157659665,16.450148048850423,16.450148048850423,28.1985990854904,11.3679568469001,0.997978122949694,34.585259731478324,28.921647663190647,28.921647663190647,132.88483549167177
2026-01-05 11:00:00,NODE_02,2026-01-05,27.25,88.25,0.3447732916818219,63.74118697248992,34.11826705932617,958.0,18.72007872588455,0.087746653582362,2.840089510777817,0.1307173235897573,0.9052989990105156,0,0,14.237604582120678,28.47520916424136,125.95699615751111,330.5632533250597,493.9346890576483,493.9346890576483,493.9346890576483,16.450148048850423,16.450148048850423,15.28964872612316,4.272381540277792,0.9979795313965484,29.742244063438395,28.929245778007758,28.929245778007758,125.7025040013898
2026-01-05 12:00:00,NODE_02,2026-01-05,27.25,88.25,3.900002525869258,60.022218820062406,34.11826705932617,958.0,18.72007872588455,0.0009200815391719,0.2227379708165993,0.6717088592440608,0.49295697165586,0,0,14.237604582120678,28.47520916424136,126.56512968650831,332.1306998759583,497.8346915835176,497.8346915835176,497.8346915835176,16.450148048850423,16.450148048850423,15.279104930781074,7.0814400823880135,0.9979953278774064,29.18090997979189,28.93155462389569,28.93155462389569,126.31140809933336
2026-01-05 13:00:00,NODE_02,2026-01-05,27.25,88.25,0.5189379234850079,78.29812637517898,34.11826705932617,958.0,18.72007872588455,0.0112632058623774,2.285995779126613,0.7293098004772062,0.3301559503156044,0,0,14.237604582120678,28.47520916424136,112.4349924963048,331.0552143703443,498.3536295070026,498.3536295070026,498.3536295070026,16.450148048850423,16.450148048850423,-7.520499618605072,-1.3446259142887556,0.9979974111713432,25.32271140630812,28.89874695828125,28.89874695828125,112.20983143638156
2026-01-05 14:00:00,NODE_02,2026-01-05,27.25,88.25,0.961617484982692,83.42609423368823,34.11826705932617,958.0,18.72007872588455,0.0346361377558429,3.8043244515530703,0.5750605734588147,0.1068007040023636,0,0,14.237604582120678,28.47520916424136,107.91695635057502,330.68858294362894,499.3152469919853,499.3152469919853,499.3152469919853,16.450148048850423,16.450148048850423,-13.75626171037986,-4.950936591028707,0.9980012601934236,22.48592218034459,28.840973762083625,28.840973762083625,107.70125843411256
2026-01-05 15:00:00,NODE_02,2026-01-05,27.25,88.25,2.8399563774518675,20.850974003417075,34.11826705932617,958.0,18.72007872588455,-0.0634665248273349,10.164175277975255,0.2068178931333962,0.953402879382095,0,0,14.237604582120678,28.47520916424136,109.29182421768542,331.8099344008735,502.1552033694372,502.1552033694372,502.1552033694372,16.450148048850423,16.450148048850423,-10.270967646468849,-4.514725783330064,0.998012541670436,21.952990230744767,28.77947390912524,28.77947390912524,109.07461127129072
2026-01-05 16:00:00,NODE_02,2026-01-05,27.25,88.25,3.255223636495438,67.18139433411548,34.11826705932617,958.0,18.72007872588455,0.0851257329064802,19.65737718892517,0.5044559416693554,0.0602269449002974,0,0,14.237604582120678,28.47520916424136,111.4739767981072,333.02966856167143,505.4104270059326,505.4104270059326,505.4104270059326,16.450148048850423,16.450148048850423,-7.76509916892131,-0.0278930410446065,0.9980253171209124,21.91526533262849,28.71872870048368,28.71872870048368,111.25385104466017
2026-01-05 17:00:00,NODE_02,2026-01-05,27.25,88.25,3.548893782210879,23.628505938381032,34.11826705932617,958.0,18.72007872588455,0.0101164398211401,2.044547695328238,0.3121897365691294,0.2976502775682804,0,0,14.237604582120678,28.47520916424136,106.85060535006168,329.5043515298802,508.9593207881435,508.9593207881435,508.9593207881435,16.450148048850423,16.450148048850423,-15.85897292454959,-7.291276079372565,0.9980390592754448,22.17686931494509,28.661343969031584,28.661343969031584,106.64107764658736
2026-01-05 18:00:00,NODE_02,2026-01-05,27.25,88.25,14.955977482342078,58.42010655541492,34.11826705932617,958.0,18.72007872588455,0.0815928449544554,5.45245923984012,0.427466528166689,0.2980662011700041,0,0,14.237604582120678,28.47520916424136,119.5429310363677,339.0120766037039,523.9152982704856,523.9152982704856,523.9152982704856,16.450148048850423,16.450148048850423,11.019849014570823,12.884742838148654,0.998094930737788,33.806316400045404,28.70608285973605,28.70608285973605,119.31519347293558
2026-01-05 19:00:00,NODE_02,2026-01-05,27.25,88.25,4.24878105308998,40.13429103305747,34.11826705932617,958.0,18.72007872588455,-0.0366516497761994,7.240108435851954,0.6452185758446639,0.3204012861402149,0,0,14.237604582120678,28.47520916424136,119.8189644144801,336.8919879871145,528.1640793235755,528.1640793235755,528.1640793235755,16.450148048850423,16.450148048850423,8.085901634471213,9.245662430866105,0.9981102269804892,32.984149993128575,28.74296274881702,28.74296274881702,119.5925337683039
2026-01-05 20:00:00,NODE_02,2026-01-05,27.25,88.25,3.906060122395124,41.474361966549885,34.11826705932617,958.0,18.72007872588455,0.0909030961278912,25.200171204147846,0.7452147426908345,0.1642868432724092,0,0,14.237604582120678,28.47520916424136,120.17000656878038,334.51837654804046,532.0701394459707,532.0701394459707,532.0701394459707,16.450148048850423,16.450148048850423,5.883050407309455,7.805459175593214,0.9981240742521438,31.94258761655441,28.770309969908794,28.770309969908794,119.94457655933796
2026-01-05 21:00:00,NODE_02,2026-01-05,27.25,88.25,11.290945597420423,44.70709524166496,34.11826705932617,958.0,18.72007872588455,0.0387577747017391,2.693960161303187,0.2322246909013431,0.7831614309236972,0,0,14.237604582120678,28.47520916424136,130.82450183629038,336.9094632666789,543.3610850433911,543.3610850433911,543.3610850433911,16.450148048850423,16.450148048850423,22.596693896004552,12.671618269220248,0.9981629840422552,38.44214507149167,28.852274674159496,28.852274674159496,130.5841751387531
2026-01-05 22:00:00,NODE_02,2026-01-05,27.25,88.25,2.7848972571009423,63.49047143347271,34.11826705932617,958.0,18.72007872588455,0.0276520042926179,1.9127110456179828,0.4053253606469533,0.1224978619659892,0,0,14.237604582120678,28.47520916424136,132.9852797050026,338.1379547480535,546.145982300492,546.145982300492,546.145982300492,16.450148048850423,16.450148048850423,28.45729795092859,14.185476938322324,0.9981723341990094,35.46072056786887,28.907807832930164,28.907807832930164,132.7422270572506
2026-01-05 23:00:00,NODE_02,2026-01-05,27.25,88.25,4.16059680315888,43.38349759681385,34.11826705932617,958.0,18.72007872588455,0.0117012227176573,3.2722694911439976,0.2691615709916292,0.6349066591531628,0,0,14.237604582120678,28.47520916424136,127.92427181782952,338.06634168098674,550.3065791036508,550.3065791036508,550.3065791036508,16.450148048850423,16.450148048850423,24.25349482869538,9.286315198557515,0.99818612721505,34.30220928584742,28.95276117837114,28.95276117837114,127.69223346264462
2026-01-06 00:00:00,NODE_02,2026-01-06,27.25,88.25,7.737474478508275,71.28893354131962,34.11826705932617,958.0,18.72007872588455,-0.0124264309037224,1.8960293494767384,0.1986316138618691,0.1238460267058174,0,0,14.237604582120678,28.47520916424136,133.09987769981285,345.38238320556627,558.0440535821592,558.0440535821592,558.0440535821592,16.450148048850423,16.450148048850423,28.47758391586902,22.141173733388044,0.998211232203272,36.894352371478575,29.018394163438145,29.018394163438145,132.86179292483502
2026-01-06 01:00:00,NODE_02,2026-01-06,27.25,88.25,1.6037432743102011,48.31691699017088,34.11826705932617,958.0,18.72007872588455,0.0600265829236936,8.241780947435444,0.7833872199958384,0.0705356375929565,0,0,14.237604582120678,28.47520916424136,132.27236978779226,346.5585735869506,559.6477968564694,559.6477968564694,559.6477968564694,16.450148048850423,16.450148048850423,32.46693332898512,26.89552824957194,0.998216349006262,32.963942790066994,29.050734725951493,29.050734725951493,132.0364420439762
2026-01-06 02:00:00,NODE_02,2026-01-06,27.25,88.25,7.780532589385755,24.7847240216971,34.11826705932617,958.0,18.72007872588455,0.0070179934924023,10.427140312769904,0.9092526944369924,0.9094295036858764,0,0,14.237604582120678,28.47520916424136,124.35193322375213,350.4815473478137,567.4283294458552,567.4283294458552,567.4283294458552,16.450148048850423,16.450148048850423,13.548085757618296,16.754163121016063,0.9982407632621428,35.7998839609427,29.10560585794329,29.10560585794329,124.13316873440132
2026-01-06 03:00:00,NODE_02,2026-01-06,27.25,88.25,0.6933107796085155,74.8631889738875,34.11826705932617,958.0,18.72007872588455,-0.0983534851793576,5.857350527315157,0.3702321856845767,0.1901287663187056,0,0,14.237604582120678,28.47520916424136,117.3621481679374,348.09364746198054,568.1216402254637,568.1216402254637,568.1216402254637,16.450148048850423,16.450148048850423,0.1152202109661857,9.379909110894816,0.9982429063853488,31.123212146409813,29.12187687639867,29.12187687639867,117.15593188678976
2026-01-06 04:00:00,NODE_02,2026-01-06,27.25,88.25,6.151925025402724,40.00308272148942,34.11826705932617,958.0,18.72007872588455,-0.0558593230853501,5.511821968949538,0.7512789243737669,0.8212501545597043,0,0,14.237604582120678,28.47520916424136,111.83183030491156,350.6468288412676,574.2735652508663,574.2735652508663,574.2735652508663,16.450148048850423,16.450148048850423,-15.259572406049628,9.22032477930314,0.9982616965902754,32.60665534985107,29.14975510418629,29.14975510418629,111.63743265297678
2026-01-06 05:00:00,NODE_02,2026-01-06,27.25,88.25,6.183819605115605,50.29368157194838,34.11826705932617,958.0,18.72007872588455,-0.0092922876096373,13.6231050977441,0.8969952893644111,0.5446308711071358,0,0,14.237604582120678,28.47520916424136,108.5479069476029,350.9649421773579,580.457384855982,580.457384855982,580.457384855982,16.450148048850423,16.450148048850423,-24.461168243307227,2.5885880770590437,0.9982801835077773,33.899476652489014,29.1874513069506,29.1874513069506,108.36122446703816
2026-01-06 06:00:00,NODE_02,2026-01-06,27.25,88.25,2.367668791884692,67.9810718255331,34.11826705932617,958.0,18.72007872588455,0.0154999491582777,3.838489229130229,0.8461242105302316,0.0778565196087696,0,0,14.237604582120678,28.47520916424136,104.07979156480974,342.6838385892476,582.8250536478666,582.8250536478666,582.8250536478666,16.450148048850423,16.450148048850423,-34.37490445789305,-3.728561997168427,0.99828715812425,31.182223946500358,29.203158178128152,29.203158178128152,103.9015193393982
2026-01-06 07:00:00,NODE_02,2026-01-06,27.25,88.25,2.9496203173882565,43.27193100040984,34.11826705932617,958.0,18.72007872588455,-0.0028294244449947,9.072972572344158,0.1828133885392259,0.9554481914380676,0,0,14.237604582120678,28.47520916424136,95.73542634059694,342.1234556786628,585.7746739652549,585.7746739652549,585.7746739652549,16.450148048850423,16.450148048850423,-45.45228882992879,-12.704517643287376,0.9982957683002194,29.45451067191356,29.20512186948585,29.20512186948585,95.57227099223527
2026-01-06 08:00:00,NODE_02,2026-01-06,27.25,88.25,12.190464169145883,23.96099593027009,34.11826705932617,958.0,18.72007872588455,0.0609485394896831,3.7728959485402336,0.9562918815133612,0.2469611669918925,0,0,14.237604582120678,28.47520916424136,106.35879982920358,351.31119393884063,597.9651381344008,597.9651381344008,597.9651381344008,16.450148048850423,16.450148048850423,-29.964014030696745,-2.004104965901448,0.9983304537504224,37.2267982402724,29.267305407243885,29.267305407243885,106.18122889383916
2026-01-06 09:00:00,NODE_02,2026-01-06,27.25,88.25,3.162909540471438,46.17447329089695,34.11826705932617,958.0,18.72007872588455,-0.0975550932019312,1.253961333670166,0.3766764404294624,0.8596453453526065,0,0,14.237604582120678,28.47520916424136,108.16632733179875,352.80663907221845,601.1280476748723,601.1280476748723,601.1280476748723,16.450148048850423,16.450148048850423,-27.367440650325136,5.999004789984326,0.9983392236852916,34.805688044702976,29.309908350608957,29.309908350608957,107.98668725731712
2026-01-06 10:00:00,NODE_02,2026-01-06,27.25,88.25,5.544777534452669,86.11140078860124,34.11826705932617,958.0,18.72007872588455,0.007179396825258,12.028382402989944,0.3392406611738363,0.1688100057845641,0,0,14.237604582120678,28.47520916424136,113.0829094433584,351.1924236036936,606.672825209325,606.672825209325,606.672825209325,16.450148048850423,16.450148048850423,-20.071147179554373,18.19938210049034,0.998354377621452,35.1296123724502,29.35433357214973,29.35433357214973,112.8968176769471
2026-01-06 11:00:00,NODE_02,2026-01-06,27.25,88.25,3.669968017750862,64.92140781089907,34.11826705932617,958.0,18.72007872588455,-0.0908989612693577,6.175383127991952,0.0624313272777803,0.8539428821418529,0,0,14.237604582120678,28.47520916424136,116.40810416942745,353.0324477583265,610.3427932270757,610.3427932270757,610.3427932270757,16.450148048850423,16.450148048850423,-9.548891988083668,22.469194433266797,0.9983642565004792,33.53013853433353,29.38596845822688,29.38596845822688,116.21769036974078
2026-01-06 12:00:00,NODE_02,2026-01-06,27.25,88.25,1.7630063269066447,67.00354040670449,34.11826705932617,958.0,18.72007872588455,0.0379856147742084,11.17762790360555,0.486173654104883,0.0132288129052939,0,0,14.237604582120678,28.47520916424136,114.27110797046484,352.1222624127004,612.1057995539825,612.1057995539825,612.1057995539825,16.450148048850423,16.450148048850423,-12.294021716043488,19.99156253674205,0.998368960135873,30.263624081090143,29.392567372684496,29.392567372684496,114.08472723804704
2026-01-06 13:00:00,NODE_02,2026-01-06,27.25,88.25,1.898277210974861,64.2597507546348,34.11826705932617,958.0,18.72007872588455,-0.0047229357221001,6.801367797532671,0.1090136156409287,0.5117804565694807,0,0,14.237604582120678,28.47520916424136,115.65044725795468,348.04093186916936,614.0040767649573,614.0040767649573,614.0040767649573,16.450148048850423,16.450148048850423,3.2154547616498945,16.98571749882501,0.9983739945184426,27.622357679901484,29.3793568525891,29.3793568525891,115.46239899676868
2026-01-06 14:00:00,NODE_02,2026-01-06,27.25,88.25,4.93525543767716,33.92944972716057,34.11826705932617,958.0,18.72007872588455,0.0209804986012059,7.525850573380805,0.248539820927426,0.7694425794215568,0,0,14.237604582120678,28.47520916424136,119.62408521064916,349.21425962217904,618.9393322026344,618.9393322026344,618.9393322026344,16.450148048850423,16.450148048850423,11.707128860074135,18.52567667855014,0.9983869389340936,28.41425946559342,29.3722079830558,29.3722079830558,119.4311242562512
2026-01-06 15:00:00,NODE_02,2026-01-06,27.25,88.25,10.365386060403152,49.28337048715961,34.11826705932617,958.0,18.72007872588455,-0.0431941480294883,1.960407095937616,0.3169426217672814,0.9347955174927832,0,0,14.237604582120678,28.47520916424136,127.14951489360044,356.00413097544015,629.3047182630376,629.3047182630376,629.3047182630376,16.450148048850423,16.450148048850423,17.857690675915023,24.194196574566615,0.9984134657872216,34.51750660615756,29.410041061166844,29.410041061166844,126.94778783808356
2026-01-06 16:00:00,NODE_02,2026-01-06,27.25,88.25,0.7536940760421855,72.56578588543228,34.11826705932617,958.0,18.72007872588455,0.0639732465828875,7.3616927264943826,0.808826323491684,0.909202136206487,0,0,14.237604582120678,28.47520916424136,124.64798533314718,355.36103809828285,630.0584123390798,630.0584123390798,630.0584123390798,16.450148048850423,16.450148048850423,13.174008535039988,22.33136953661146,0.9984153606378632,30.093574691276118,29.415030357736985,29.415030357736985,124.45046322917725
2026-01-06 17:00:00,NODE_02,2026-01-06,27.25,88.25,11.50836186284786,27.09610282872114,34.11826705932617,958.0,18.72007872588455,0.0520862332029425,13.52125602760244,0.8754886503958965,0.8196248695476449,0,0,14.237604582120678,28.47520916424136,132.6074534137842,362.16763703845714,641.5667742019276,641.5667742019276,641.5667742019276,16.450148048850423,16.450148048850423,25.756848063722515,32.66328550857692,0.9984437415064884,37.08790035043256,29.470630864930428,29.470630864930428,132.40108193810605
2026-01-06 18:00:00,NODE_02,2026-01-06,27.25,88.25,6.003518949376959,39.44969432627986,34.11826705932617,958.0,18.72007872588455,0.0291772151505943,4.315613426326777,0.3024663174614697,0.8881913496613041,0,0,14.237604582120678,28.47520916424136,123.65499488081906,351.72100793898363,647.5702931513046,647.5702931513046,647.5702931513046,15.700969153425902,16.450148048850423,4.112063844451356,12.708931335279717,0.9984581470804944,37.52823424724463,29.528599234587364,29.528599234587364,123.4643370659506
2026-01-06 19:00:00,NODE_02,2026-01-06,27.25,88.25,2.787476021585135,39.34233759260975,34.11826705932617,958.0,18.72007872588455,-0.006475862343172,2.5538013501940906,0.8586981212445739,0.1992196858370765,0,0,14.237604582120678,28.47520916424136,122.1936898493142,353.7457170438032,650.3577691728898,650.3577691728898,650.3577691728898,15.700969153425902,16.450148048850423,2.3747254348340903,16.853729056688763,0.9984647454174534,34.68647513174307,29.56544120528134,29.56544120528134,122.00609142701477
2026-01-06 20:00:00,NODE_02,2026-01-06,27.25,88.25,4.682174731293167,50.24132493161542,34.11826705932617,958.0,18.72007872588455,0.0289928642647566,9.347350354135347,0.8572309373697911,0.2841842957117287,0,0,14.237604582120678,28.47520916424136,122.96980445821224,357.42676718846354,655.0399439041829,655.0399439041829,655.0399439041829,15.700969153425902,16.450148048850423,2.799797889431872,22.908390640423093,0.9984757025707172,34.16567859327478,29.598067002359304,29.598067002359304,122.78236190139718
2026-01-06 21:00:00,NODE_02,2026-01-06,27.25,88.25,5.917607364944167,88.62581186595295,34.11826705932617,958.0,18.72007872588455,-0.0353446283993674,1.05773098368593,0.7646509503848735,0.2889685249210585,0,0,14.237604582120678,28.47520916424136,117.59646622573598,356.6487760023122,660.9575512691271,660.9575512691271,660.9575512691271,15.700969153425902,16.450148048850423,-13.2280356105544,19.739312735633263,0.9984893291147102,34.95843416922772,29.63581606691472,29.63581606691472,117.4188166679958
2026-01-06 22:00:00,NODE_02,2026-01-06,27.25,88.25,1.0241913704733676,24.725178267867538,34.11826705932617,958.0,18.72007872588455,0.0427777829510356,14.882880099648933,0.1466951140151815,0.3770539310016988,0,0,14.237604582120678,28.47520916424136,115.83576033910842,353.34902179818505,661.9817426396004,661.9817426396004,661.9817426396004,15.700969153425902,16.450148048850423,-17.14951936589418,15.211067050131504,0.9984916628382275,30.73886041431693,29.643529663749693,29.643529663749693,115.66104095712676
2026-01-06 23:00:00,NODE_02,2026-01-06,27.25,88.25,3.018971852778167,56.30906960664165,34.11826705932617,958.0,18.72007872588455,0.082474044716196,3.725676314954129,0.690322846900729,0.3933206703851887,0,0,14.237604582120678,28.47520916424136,114.6941353887277,346.2891841956914,665.0007144923786,665.0007144923786,665.0007144923786,15.700969153425902,16.450148048850423,-13.230136429101831,8.222842514704624,0.9984985001093246,29.14700320494756,29.64008156334135,29.64008156334135,114.52192215698042
2026-01-07 00:00:00,NODE_02,2026-01-07,27.25,88.25,3.5123378441516837,32.55552774085473,34.11826705932617,958.0,18.72007872588455,0.0535305279989593,9.096719855422483,0.9450240645805688,0.5445553246546755,0,0,14.237604582120678,28.47520916424136,110.46899875437111,348.19117023812777,668.5130523365303,668.5130523365303,668.5130523365303,15.700969153425902,16.450148048850423,-22.630878945441737,2.808787032561497,0.9985063771400572,28.287290568357108,29.63075197027249,29.63075197027249,110.30399973251656
2026-01-07 01:00:00,NODE_02,2026-01-07,27.25,88.25,0.4325495371058264,87.9473581786821,34.11826705932617,958.0,18.72007872588455,-0.0364801234903704,6.220768097501297,0.6825404787671571,0.1598797633664413,1,0,14.237604582120678,28.47520916424136,109.29780501716674,341.37561126376613,668.9456018736361,668.9456018736361,668.9456018736361,15.700969153425902,16.450148048850423,-22.97456477062552,-5.182962323184484,0.9985073414957822,24.476746520209367,29.59545056308028,29.59545056308028,109.13466071901551
2026-01-07 02:00:00,NODE_02,2026-01-07,27.25,88.25,6.996337653282801,27.931245330922497,34.11826705932617,958.0,18.72007872588455,0.0180708658636551,12.07612257417086,0.3316168491078339,0.6912466637859893,0,0,14.237604582120678,28.47520916424136,108.51361008106376,343.6693907709497,675.9419395269189,675.9419395269189,675.9419395269189,15.700969153425902,16.450148048850423,-15.838323142688338,-6.812156576864041,0.9985227684360952,27.801572195460764,29.583247308878786,29.583247308878786,108.3533103511388
2026-01-07 03:00:00,NODE_02,2026-01-07,27.25,88.25,1.8558663843173795,48.25207016531139,34.11826705932617,958.0,18.72007872588455,-0.0646570771879323,12.578256051161558,0.5005793174308313,0.1675665393045065,0,0,14.237604582120678,28.47520916424136,109.67616568577265,344.28524181068127,677.7978059112363,677.7978059112363,677.7978059112363,15.700969153425902,16.450148048850423,-7.685982482164746,-3.808405651299296,0.9985268072594052,25.48720275045903,29.555571332132708,29.555571332132708,109.51459155466812
2026-01-07 04:00:00,NODE_02,2026-01-07,27.25,88.25,1.9727346587180208,71.65194893842244,34.11826705932617,958.0,18.72007872588455,0.0286195155587837,5.6485038068882885,0.6457250433510536,0.3103084821045475,0,0,14.237604582120678,28.47520916424136,105.49697531908797,344.4202083349607,679.7705405699543,679.7705405699543,679.7705405699543,15.700969153425902,16.450148048850423,-6.334854985823597,-6.226620506306915,0.9985310762725385,23.636856996608195,29.515848417129185,29.515848417129185,105.34200830886633
2026-01-07 05:00:00,NODE_02,2026-01-07,27.25,88.25,3.2377760619940785,69.31880996192118,34.11826705932617,958.0,18.72007872588455,0.0225301706431269,17.01255289458198,0.5105704087285036,0.503345130606154,0,0,14.237604582120678,28.47520916424136,102.5509317759664,344.1079139144794,683.0083166319484,683.0083166319484,683.0083166319484,15.700969153425902,16.450148048850423,-5.9969751716364925,-6.857028262878487,0.998538029471741,23.329104509111044,29.4746034577424,29.4746034577424,102.40100533606444
2026-01-07 06:00:00,NODE_02,2026-01-07,27.25,88.25,5.161059010014421,49.59100458257526,34.11826705932617,958.0,18.72007872588455,-0.0934908169766082,0.9353230543841616,0.1199529417309698,0.7964405615234773,0,0,14.237604582120678,28.47520916424136,105.34432199409616,347.87880958160866,688.1693756419628,688.1693756419628,688.1693756419628,15.700969153425902,16.450148048850423,1.2645304292864097,5.194970992361178,0.9985489778923092,24.99079784275881,29.444909380821976,29.444909380821976,105.191465053963
2026-01-07 07:00:00,NODE_02,2026-01-07,27.25,88.25,4.845449932523541,44.25669175669027,34.11826705932617,958.0,18.72007872588455,-0.0580891921956181,7.208098444639791,0.3120640446520206,0.7394692332387273,0,0,14.237604582120678,28.47520916424136,107.24015160923142,344.16329312035407,693.0148255744864,693.0148255744864,693.0148255744864,15.700969153425902,16.450148048850423,11.504725268634472,2.0398374416913043,0.99855910859084,26.087628098868528,29.42282200396702,29.42282200396702,107.08563019606066
2026-01-07 08:00:00,NODE_02,2026-01-07,27.25,88.25,3.6577244968505314,47.83286649870094,34.11826705932617,958.0,18.72007872588455,-0.0141569448371883,13.708596948631374,0.8023960305536325,0.6455343564105223,0,0,14.237604582120678,28.47520916424136,98.70741193693608,341.38902562604,696.6725500713369,696.6725500713369,696.6725500713369,15.700969153425902,16.450148048850423,-7.651387892267508,-9.922168312800665,0.9985666628278586,25.83220838088878,29.39935394107108,29.39935394107108,98.56593093424098
2026-01-07 09:00:00,NODE_02,2026-01-07,27.25,88.25,4.689176478403027,38.49933842110475,34.11826705932617,958.0,18.72007872588455,-0.0150429873570413,7.494094081810093,0.8614180460955174,0.1557732605801701,0,0,14.237604582120678,28.47520916424136,100.23367887486766,343.9337741887903,701.36172654974,701.36172654974,701.36172654974,15.700969153425902,16.450148048850423,-7.932648456931091,-8.872864883428107,0.9985762322145424,26.64655360215849,29.381478614195025,29.381478614195025,100.09096939186772
2026-01-07 10:00:00,NODE_02,2026-01-07,27.25,88.25,1.6535335607371175,34.373305709475986,34.11826705932617,958.0,18.72007872588455,-0.0604738467709402,2.5462924072724427,0.1373000327155702,0.5470453456155777,0,0,14.237604582120678,28.47520916424136,96.3424349011521,342.5794009674233,703.015260110477,703.015260110477,703.015260110477,15.700969153425902,16.450148048850423,-16.7404745422063,-8.613022636270273,0.9985795762440672,24.303104122571835,29.348714907797454,29.348714907797454,96.20558781791412
2026-01-07 11:00:00,NODE_02,2026-01-07,27.25,88.25,4.0339796573201765,53.8127788291223,34.11826705932617,958.0,18.72007872588455,0.0194489364676092,5.757286110149662,0.9523867523987246,0.0874465017998854,0,0,14.237604582120678,28.47520916424136,96.70644654072144,339.07154686765995,707.0492397677972,707.0492397677972,707.0492397677972,15.700969153425902,16.450148048850423,-19.701657628706016,-13.960900890666522,0.9985876688458448,24.69161816150624,29.31886172352636,29.31886172352636,96.56986501346432
2026-01-07 12:00:00,NODE_02,2026-01-07,27.25,88.25,5.596093273782073,38.79736292473251,34.11826705932617,958.0,18.72007872588455,0.0125736804470256,2.7698442864675963,0.3288226178486093,0.3773631767966507,0,0,14.237604582120678,28.47520916424136,100.53953348759686,341.37577114457,712.6453330415793,712.6453330415793,712.6453330415793,15.700969153425902,16.450148048850423,-13.73157448286797,-10.746491268130384,0.9985987437264698,26.583968711062376,29.301442022810026,29.301442022810026,100.39865183555956
2026-01-07 13:00:00,NODE_02,2026-01-07,27.25,88.25,1.9344121428054104,40.12231654280751,34.11826705932617,958.0,18.72007872588455,-0.0097134565989259,2.6763735218046354,0.66231373873072,0.4135165302899591,0,0,14.237604582120678,28.47520916424136,100.5756684194274,328.6611081736869,714.5797451843847,714.5797451843847,714.5797451843847,15.700969153425902,16.450148048850423,-15.07477883852728,-19.379823695482457,0.9986025317139988,24.530785547208428,29.27124799448344,29.27124799448344,100.43511711246788
2026-01-07 14:00:00,NODE_02,2026-01-07,27.25,88.25,3.587170339013814,65.972924443219,34.11826705932617,958.0,18.72007872588455,-0.0377895750079181,6.015594467591345,0.7518251459566812,0.0398114394457538,0,0,14.237604582120678,28.47520916424136,99.22758332076408,326.7686248819883,718.1669155233985,718.1669155233985,718.1669155233985,15.700969153425902,16.450148048850423,-20.396501889885087,-22.44563474019081,0.9986095022192836,24.43833805414097,29.24085233448128,29.24085233448128,99.08960758637068
2026-01-07 15:00:00,NODE_02,2026-01-07,27.25,88.25,5.700343829976999,87.79761321899245,34.11826705932617,958.0,18.72007872588455,0.0524353563208281,0.0560038823388305,0.8119462346378834,0.2739880994699718,0,0,14.237604582120678,28.47520916424136,94.5625410903379,331.00388020162376,723.8672593533755,723.8672593533755,723.8672593533755,15.700969153425902,16.450148048850423,-32.58697380326254,-25.00025077381636,0.9986204370702408,26.472931175996827,29.22355282724076,29.22355282724076,94.43208611410584
2026-01-07 16:00:00,NODE_02,2026-01-07,27.25,88.25,3.232068901449381,62.254604039156256,34.11826705932617,958.0,18.72007872588455,0.0827703556544147,3.8632959051262894,0.94574970222593,0.9556494672664894,0,0,14.237604582120678,28.47520916424136,97.0409159157451,333.1628780469995,727.0993282548249,727.0993282548249,727.0993282548249,15.700969153425902,16.450148048850423,-27.607069417402077,-22.198160051283395,0.9986265610182652,25.734060401046683,29.201878961239547,29.201878961239547,96.90763613900316
2026-01-07 17:00:00,NODE_02,2026-01-07,27.25,88.25,0.8193106041665215,25.38856269454764,34.11826705932617,958.0,18.72007872588455,-0.0241780741923268,5.532332204787581,0.3129195480288226,0.9536326078296896,0,0,14.237604582120678,28.47520916424136,86.35186465706377,325.8099234209096,727.9186388589914,727.9186388589914,727.9186388589914,15.700969153425902,16.450148048850423,-46.255588756720414,-36.35771361754749,0.998628104775088,22.6932619450562,29.161702312991505,29.161702312991505,86.2333989462785
2026-01-07 18:00:00,NODE_02,2026-01-07,27.25,88.25,10.22884757836028,25.290852969784687,34.11826705932617,958.0,18.72007872588455,-0.030608345857741,5.234931351978833,0.8585064545515545,0.3523270542525393,0,1,14.237604582120678,28.47520916424136,90.57719328604708,333.7751192032338,738.1474864373517,738.1474864373517,738.1474864373517,15.700969153425902,16.450148048850423,-33.077801594771984,-17.945888735749804,0.9986470900350078,29.51812023165805,29.163888925989458,29.163888925989458,90.45465049864936
2026-01-07 19:00:00,NODE_02,2026-01-07,27.25,88.25,8.856641036559065,86.59962545918961,34.11826705932617,958.0,18.72007872588455,0.0245603832705998,2.158084361305872,0.131686903436207,0.043100108948324,0,0,14.237604582120678,28.47520916424136,96.64635830102102,338.65901256481527,747.0041274739108,747.0041274739108,747.0041274739108,15.700969153425902,16.450148048850423,-25.54733154829317,-15.086704478987867,0.9986631089812604,33.947043233468406,29.19305450103506,29.19305450103506,96.5171526526145
2026-01-07 20:00:00,NODE_02,2026-01-07,27.25,88.25,3.4794589196766097,40.81035532151336,34.11826705932617,958.0,18.72007872588455,-0.0179014689873493,7.451140854971681,0.7050409063535927,0.1790949393281815,0,0,14.237604582120678,28.47520916424136,95.44364248940444,338.58345351639707,750.4835863935874,750.4835863935874,750.4835863935874,15.700969153425902,16.450148048850423,-27.5261619688078,-18.843313672066472,0.9986692989466356,32.33444566812476,29.21209323538106,29.21209323538106,95.31663553380686
2026-01-07 21:00:00,NODE_02,2026-01-07,27.25,88.25,11.39515555313806,26.44468902577328,34.11826705932617,958.0,18.72007872588455,-0.0069698600331617,4.970478624319896,0.7419777295139859,0.3922177934335401,0,0,14.237604582120678,28.47520916424136,100.92119067759836,349.3421587396247,761.8787419467254,761.8787419467254,761.8787419467254,15.700969153425902,16.450148048850423,-16.67527554813762,-7.3066172626874675,0.9986891756906896,38.879434371044105,29.270330230174213,29.270330230174213,100.7889007275336
2026-01-07 22:00:00,NODE_02,2026-01-07,27.25,88.25,5.910996941126544,61.93312110052671,34.11826705932617,958.0,18.72007872588455,0.0369826575862335,20.93306271131381,0.6777232412013204,0.9477796979692298,0,0,14.237604582120678,28.47520916424136,105.80799624825153,354.6290362923625,767.789738887852,767.789738887852,767.789738887852,15.700969153425902,16.450148048850423,-10.027764090856891,1.2800144941775216,0.9986992542311418,38.95851615651403,29.32834331955349,29.32834331955349,105.67036694482024
2026-01-07 23:00:00,NODE_02,2026-01-07,27.25,88.25,2.869824159988764,63.65541448031863,34.11826705932617,958.0,18.72007872588455,-0.0954678043753646,7.746744859322222,0.252314736135153,0.1411990635371849,0,0,14.237604582120678,28.47520916424136,105.65884855546211,348.27725576201937,770.6595630478407,770.6595630478407,770.6595630478407,15.700969153425902,16.450148048850423,-9.035286833265571,1.9880715663279744,0.9987040917421534,35.98456289302569,29.36796367415749,29.36796367415749,105.52192438110454
2026-01-08 00:00:00,NODE_02,2026-01-08,27.25,88.25,1.6950922508726265,65.39533740830817,34.11826705932617,958.0,18.72007872588455,0.0659151162426334,2.8598720814633007,0.8730431470152034,0.7635158436682122,0,0,14.237604582120678,28.47520916424136,103.84160296218306,347.41047941636697,767.6019401504354,772.3546552987134,772.3546552987134,15.700969153425902,16.450148048850423,-6.627395792188054,-0.7806908217607713,0.998706932203552,32.28197070994446,29.531828290595985,29.385206319339662,103.70732872946112
2026-01-08 01:00:00,NODE_02,2026-01-08,27.25,88.25,1.0311895571738114,38.71814195002789,34.11826705932617,958.0,18.72007872588455,0.003634026216467,9.18819048898541,0.168858463370395,0.108682539374692,0,0,14.237604582120678,28.47520916424136,104.44024298225104,346.01041778721003,763.1240889393742,773.3858448558872,773.3858448558872,15.700969153425902,16.450148048850423,-4.857562034915688,4.634806523443913,0.9987086540816276,28.4708646606266,29.644459338312384,29.37982783899429,104.3053745007621
2026-01-08 02:00:00,NODE_02,2026-01-08,27.25,88.25,3.0248347166486305,21.057747895013257,34.11826705932617,958.0,18.72007872588455,-0.020574657228109,0.5647194338649305,0.0536347915208308,0.9812575773912768,0,0,14.237604582120678,28.47520916424136,100.46874004561688,333.3342833504328,765.9705392785638,776.4106795725359,776.4106795725359,14.955977482342078,16.450148048850423,-8.044870035446891,-10.335107420516934,0.9987136785919254,27.22506967818124,29.75713888565221,29.367226914077253,100.33950495445391
2026-01-08 03:00:00,NODE_02,2026-01-08,27.25,88.25,1.3649646660101111,87.55107586181303,34.11826705932617,958.0,18.72007872588455,-0.0044617077110724,5.202705806261689,0.7174649906119122,0.381616499109135,0,0,14.237604582120678,28.47520916424136,99.9778383273096,327.01615218101966,755.8650195918841,777.775644238546,777.775644238546,14.955977482342078,16.450148048850423,-9.698327358463033,-17.269089629661593,0.998715933135046,24.50627389246416,29.79276459799417,29.33896555930044,99.84946009788378
2026-01-08 04:00:00,NODE_02,2026-01-08,27.25,88.25,1.5020836729631406,37.562513198377175,34.11826705932617,958.0,18.72007872588455,-0.001878532248974,6.185873564224899,0.4754757152327337,0.775234538899056,0,0,14.237604582120678,28.47520916424136,99.50718734155473,316.8359929655542,752.9912022320567,779.277727911509,779.277727911509,14.955977482342078,16.450148048850423,-5.989787977533226,-27.58421536940645,0.9987184050444748,22.33241648155768,29.80594039777157,29.29846527561406,99.3796594322193
2026-01-08 05:00:00,NODE_02,2026-01-08,27.25,88.25,4.717389170307698,67.32184016367833,34.11826705932617,958.0,18.72007872588455,-0.0865600651722462,5.255938135049602,0.8490980199586761,0.3425910828111318,0,0,14.237604582120678,28.47520916424136,100.98680044986835,312.0856391734377,756.647285849431,783.9951170818167,783.9951170818167,14.955977482342078,16.450148048850423,-1.5641313260980496,-32.02227474104177,0.9987261067257112,23.699943179631724,29.838902230066733,29.26628986126934,100.85815404398332
2026-01-08 06:00:00,NODE_02,2026-01-08,27.25,88.25,0.7014147855208568,69.46409089150967,34.11826705932617,958.0,18.72007872588455,0.0747469113726618,2.019599113694625,0.3833971410582589,0.6276688771588087,0,0,14.237604582120678,28.47520916424136,96.5271562253748,305.9512697842807,755.9845659690635,784.6965318673376,784.6965318673376,14.955977482342078,16.450148048850423,-8.817165768721352,-41.927539797328,0.9987272439683254,20.84636648820782,29.86297502632496,29.218176013423268,96.40430070506856
2026-01-08 07:00:00,NODE_02,2026-01-08,27.25,88.25,3.8359311054520577,62.700519195564,34.11826705932617,958.0,18.72007872588455,0.0020662816135309,5.121718968727499,0.1682785885077128,0.1920160847400367,0,0,14.237604582120678,28.47520916424136,95.51763739830332,298.4932153481317,759.023299705993,788.5324629727896,788.5324629727896,14.955977482342078,16.450148048850423,-11.72251421092811,-45.67007777222243,0.998733427633571,21.555342620428704,29.90152460395951,29.17463718732671,95.39665739826803
2026-01-08 08:00:00,NODE_02,2026-01-08,27.25,88.25,5.770781083299597,41.903517594955375,34.11826705932617,958.0,18.72007872588455,0.0221501065223687,1.3195750673057889,0.8364421924698697,0.1460210192969625,0,0,14.237604582120678,28.47520916424136,97.63069398475238,302.69690575089203,763.4154227007102,794.3032440560893,794.3032440560893,14.955977482342078,16.450148048850423,-1.0767179521836852,-38.69211987514794,0.9987426179794012,24.092822310663998,29.96043533420314,29.14592636881449,97.50793490547736
2026-01-08 09:00:00,NODE_02,2026-01-08,27.25,88.25,4.989270160153037,38.97673776348461,34.11826705932617,958.0,18.72007872588455,0.0475774885287021,17.253448177341728,0.5489096316400717,0.9380641395681312,0,0,14.237604582120678,28.47520916424136,97.93078766650238,306.33079387316883,760.7735821189498,799.2925142162424,799.2925142162424,14.955977482342078,16.450148048850423,-2.3028912083652813,-37.60298031562151,0.9987504568864056,25.468169124217432,29.99478421335213,29.12526481126057,97.80841892516484
2026-01-08 10:00:00,NODE_02,2026-01-08,27.25,88.25,0.4711950045325875,61.836779789189215,34.11826705932617,958.0,18.72007872588455,-0.051058122878015,5.160036752639098,0.1891957923903549,0.9176472779044336,0,0,14.237604582120678,28.47520916424136,96.74844911029786,306.1737934548084,760.9529347340243,799.7637092207749,799.7637092207749,14.955977482342078,16.450148048850423,0.4060142091457521,-36.40560751261492,0.9987511921575802,22.119138760117405,30.025048335718505,29.086124442259777,96.62762888830696
2026-01-08 11:00:00,NODE_02,2026-01-08,27.25,88.25,1.6664588600702253,80.6266943528184,34.11826705932617,958.0,18.72007872588455,0.0236735949517614,7.220196554906849,0.7203839985864458,0.8874689402128824,0,0,14.237604582120678,28.47520916424136,94.3809283130479,307.4954790231968,759.7433469654898,801.4301680808451,801.4301680808451,14.955977482342078,16.450148048850423,-2.325518227673527,-31.57606784446321,0.9987537856379556,20.46772680617002,30.043572912536263,29.03824445539261,94.26330944468113
2026-01-08 12:00:00,NODE_02,2026-01-08,27.25,88.25,1.8984902938666737,86.27136102463768,34.11826705932617,958.0,18.72007872588455,-0.0133820545449396,0.8635718989839956,0.5111136384895005,0.6254334501665935,0,0,14.237604582120678,28.47520916424136,90.6833253331325,305.49396679119417,757.1083562712729,803.3286583747118,803.3286583747118,14.955977482342078,16.450148048850423,-9.856208154464356,-35.88180435337581,0.9987567271294042,19.296058079111187,30.0436343344134,28.984420221269502,90.5705812149304
2026-01-08 13:00:00,NODE_02,2026-01-08,27.25,88.25,0.5180743231983389,27.413406308263035,34.11826705932617,958.0,18.72007872588455,0.0423385387608246,2.6231603039591125,0.6043129822403198,0.8082682112162782,0,0,14.237604582120678,28.47520916424136,89.26698751352544,305.4931031909075,750.3279359718455,803.8467326979102,803.8467326979102,14.955977482342078,16.450148048850423,-11.308680905901966,-23.16800498277935,0.9987575274156262,16.919723690442847,30.00332689836951,28.918130679891338,89.15607572885024
2026-01-08 14:00:00,NODE_02,2026-01-08,27.25,88.25,3.606621659375847,30.83800288184039,34.11826705932617,958.0,18.72007872588455,-0.1063613710175747,7.8951797697522,0.4608983382065819,0.0690369369113749,0,0,14.237604582120678,28.47520916424136,89.28643883388746,308.13810736530064,751.6945832505334,807.453354357286,807.453354357286,14.955977482342078,16.450148048850423,-9.94114448687661,-18.63051751668756,0.998763070256793,17.988386796252264,29.9772003829625,28.85840530347801,89.17599778202879
2026-01-08 15:00:00,NODE_02,2026-01-08,27.25,88.25,4.239889409522405,86.13153811481557,34.11826705932617,958.0,18.72007872588455,-0.0049547150120634,10.757819877106272,0.8287089838180064,0.3347890418906791,0,0,14.237604582120678,28.47520916424136,87.82598441343288,309.5380403973712,755.1545247992601,811.6932437668083,811.6932437668083,14.955977482342078,16.450148048850423,-6.736556676905025,-21.46583980425254,0.998769523423912,19.53001818633683,29.97558773503753,28.807707547406597,87.71791659684028
2026-01-08 16:00:00,NODE_02,2026-01-08,27.25,88.25,2.9214080297670875,71.55746598343548,34.11826705932617,958.0,18.72007872588455,-0.030141032789198,1.763893225914966,0.8295627156830498,0.3137031247571562,0,0,14.237604582120678,28.47520916424136,87.51532354175058,309.20422479064285,753.735763191466,814.6146517965755,814.6146517965755,14.955977482342078,16.450148048850423,-9.525592373994527,-23.95865325635661,0.9987739308044586,19.52192348815339,29.9657719747311,28.75751412005928,87.4080236994182
2026-01-08 17:00:00,NODE_02,2026-01-08,27.25,88.25,0.5055043616543411,81.80956773808411,34.11826705932617,958.0,18.72007872588455,0.0216131475317077,7.193031869510601,0.7093888218243862,0.6356453219526133,0,0,14.237604582120678,28.47520916424136,87.20151729923839,306.1608353700863,749.8070683294009,815.1201561582299,815.1201561582299,14.955977482342078,16.450148048850423,0.8496526421746182,-19.64908805082328,0.9987746902310226,17.099139326584723,29.93404349000597,28.69483468568576,87.09466842822198
2026-01-08 18:00:00,NODE_02,2026-01-08,27.25,88.25,14.663339515672249,34.18428438947402,34.11826705932617,958.0,18.72007872588455,0.0235022093684101,3.317816328918786,0.1054013773964622,0.3559577734706405,0,0,14.237604582120678,28.47520916424136,91.63600923655036,305.8681974034165,751.5384622053396,829.783495673902,829.783495673902,14.663339515672249,16.450148048850423,1.0588159505032877,-27.90692179981734,0.998796316964399,29.19760794326926,29.9173801939178,28.697523312731654,91.52570852678215
2026-01-08 19:00:00,NODE_02,2026-01-08,27.25,88.25,1.485664326845472,61.13101097765813,34.11826705932617,958.0,18.72007872588455,-0.0353812947411013,0.499219685914928,0.8388538619040689,0.1485067816436808,0,0,14.237604582120678,28.47520916424136,84.26503252683678,303.105080677172,750.5703706479004,831.2691600007475,831.2691600007475,14.663339515672249,16.450148048850423,-12.381325774184248,-35.55393188764333,0.9987984656309996,26.303631078624345,29.89745394249621,28.6847898434013,84.16378519415085
2026-01-08 20:00:00,NODE_02,2026-01-08,27.25,88.25,7.611842360525419,69.07977160922316,34.11826705932617,958.0,18.72007872588455,-0.0356086932088021,2.532142758640855,0.6710129805329098,0.5964670754135437,0,0,14.237604582120678,28.47520916424136,88.39741596768559,306.81086291530227,753.69378685653,838.881002361273,838.881002361273,14.663339515672249,16.450148048850423,-7.046226521718864,-31.77259060109479,0.998809355138182,29.969928777356117,29.89910839193446,28.691589520300536,88.29216603856568
2026-01-08 21:00:00,NODE_02,2026-01-08,27.25,88.25,10.352401658591734,67.60783198128809,34.11826705932617,958.0,18.72007872588455,-0.0055332684278664,11.044672483340888,0.6970241660042995,0.8143839206690815,0,0,14.237604582120678,28.47520916424136,87.35466207313925,305.8723189764736,760.9346658102227,849.2334040198647,849.2334040198647,14.663339515672249,16.450148048850423,-13.566528604459108,-43.46983976315113,0.998823852373628,35.82684111934443,29.943615143919423,28.72914347608497,87.25192009468941
2026-01-08 22:00:00,NODE_02,2026-01-08,27.25,88.25,2.34382433716615,48.57061836066887,34.11826705932617,958.0,18.72007872588455,-0.0448321113657604,12.01650382884644,0.3629828404038716,0.3821234944599732,0,0,14.237604582120678,28.47520916424136,83.78748946917887,305.4312460565388,762.3690035712725,851.5772283570308,851.5772283570308,14.663339515672249,16.450148048850423,-22.02050677907266,-49.19779023582373,0.9988270857269704,32.796639288608915,29.9899836078748,28.750439265679343,83.68921392687915
2026-01-08 23:00:00,NODE_02,2026-01-08,27.25,88.25,4.9997458515303,21.07764241839159,34.11826705932617,958.0,18.72007872588455,0.0420991847726063,5.998985577372387,0.8792795561570067,0.1322687150984817,0,0,14.237604582120678,28.47520916424136,85.91741116072039,306.2703951049102,762.9746934051691,856.5769742085612,856.5769742085612,14.663339515672249,16.450148048850423,-19.741437394741737,-42.00686065710914,0.9988339239157829,32.87688924684788,30.0330020988672,28.7719311926646,85.81722492234802
2026-01-09 00:00:00,NODE_02,2026-01-09,27.25,88.25,0.7222631787125925,60.80482397629842,34.11826705932617,958.0,18.72007872588455,-0.0184603600223723,5.39129796003768,0.7253716002348575,0.196688197312823,0,0,14.237604582120678,28.47520916424136,84.94458208856037,299.25518380511454,755.5962709771056,857.2992373872737,857.2992373872737,14.663339515672249,16.450148048850423,-18.897020873622694,-48.15529561125248,0.9988349051747452,28.66761903853329,30.02564863509132,28.77139071518205,84.84561359553555
2026-01-09 01:00:00,NODE_02,2026-01-09,27.25,88.25,2.4423466958846625,37.717107742572615,34.11826705932617,958.0,18.72007872588455,-0.1453494109660821,3.256427733048146,0.1125904665291944,0.2374833051693839,0,0,14.237604582120678,28.47520916424136,86.35573922727121,300.093787226689,752.0292023518599,859.7415840831584,859.7415840831584,14.663339515672249,16.450148048850423,-18.084503754979835,-45.91663056052104,0.9988382111210936,26.80982287863796,29.99816563954107,28.76127954076687,86.25541208980724
2026-01-09 02:00:00,NODE_02,2026-01-09,27.25,88.25,5.144362659423295,51.51779723000232,34.11826705932617,958.0,18.72007872588455,-0.0187411028310903,0.1500198692870514,0.4077780344061626,0.2998975929945362,0,0,14.237604582120678,28.47520916424136,88.47526717004588,297.45761729672654,755.5369347472764,864.8859467425817,864.8859467425817,14.663339515672249,16.450148048850423,-11.993472875571,-35.87666605370623,0.9988451134889508,27.932712106265555,29.99568445281989,28.757030477000203,88.37308827742973
2026-01-09 03:00:00,NODE_02,2026-01-09,27.25,88.25,3.536227067247142,87.03067105586722,34.11826705932617,958.0,18.72007872588455,-0.0519271910421986,6.60852234030715,0.8863803619601417,0.6427950705063091,0,0,14.237604582120678,28.47520916424136,90.64652957128293,300.3005335843652,756.3764201033882,868.4221738098288,868.4221738098288,14.663339515672249,16.450148048850423,-9.3313087560267,-26.71561859665448,0.998849810793739,27.279032357572863,29.998572380750407,28.749489670268428,90.542268911385
2026-01-09 04:00:00,NODE_02,2026-01-09,27.25,88.25,6.339853492616969,47.93247223497043,34.11826705932617,958.0,18.72007872588455,-0.0815637907730472,1.9245983145267136,0.0471967016973789,0.600945484537719,0,0,14.237604582120678,28.47520916424136,95.48429939093674,300.4884620515794,753.7467964184553,874.7620273024457,874.7620273024457,14.663339515672249,16.450148048850423,-4.022887950617985,-16.347530913974808,0.9988581372920676,29.527030996553904,29.98537459755722,28.75343658055414,95.37526943026916
2026-01-09 05:00:00,NODE_02,2026-01-09,27.25,88.25,2.1670165962025782,78.78611246650988,34.11826705932617,958.0,18.72007872588455,-0.0618713319111286,13.42433545150831,0.9614166196420496,0.6960798615670392,0,0,14.237604582120678,28.47520916424136,92.93392681683162,296.47165904266643,753.3959200905682,876.9290438986484,876.9290438986484,14.663339515672249,16.450148048850423,-8.05287363303674,-15.613980130771282,0.9988609557834432,27.2649929432734,29.97206793227226,28.745919188446663,92.828070964969
2026-01-09 06:00:00,NODE_02,2026-01-09,27.25,88.25,7.61100161535904,33.19784240244758,34.11826705932617,958.0,18.72007872588455,0.0054704235916485,1.219435909513057,0.6791625683195628,0.3625019845315131,0,0,14.237604582120678,28.47520916424136,99.8435136466698,301.71499186614074,752.2071840173664,884.5400455140074,884.5400455140074,14.663339515672249,16.450148048850423,3.3163574212949958,-4.236277918139948,0.9988707455918387,30.78624561714143,29.953681456820505,28.75617208507327,99.73076491875798
2026-01-09 07:00:00,NODE_02,2026-01-09,27.25,88.25,1.2324270556509482,67.07223486175202,34.11826705932617,958.0,18.72007872588455,0.0664320414124115,11.549365647883976,0.6313759776433766,0.8239976518799783,0,0,14.237604582120678,28.47520916424136,97.2400095968687,299.99779860440344,750.5611982669506,885.7724725696584,885.7724725696584,14.663339515672249,16.450148048850423,1.7223721985653953,1.5045832562717578,0.9988723150177382,27.40073583022116,29.928255418457844,28.749394903799008,97.13035349837132
2026-01-01 00:00:00,NODE_03,2026-01-01,27.4,88.4,0.3526452672375147,31.841332568969413,26.775373458862305,2815.0,18.075986351224707,0.0301895260138947,4.966994193638055,0.673008166288677,0.7746729371817983,0,0,18.001558133522224,36.00311626704445,0.3526452672375147,0.3526452672375147,0.3526452672375147,0.3526452672375147,0.3526452672375147,0.3526452672375147,0.3526452672375147,,,0.2607078705547955,0.3526452672375147,0.3526452672375147,0.3526452672375147,0.0919373966827192
2026-01-01 01:00:00,NODE_03,2026-01-01,27.4,88.4,10.346813433011372,88.42195942286898,26.775373458862305,2815.0,18.075986351224707,-0.0195938382693433,8.430605938317731,0.0469644224076672,0.2648163217783188,0,0,18.001558133522224,36.00311626704445,10.699458700248886,10.699458700248886,10.699458700248886,10.699458700248886,10.699458700248886,10.346813433011372,10.346813433011372,,,0.9145259600789284,10.64656191016326,5.499603588700387,5.499603588700387,9.784932740169957
2026-01-01 02:00:00,NODE_03,2026-01-01,27.4,88.4,3.050631213588854,79.73220306666103,26.775373458862305,2815.0,18.075986351224707,-0.0508882154538476,11.933348591754886,0.5663228801665321,0.9335931437012516,0,0,18.001558133522224,36.00311626704445,13.75008991383774,13.75008991383774,13.75008991383774,13.75008991383774,13.75008991383774,10.346813433011372,10.346813433011372,,,0.9322038031061862,12.100208837227624,7.699805338209465,7.699805338209465,12.817886110731552
2026-01-01 03:00:00,NODE_03,2026-01-01,27.4,88.4,2.5412645646883427,54.8833119805966,26.775373458862305,2815.0,18.075986351224707,-0.0513701775763005,4.80849515252602,0.7632949119972816,0.7199595393694795,0,0,18.001558133522224,36.00311626704445,16.29135447852608,16.29135447852608,16.29135447852608,16.29135447852608,16.29135447852608,10.346813433011372,10.346813433011372,,,0.9421676305785132,12.826442076331825,8.981464522740055,8.981464522740055,15.349186847947568
2026-01-01 04:00:00,NODE_03,2026-01-01,27.4,88.4,6.790412377620162,62.22717958788208,26.775373458862305,2815.0,18.075986351224707,-0.0186634122970657,9.084247003007029,0.1365030120835821,0.753813712978369,0,0,18.001558133522224,36.00311626704445,23.081766856146245,23.081766856146245,23.081766856146245,23.081766856146245,23.081766856146245,10.346813433011372,10.346813433011372,,,0.958474807684438,17.69288814250221,10.723749246692488,10.723749246692488,22.123292048461806
2026-01-01 05:00:00,NODE_03,2026-01-01,27.4,88.4,0.9946682739717057,35.90827374917636,26.775373458862305,2815.0,18.075986351224707,0.0322259245822645,5.815846707691976,0.2286707513846033,0.2190591730598833,0,0,18.001558133522224,36.00311626704445,24.07643513011795,24.07643513011795,24.07643513011795,24.07643513011795,24.07643513011795,10.346813433011372,10.346813433011372,,,0.9601219234388324,16.03362319509858,11.608728238093503,11.608728238093503,23.11631320667912
2026-01-01 06:00:00,NODE_03,2026-01-01,27.4,88.4,8.687907935563096,58.06509492742228,26.775373458862305,2815.0,18.075986351224707,0.0464122845672162,1.5520818256940123,0.8824951050681364,0.4430399766351608,0,0,18.001558133522224,36.00311626704445,32.76434306568105,32.76434306568105,32.76434306568105,32.76434306568105,32.76434306568105,10.346813433011372,10.346813433011372,,,0.9703829570131212,22.31648765139689,13.1384081542797,13.1384081542797,31.793960108667925
2026-01-01 07:00:00,NODE_03,2026-01-01,27.4,88.4,1.8846057851125484,68.64790931850331,26.775373458862305,2815.0,18.075986351224707,-0.0248265867740984,8.045124904466675,0.020121721853074,0.6178131945892864,0,0,18.001558133522224,36.00311626704445,34.648948850793595,34.648948850793595,34.648948850793595,34.648948850793595,34.648948850793595,10.346813433011372,10.346813433011372,,,0.9719486820162514,20.853620288799902,14.102809671094723,14.102809671094723,33.67700016877734
2026-01-01 08:00:00,NODE_03,2026-01-01,27.4,88.4,0.6586506783668299,56.06169198706122,26.775373458862305,2815.0,18.075986351224707,-0.0576746212992392,4.613240617026436,0.752727137825976,0.7699736182066009,0,0,18.001558133522224,36.00311626704445,35.30759952916043,35.30759952916043,35.30759952916043,35.30759952916043,35.30759952916043,10.346813433011372,10.346813433011372,,,0.9724575567383118,18.384227923846748,14.578522810289396,14.578522810289396,34.335141972422115
2026-01-01 09:00:00,NODE_03,2026-01-01,27.4,88.4,2.0342280826267096,89.31996194094589,26.775373458862305,2815.0,18.075986351224707,0.0133921818933166,8.708441852515543,0.4737732925144229,0.1039593759123895,0,0,18.001558133522224,36.00311626704445,37.34182761178713,37.34182761178713,37.34182761178713,37.34182761178713,37.34182761178713,10.346813433011372,10.346813433011372,,,0.973918822802996,17.660821817896444,14.886752711050098,14.886752711050098,36.36790878898414
2026-01-01 10:00:00,NODE_03,2026-01-01,27.4,88.4,2.712242230971295,62.793915937340834,26.775373458862305,2815.0,18.075986351224707,-0.0411767485312924,15.071304246465388,0.4467721588396068,0.9623653164545284,0,0,18.001558133522224,36.00311626704445,40.05406984275843,40.05406984275843,40.05406984275843,40.05406984275843,40.05406984275843,10.346813433011372,10.346813433011372,,,0.9756418790188132,17.723940776183273,15.14467889878948,15.14467889878948,39.07842796373962
2026-01-01 11:00:00,NODE_03,2026-01-01,27.4,88.4,1.064392282395313,45.96815988145183,26.775373458862305,2815.0,18.075986351224707,-0.0259126319430601,3.398062029488605,0.0070965324948871,0.890220670554556,0,0,18.001558133522224,36.00311626704445,41.11846212515374,41.11846212515374,41.11846212515374,41.11846212515374,41.11846212515374,10.346813433011372,10.346813433011372,,,0.9762574427093628,16.129741942151096,15.22676748573628,15.22676748573628,40.14220468244438
2026-01-01 12:00:00,NODE_03,2026-01-01,27.4,88.4,3.354734035960529,74.05064193310866,26.775373458862305,2815.0,18.075986351224707,0.0662638045218518,1.6758993820115595,0.8193982309664928,0.2703485904955843,0,0,18.001558133522224,36.00311626704445,44.473196161114274,44.473196161114274,44.473196161114274,44.473196161114274,44.473196161114274,10.346813433011372,10.346813433011372,,,0.9780090232396038,17.06501468678896,15.368171116586486,15.368171116586486,43.495187137874666
2026-01-01 13:00:00,NODE_03,2026-01-01,27.4,88.4,6.116624982110064,31.932375810714944,26.775373458862305,2815.0,18.075986351224707,0.0413557714282884,2.3831403797857256,0.3598249006365664,0.822760243032332,0,0,18.001558133522224,36.00311626704445,50.589821143224334,50.589821143224334,50.589821143224334,50.589821143224334,50.589821143224334,10.346813433011372,10.346813433011372,,,0.980616331325829,20.62188746588068,15.743436570107502,15.743436570107502,49.60920481189851
2026-01-01 14:00:00,NODE_03,2026-01-01,27.4,88.4,1.4819507775190466,46.91610695943866,26.775373458862305,2815.0,18.075986351224707,0.0078987156125725,7.8317134890846845,0.5407656313005429,0.5183239230398234,0,0,18.001558133522224,36.00311626704445,52.07177192074338,52.07177192074338,52.07177192074338,52.07177192074338,52.07177192074338,10.346813433011372,10.346813433011372,,,0.9811575916196394,19.010555123517623,15.961244473668176,15.961244473668176,51.09061432912374
2026-01-01 15:00:00,NODE_03,2026-01-01,27.4,88.4,11.274590444133889,44.28712652643101,26.775373458862305,2815.0,18.075986351224707,-0.0635959500556361,7.699013519863788,0.6773006863356594,0.4618064815620186,0,0,18.001558133522224,36.00311626704445,63.34636236487727,63.34636236487727,63.34636236487727,63.34636236487727,63.34636236487727,11.274590444133889,11.274590444133889,,,0.9844591059502402,27.433562299123867,16.678264337759156,16.678264337759156,62.36190325892702
2026-01-01 16:00:00,NODE_03,2026-01-01,27.4,88.4,18.59888543796534,50.22649665754441,26.775373458862305,2815.0,18.075986351224707,0.0105698283735329,8.181519988845904,0.7026295764379158,0.3144341058114054,0,0,18.001558133522224,36.00311626704445,81.9452478028426,81.9452478028426,81.9452478028426,81.9452478028426,81.9452478028426,18.59888543796534,18.59888543796534,,,0.9879438542111904,41.917413392220624,18.162920164492185,18.162920164492185,80.9573039486314
2026-01-01 17:00:00,NODE_03,2026-01-01,27.4,88.4,2.7611835829687617,74.72458781501084,26.775373458862305,2815.0,18.075986351224707,0.0531328645393763,3.356636765358562,0.9559800588260724,0.5809685866315925,0,0,18.001558133522224,36.00311626704445,84.70643138581137,84.70643138581137,84.70643138581137,84.70643138581137,84.70643138581137,18.59888543796534,18.59888543796534,,,0.9883322641739865,38.39098496635629,19.286701542373525,19.286701542373525,83.71809912163738
2026-01-01 18:00:00,NODE_03,2026-01-01,27.4,88.4,5.806902700435455,53.89211225143852,26.775373458862305,2815.0,18.075986351224707,-0.0187816832882767,5.288255237796522,0.5313399532366091,0.7298891177035978,0,0,18.001558133522224,36.00311626704445,90.51333408624684,90.51333408624684,90.51333408624684,90.51333408624684,90.51333408624684,18.59888543796534,18.59888543796534,,,0.989072630671968,38.43923992183831,20.294729878134827,20.294729878134827,89.52426145557486
2026-01-01 19:00:00,NODE_03,2026-01-01,27.4,88.4,4.886420059665183,75.58101151861739,26.775373458862305,2815.0,18.075986351224707,0.0675557044993357,4.844348104973051,0.3997195509744276,0.4109329049627582,0,0,18.001558133522224,36.00311626704445,95.399754145912,95.399754145912,95.399754145912,95.399754145912,95.399754145912,18.59888543796534,18.59888543796534,,,0.9896265295605796,37.55977399322774,21.157982083889472,21.157982083889472,94.41012761635145
2026-01-01 20:00:00,NODE_03,2026-01-01,27.4,88.4,3.077763121046495,60.35422321979061,26.775373458862305,2815.0,18.075986351224707,0.0646372644759103,13.995809997550197,0.953703626491708,0.6292191930082921,0,0,18.001558133522224,36.00311626704445,98.4775172669585,98.4775172669585,98.4775172669585,98.4775172669585,98.4775172669585,18.59888543796534,18.59888543796534,,,0.989947477304682,35.00357101529008,21.8172958425276,21.8172958425276,97.48756978965382
2026-01-01 21:00:00,NODE_03,2026-01-01,27.4,88.4,2.777577264731364,43.94486042602888,26.775373458862305,2815.0,18.075986351224707,0.0831866416071736,2.997057870988706,0.6421102350255211,0.6993129211553037,0,0,18.001558133522224,36.00311626704445,101.25509453168986,101.25509453168986,101.25509453168986,101.25509453168986,101.25509453168986,18.59888543796534,18.59888543796534,,,0.9902205361544104,32.53061262772793,22.30426478730943,22.30426478730943,100.26487399553544
2026-01-01 22:00:00,NODE_03,2026-01-01,27.4,88.4,0.3984741412611822,76.69851205784308,26.775373458862305,2815.0,18.075986351224707,0.0152621563265676,2.646897409699936,0.2981503562765556,0.7111218170152859,0,0,18.001558133522224,36.00311626704445,101.65356867295104,101.65356867295104,101.65356867295104,101.65356867295104,101.65356867295104,18.59888543796534,18.59888543796534,,,0.9902584974596844,28.049494874829925,22.55405739981032,22.55405739981032,100.66331017549136
2026-01-01 23:00:00,NODE_03,2026-01-01,27.4,88.4,3.0564325826750363,36.68027693871641,26.775373458862305,2815.0,18.075986351224707,0.0293695849903006,3.0610902055893345,0.1264642454035711,0.0519660981311802,0,0,18.001558133522224,36.00311626704445,104.71000125562608,104.71000125562608,104.71000125562608,104.71000125562608,104.71000125562608,18.59888543796534,18.59888543796534,,,0.9905401571457576,26.89850322628047,22.735075975913244,22.735075975913244,103.71946109848032
2026-01-02 00:00:00,NODE_03,2026-01-02,27.4,88.4,6.719837586995796,35.706808585985684,26.775373458862305,2815.0,18.075986351224707,0.0707093644165545,10.892839727268113,0.8425545014651813,0.8597478056850669,0,0,18.001558133522224,36.00311626704445,111.07719357538436,111.42983884262188,111.42983884262188,111.42983884262188,111.42983884262188,18.59888543796534,18.59888543796534,110.72454830814684,,0.9911055640540428,29.5835653293342,23.009015550050083,23.009015550050083,110.0892245920714
2026-01-02 01:00:00,NODE_03,2026-01-02,27.4,88.4,1.9459232768950696,55.3152046838385,26.775373458862305,2815.0,18.075986351224707,0.0223696968534487,9.03359430159711,0.3621816027941515,0.4582533147650479,0,0,18.001558133522224,36.00311626704445,102.67630341926808,113.37576211951696,113.37576211951696,113.37576211951696,113.37576211951696,18.59888543796534,18.59888543796534,91.97684471901918,,0.9912568888594154,27.09195380682914,23.16605163684928,23.16605163684928,101.77859308696902
2026-01-02 02:00:00,NODE_03,2026-01-02,27.4,88.4,11.050482054956346,38.25944721734622,26.775373458862305,2815.0,18.075986351224707,-0.0250617053895106,1.205484388797717,0.6604697213644312,0.2624160816962144,0,0,18.001558133522224,36.00311626704445,110.67615426063556,124.4262441744733,124.4262441744733,124.4262441744733,124.4262441744733,18.59888543796534,18.59888543796534,96.92606434679782,,0.9920271869210326,34.07864279076112,23.570221679586755,23.570221679586755,109.79375397041656
2026-01-02 03:00:00,NODE_03,2026-01-02,27.4,88.4,4.954671257806173,20.636092446585145,26.775373458862305,2815.0,18.075986351224707,-0.022427141826393,1.1274875314281343,0.4708164193658981,0.2417645074796816,0,0,18.001558133522224,36.00311626704445,113.08956095375338,129.3809154322795,129.3809154322795,129.3809154322795,129.3809154322795,18.59888543796534,18.59888543796534,96.79820647522727,,0.9923301658322884,33.92151762995312,23.939910820671265,23.939910820671265,112.2221827751388
2026-01-02 04:00:00,NODE_03,2026-01-02,27.4,88.4,8.71209664263496,65.38082691091611,26.775373458862305,2815.0,18.075986351224707,0.0119277476886869,6.725041719638469,0.1989297797950383,0.4830141128439504,0,0,18.001558133522224,36.00311626704445,115.01124521876818,138.09301207491444,138.09301207491444,138.09301207491444,138.09301207491444,18.59888543796534,18.59888543796534,91.92947836262194,,0.9928105662169324,37.54538662809511,24.409065158858297,24.409065158858297,114.18437948695971
2026-01-02 05:00:00,NODE_03,2026-01-02,27.4,88.4,2.8371497887097954,55.77656750306786,26.775373458862305,2815.0,18.075986351224707,-0.0645280710973109,4.499190108179116,0.6016866086204651,0.8868315394689592,0,0,18.001558133522224,36.00311626704445,116.85372673350626,140.93016186362422,140.93016186362422,140.93016186362422,140.93016186362422,18.59888543796534,18.59888543796534,92.7772916033883,,0.992954281268552,34.75072842259064,24.753787267649376,24.753787267649376,116.03040824222047
2026-01-02 06:00:00,NODE_03,2026-01-02,27.4,88.4,4.043223882980222,51.186247014521285,26.775373458862305,2815.0,18.075986351224707,-0.0071629457682096,0.44968911331865,0.0606830689506823,0.3783475816826469,0,0,18.001558133522224,36.00311626704445,112.2090426809234,144.97338574660444,144.97338574660444,144.97338574660444,144.97338574660444,18.59888543796534,18.59888543796534,79.44469961524236,,0.9931494361462856,33.58134304218227,25.038547131343982,25.038547131343982,111.44034746907356
2026-01-02 07:00:00,NODE_03,2026-01-02,27.4,88.4,5.697274505654367,87.68779602328208,26.775373458862305,2815.0,18.075986351224707,0.0548273559115126,1.2213604304402053,0.4133424598711922,0.7497257467835433,0,0,18.001558133522224,36.00311626704445,116.0217114014652,150.6706602522588,150.6706602522588,150.6706602522588,150.6706602522588,18.59888543796534,18.59888543796534,81.37276255067161,,0.9934067670152104,34.24141609150929,25.32613678634915,25.32613678634915,115.25675322690134
2026-01-02 08:00:00,NODE_03,2026-01-02,27.4,88.4,2.528941514207726,59.98394287740396,26.775373458862305,2815.0,18.075986351224707,-0.109562692558264,4.706270407233348,0.546614939663671,0.0968187309872186,0,0,18.001558133522224,36.00311626704445,117.89200223730612,153.19960176646654,153.19960176646654,153.19960176646654,153.19960176646654,18.59888543796534,18.59888543796534,82.58440270814569,,0.9935148989456244,31.634145191990623,25.51728855621707,25.51728855621707,117.12746068929452
2026-01-02 09:00:00,NODE_03,2026-01-02,27.4,88.4,8.374738508940887,80.44021044525691,26.775373458862305,2815.0,18.075986351224707,0.0767241050897257,26.644406335820108,0.436046974118579,0.4760567021510618,0,0,18.001558133522224,36.00311626704445,124.23251266362028,161.57434027540742,161.57434027540742,161.57434027540742,161.57434027540742,18.59888543796534,18.59888543796534,86.89068505183315,,0.9938489678118578,35.263761922132915,25.80394953756754,25.80394953756754,123.46835447941258
2026-01-02 10:00:00,NODE_03,2026-01-02,27.4,88.4,1.993507289065032,29.761516534361213,26.775373458862305,2815.0,18.075986351224707,0.0561187109351579,8.077373204680383,0.7486721752509908,0.9916861403927356,0,0,18.001558133522224,36.00311626704445,123.51377772171404,163.56784756447246,163.56784756447246,163.56784756447246,163.56784756447246,18.59888543796534,18.59888543796534,83.45970787895561,,0.9939234788884976,31.96770492287801,25.980056834290693,25.980056834290693,122.76324364382664
2026-01-02 11:00:00,NODE_03,2026-01-02,27.4,88.4,14.3009076780792,59.84445241905994,26.775373458862305,2815.0,18.075986351224707,-0.0229882307915238,1.8004311683778302,0.8279249545453125,0.770437802792337,0,0,18.001558133522224,36.00311626704445,136.75029311739792,177.86875524255166,177.86875524255166,177.86875524255166,177.86875524255166,18.59888543796534,18.59888543796534,95.63183099224418,,0.9944093086652056,41.47345686252551,26.41042905729722,26.41042905729722,135.9857644386359
2026-01-02 12:00:00,NODE_03,2026-01-02,27.4,88.4,0.9593581325508642,80.75857387116321,26.775373458862305,2815.0,18.075986351224707,0.0271695413935904,13.74199904104394,0.771243074033178,0.210528488440613,0,0,18.001558133522224,36.00311626704445,134.35491721398827,178.82811337510253,178.82811337510253,178.82811337510253,178.82811337510253,18.59888543796534,18.59888543796534,89.881721052874,,0.9944391342308412,36.211796465697546,26.675330879145875,26.675330879145875,133.60778755393486
2026-01-02 13:00:00,NODE_03,2026-01-02,27.4,88.4,5.330993947325494,60.81740300959286,26.775373458862305,2815.0,18.075986351224707,0.0001573863453163,1.5588385506461562,0.0388129478118021,0.5014414736979107,0,0,18.001558133522224,36.00311626704445,133.5692861792037,184.159107322428,184.159107322428,184.159107322428,184.159107322428,18.59888543796534,18.59888543796534,82.97946503597936,,0.9945992394624228,36.111020943168405,26.923638512409628,26.923638512409628,132.8479104493747
2026-01-02 14:00:00,NODE_03,2026-01-02,27.4,88.4,1.7789091285914893,70.26099246889011,26.775373458862305,2815.0,18.075986351224707,0.0614995184219341,2.659918499089083,0.1941287704459722,0.2336247636485665,0,0,18.001558133522224,36.00311626704445,133.86624453027613,185.9380164510195,185.9380164510195,185.9380164510195,185.9380164510195,18.59888543796534,18.59888543796534,81.79447260953276,,0.994650633300894,32.473276930284634,27.06593693338078,27.06593693338078,133.1501448996515
2026-01-02 15:00:00,NODE_03,2026-01-02,27.4,88.4,1.267518414189347,46.043049746854514,26.775373458862305,2815.0,18.075986351224707,0.049134157138497,13.42897757543998,0.5366075092637743,0.4095609272625092,0,0,18.001558133522224,36.00311626704445,123.85917250033158,187.20553486520885,187.20553486520885,187.20553486520885,187.20553486520885,18.59888543796534,18.59888543796534,60.51281013545431,,0.9946866599820446,28.869803804931284,27.111033605169546,27.111033605169546,123.20106660249472
2026-01-02 16:00:00,NODE_03,2026-01-02,27.4,88.4,1.3456345020855105,26.47146619259466,26.775373458862305,2815.0,18.075986351224707,-0.0700035361591504,1.5444010089081464,0.9348220404438012,0.7800840237349648,0,0,18.001558133522224,36.00311626704445,106.60592156445176,188.5511693672944,188.5511693672944,188.5511693672944,188.5511693672944,18.59888543796534,18.59888543796534,24.66067376160916,,0.994724379684188,25.8849677362771,27.0811295595868,27.0811295595868,106.04350919886048
2026-01-02 17:00:00,NODE_03,2026-01-02,27.4,88.4,1.1355071894984272,52.053020658895,26.775373458862305,2815.0,18.075986351224707,0.0293631206732088,15.113440940623228,0.8349567750521169,0.7712248152904037,0,0,18.001558133522224,36.00311626704445,104.98024517098142,189.6866765567928,189.6866765567928,189.6866765567928,189.6866765567928,18.59888543796534,18.59888543796534,20.27381378517005,,0.9947557951186896,23.13772976533396,26.98723908829507,26.98723908829507,104.42970725681458
2026-01-02 18:00:00,NODE_03,2026-01-02,27.4,88.4,7.029317667326241,47.61355735872003,26.775373458862305,2815.0,18.075986351224707,-0.0102813926821623,0.2648708782547921,0.8425345083518017,0.2281003779023851,0,0,18.001558133522224,36.00311626704445,106.2026601378722,196.71599422411904,196.71599422411904,196.71599422411904,196.71599422411904,18.59888543796534,18.59888543796534,15.689326051625372,,0.9949422402374466,26.69638796786011,26.980475108750063,26.980475108750063,105.66551259675072
2026-01-02 19:00:00,NODE_03,2026-01-02,27.4,88.4,6.549365235519296,80.69421276652632,26.775373458862305,2815.0,18.075986351224707,0.0041416285259049,6.949883787142573,0.3032081937596749,0.92222331815486,0,0,18.001558133522224,36.00311626704445,107.86560531372632,203.26535945963832,203.26535945963832,203.26535945963832,203.26535945963832,18.59888543796534,18.59888543796534,12.465851167814307,,0.9951044073128924,29.241295008200392,27.03185737919212,27.03185737919212,107.337539245162
2026-01-02 20:00:00,NODE_03,2026-01-02,27.4,88.4,0.8900012565886041,37.07967116467306,26.775373458862305,2815.0,18.075986351224707,-0.0364085950484907,5.715281758225974,0.4294478970787025,0.5925681827648268,0,0,18.001558133522224,36.00311626704445,105.67784344926844,204.1553607162269,204.1553607162269,204.1553607162269,204.1553607162269,18.59888543796534,18.59888543796534,7.2003261823099365,,0.9951256452840966,25.745102013558935,27.00326281551138,27.00326281551138,105.162732154685
2026-01-02 21:00:00,NODE_03,2026-01-02,27.4,88.4,5.271286134248503,87.67139592745757,26.775373458862305,2815.0,18.075986351224707,0.0874068534560417,10.396734809637207,0.4707059473159374,0.3799242909620145,0,0,18.001558133522224,36.00311626704445,108.17155231878556,209.42664685047544,209.42664685047544,209.42664685047544,209.42664685047544,18.59888543796534,18.59888543796534,6.916457787095709,,0.9952477501544252,27.1546228457736,27.006553250951864,27.006553250951864,107.65749407598302
2026-01-02 22:00:00,NODE_03,2026-01-02,27.4,88.4,1.6457107489393723,87.06966838631473,26.775373458862305,2815.0,18.075986351224707,0.0520030909951288,5.483882375326656,0.1573715833499104,0.5019355807808606,0,0,18.001558133522224,36.00311626704445,109.41878892646376,211.0723575994148,211.0723575994148,211.0723575994148,211.0723575994148,18.59888543796534,18.59888543796534,7.765220253512709,,0.995284628268768,24.72714016784693,26.958055100247503,26.958055100247503,108.90283866229429
2026-01-02 23:00:00,NODE_03,2026-01-02,27.4,88.4,0.2703012421108076,37.33421501500071,26.775373458862305,2815.0,18.075986351224707,-0.0369885581986483,5.85448399366086,0.0310681302444563,0.6050712534377437,0,0,18.001558133522224,36.00311626704445,106.63265758589954,211.3426588415256,211.3426588415256,211.3426588415256,211.3426588415256,18.59888543796534,18.59888543796534,1.9226563302734547,,0.9952906306935418,21.2883703847807,26.83993666867528,26.83993666867528,106.13048502119844
2026-01-03 00:00:00,NODE_03,2026-01-03,27.4,88.4,7.113790163643202,44.36363688341243,26.775373458862305,2815.0,18.075986351224707,-0.0667305303455116,2.462809491831287,0.9469028994605168,0.5598905318457854,0,0,18.001558133522224,36.00311626704445,107.02661016254694,218.4564490051688,218.4564490051688,218.4564490051688,218.4564490051688,18.59888543796534,18.59888543796534,-4.050583412837412,,0.9954432872465896,25.208904990706795,26.80665030790041,26.80665030790041,106.538920643065
2026-01-03 01:00:00,NODE_03,2026-01-03,27.4,88.4,7.887737172741581,82.68890186117196,26.775373458862305,2815.0,18.075986351224707,-0.0192836315488924,3.749175770302263,0.2407125856635067,0.4864050355361782,0,0,18.001558133522224,36.00311626704445,112.96842405839344,226.3441861779104,226.3441861779104,226.3441861779104,226.3441861779104,18.59888543796534,18.59888543796534,10.292120639125386,,0.9956013830095596,29.31530641484236,26.856823430039253,26.856823430039253,112.47151922894692
2026-01-03 02:00:00,NODE_03,2026-01-03,27.4,88.4,2.0040648732008406,87.66355546272753,26.775373458862305,2815.0,18.075986351224707,0.0217251323045652,14.051954877205196,0.2399489037236313,0.5049328040894001,0,0,18.001558133522224,36.00311626704445,103.92200687663794,228.34825105111125,228.34825105111125,228.34825105111125,228.34825105111125,18.59888543796534,18.59888543796534,-6.754147383997619,,0.9956398185056264,26.92207532581684,26.858102878976062,26.858102878976062,103.46888806539626
2026-01-03 03:00:00,NODE_03,2026-01-03,27.4,88.4,8.792414933289258,51.04073719852308,26.775373458862305,2815.0,18.075986351224707,0.0120102921973111,6.813365946836255,0.0833790537687595,0.1764119104278861,0,0,18.001558133522224,36.00311626704445,107.75975055212103,237.1406659844005,237.1406659844005,237.1406659844005,237.1406659844005,18.59888543796534,18.59888543796534,-5.329810401632344,,0.9958008011950992,31.67617896023357,26.95075818823102,26.95075818823102,107.30724593638614
2026-01-03 04:00:00,NODE_03,2026-01-03,27.4,88.4,3.224803474681223,42.469793194862845,26.775373458862305,2815.0,18.075986351224707,0.0626566412384121,7.89108543477306,0.9285077519437784,0.8127329043046794,0,0,18.001558133522224,36.00311626704445,102.2724573841673,240.3654694590817,240.3654694590817,240.3654694590817,240.3654694590817,18.59888543796534,18.59888543796534,-12.738787834600885,,0.9958569052887264,30.14955559087976,27.011112856205525,27.011112856205525,101.84873290687
2026-01-03 05:00:00,NODE_03,2026-01-03,27.4,88.4,3.823716299810964,56.82658092760794,26.775373458862305,2815.0,18.075986351224707,0.0394959861090426,5.9022391596634325,0.579737114939772,0.5417603199410154,0,0,18.001558133522224,36.00311626704445,103.25902389526848,244.18918575889268,244.18918575889268,244.18918575889268,244.18918575889268,18.59888543796534,18.59888543796534,-13.594702838237794,,0.9959215166977904,29.45083855205876,27.05629296168429,27.05629296168429,102.83788369050916
2026-01-03 06:00:00,NODE_03,2026-01-03,27.4,88.4,3.052963628123972,68.14384444560143,26.775373458862305,2815.0,18.075986351224707,0.0484784512876453,4.026360789218809,0.6670368571253539,0.1310798617047031,0,0,18.001558133522224,36.00311626704445,102.2687636404122,247.24214938701667,247.24214938701667,247.24214938701667,247.24214938701667,18.59888543796534,18.59888543796534,-9.9402790405112,,0.9959716752273162,28.086176397373915,27.075018115060463,27.075018115060463,101.85679184636778
2026-01-03 07:00:00,NODE_03,2026-01-03,27.4,88.4,0.8633323281049835,39.143216076248585,26.775373458862305,2815.0,18.075986351224707,0.0163427700305218,0.49240717734799,0.9115768872630524,0.7661571015827779,0,0,18.001558133522224,36.00311626704445,97.43482146286284,248.10548171512164,248.10548171512164,248.10548171512164,248.10548171512164,18.59888543796534,18.59888543796534,-18.586889938602383,,0.9959856363131198,24.73658226587281,27.03326033203925,27.03326033203925,97.04368265374464
2026-01-03 08:00:00,NODE_03,2026-01-03,27.4,88.4,2.746439839259941,71.5531222233351,26.775373458862305,2815.0,18.075986351224707,-0.0694649365105495,12.251294372887964,0.3456201689007895,0.9324439783773508,0,0,18.001558133522224,36.00311626704445,97.65231978791503,250.8519215543816,250.8519215543816,250.8519215543816,250.8519215543816,18.59888543796534,18.59888543796534,-20.239682449391083,,0.9960294128636058,23.77253476525183,26.97605462034123,26.97605462034123,97.26458274312608
2026-01-03 09:00:00,NODE_03,2026-01-03,27.4,88.4,0.9161762046153036,23.616014998024877,26.775373458862305,2815.0,18.075986351224707,-0.009784926557345,8.54795041826299,0.6215073111380841,0.947306899236962,0,0,18.001558133522224,36.00311626704445,90.19375748358948,251.76809775899687,251.76809775899687,251.76809775899687,251.76809775899687,18.59888543796534,18.59888543796534,-34.03875518003082,,0.9960438045431136,21.12283075507936,26.875136967491887,26.875136967491887,89.83693334999336
2026-01-03 10:00:00,NODE_03,2026-01-03,27.4,88.4,5.4722705699161,23.45061449350915,26.775373458862305,2815.0,18.075986351224707,0.0530044869954332,4.935910961925033,0.0387994547288874,0.3690177324111727,1,0,18.001558133522224,36.00311626704445,93.67252076444052,257.240368328913,257.240368328913,257.240368328913,257.240368328913,18.59888543796534,18.59888543796534,-29.841256957273515,,0.9961276387325844,23.42667671173356,26.816688488580727,26.816688488580727,93.30978692321112
2026-01-03 11:00:00,NODE_03,2026-01-03,27.4,88.4,5.964743178322677,47.04013936018816,26.775373458862305,2815.0,18.075986351224707,-0.0025761464262323,2.057019768902318,0.1867725282311293,0.135516873560754,0,0,18.001558133522224,36.00311626704445,85.336356264684,263.20511150723564,263.20511150723564,263.20511150723564,263.20511150723564,18.59888543796534,18.59888543796534,-51.41393685271392,,0.9962150618725912,25.8774183832962,26.801033986825985,26.801033986825985,85.01336343620366
2026-01-03 12:00:00,NODE_03,2026-01-03,27.4,88.4,0.2608521331707175,44.74312344425044,26.775373458862305,2815.0,18.075986351224707,0.0251545184311873,9.119785983435856,0.8312458050899425,0.5183996266330652,0,0,18.001558133522224,36.00311626704445,84.63785026530385,263.4659636404064,263.4659636404064,263.4659636404064,263.4659636404064,18.59888543796534,18.59888543796534,-49.71706694868442,,0.9962187950909264,22.256657758972487,26.726536015877567,26.726536015877567,84.31781721038725
2026-01-03 13:00:00,NODE_03,2026-01-03,27.4,88.4,5.774947370017678,42.09432507570066,26.775373458862305,2815.0,18.075986351224707,-0.0159374157623066,1.886713937526401,0.7667683563383357,0.1126092293492206,0,0,18.001558133522224,36.00311626704445,85.08180368799604,269.24091101042404,269.24091101042404,269.24091101042404,269.24091101042404,18.59888543796534,18.59888543796534,-48.48748249120764,,0.9962995980280668,24.693106465144293,26.69373876505929,26.69373876505929,84.76696681385334
2026-01-03 14:00:00,NODE_03,2026-01-03,27.4,88.4,3.235027583389949,54.3713833868237,26.775373458862305,2815.0,18.075986351224707,-0.0514905924270922,8.028580175810795,0.3506426914571469,0.9339874185126172,0,0,18.001558133522224,36.00311626704445,86.5379221427945,272.475938593814,272.475938593814,272.475938593814,272.475938593814,18.59888543796534,18.59888543796534,-47.328322387481634,,0.9963433711750224,24.2241680787626,26.654539230356168,26.654539230356168,86.22148508223347
2026-01-03 15:00:00,NODE_03,2026-01-03,27.4,88.4,0.3837482551797835,42.451350761809984,26.775373458862305,2815.0,18.075986351224707,-0.0061672032023055,2.5989465844987767,0.3768106277742125,0.183579627355146,0,0,18.001558133522224,36.00311626704445,85.65415198378494,272.8596868489938,272.8596868489938,272.8596868489938,272.8596868489938,18.59888543796534,18.59888543796534,-38.20502051654664,,0.9963484950577944,20.97429112212799,26.565785353665103,26.565785353665103,85.34138542449571
2026-01-03 16:00:00,NODE_03,2026-01-03,27.4,88.4,4.164545414922544,33.458054292766434,26.775373458862305,2815.0,18.075986351224707,0.0154523721516326,6.267970892677858,0.5335544335535795,0.2527658599511641,0,0,18.001558133522224,36.00311626704445,88.47306289662197,277.0242322639164,277.0242322639164,277.0242322639164,277.0242322639164,18.59888543796534,18.59888543796534,-18.132858667829797,,0.9964031912187756,21.992692868731336,26.49543008466612,26.49543008466612,88.1548422070936
2026-01-03 17:00:00,NODE_03,2026-01-03,27.4,88.4,2.440208797781268,41.66286843620206,26.775373458862305,2815.0,18.075986351224707,-0.0327843859730721,13.01479895524902,0.0002410046851345,0.4066365268849704,0,0,18.001558133522224,36.00311626704445,89.77776450490481,279.4644410616976,279.4644410616976,279.4644410616976,279.4644410616976,18.59888543796534,18.59888543796534,-15.20248066607661,,0.9964344856117427,21.1339977362029,26.41419626120456,26.41419626120456,89.457660593817
2026-01-03 18:00:00,NODE_03,2026-01-03,27.4,88.4,1.6768711652503456,88.24329909671644,26.775373458862305,2815.0,18.075986351224707,-0.0117855622428334,5.437367524863953,0.2412443360380278,0.3831644685591258,0,0,18.001558133522224,36.00311626704445,84.42531800282892,281.14131222694795,281.14131222694795,281.14131222694795,281.14131222694795,18.59888543796534,18.59888543796534,-21.777342135043284,,0.9964556767950536,19.640769241022813,26.313100335530205,26.313100335530205,84.12608738914652
2026-01-03 19:00:00,NODE_03,2026-01-03,27.4,88.4,0.9393913554637752,48.777939189639405,26.775373458862305,2815.0,18.075986351224707,-0.0469731620992991,7.360198705386527,0.2082318086082144,0.794662892397889,0,0,18.001558133522224,36.00311626704445,78.81534412277338,282.08070358241173,282.08070358241173,282.08070358241173,282.08070358241173,18.59888543796534,18.59888543796534,-29.050261190952934,,0.9964674384818714,17.634045210333166,26.185467171924365,26.185467171924365,78.53692407108721
2026-01-03 20:00:00,NODE_03,2026-01-03,27.4,88.4,4.747670862127914,51.12989438008351,26.775373458862305,2815.0,18.075986351224707,0.0559622458782048,17.929982920284196,0.2504829467497634,0.4563168205509623,0,0,18.001558133522224,36.00311626704445,82.6730137283127,286.82837444453963,286.82837444453963,286.82837444453963,286.82837444453963,18.59888543796534,18.59888543796534,-23.00482972095574,,0.9965257073701304,19.736609290911105,26.09200546350388,26.09200546350388,82.38578348602732
2026-01-03 21:00:00,NODE_03,2026-01-03,27.4,88.4,3.755427225072835,60.3581492965798,26.775373458862305,2815.0,18.075986351224707,-0.0147227878794017,6.609148610125706,0.8059058425334413,0.1707682600033369,0,0,18.001558133522224,36.00311626704445,81.15715481913703,290.58380166961246,290.58380166961246,290.58380166961246,290.58380166961246,18.59888543796534,18.59888543796534,-27.01439749964854,,0.9965704542081076,20.531545122347275,26.012570315773075,26.012570315773075,80.8788226403451
2026-01-03 22:00:00,NODE_03,2026-01-03,27.4,88.4,3.91763210044328,88.83385378899587,26.775373458862305,2815.0,18.075986351224707,0.0726377772563091,1.8280295221270488,0.2796738565464431,0.2672098954860741,0,0,18.001558133522224,36.00311626704445,83.42907617064094,294.50143377005577,294.50143377005577,294.50143377005577,294.50143377005577,18.59888543796534,18.59888543796534,-25.989712755822826,,0.9966159216649414,21.369445454438463,25.947174190965544,25.947174190965544,83.14674564145793
2026-01-03 23:00:00,NODE_03,2026-01-03,27.4,88.4,8.506132889760238,36.91208935050341,26.775373458862305,2815.0,18.075986351224707,0.0764373925270454,8.242013584015735,0.1915213220501481,0.509113385187522,0,0,18.001558133522224,36.00311626704445,91.66490781829036,303.007566659816,303.007566659816,303.007566659816,303.007566659816,18.59888543796534,18.59888543796534,-14.967749767609163,,0.9967106081898316,26.67016152603293,25.95721568173037,25.95721568173037,91.36338602123304
2026-01-04 00:00:00,NODE_03,2026-01-04,27.4,88.4,11.013640775635649,67.68974773727037,26.775373458862305,2815.0,18.075986351224707,-0.0040522982360871,3.596986340185459,0.5042634607930315,0.1474539174261349,0,0,18.001558133522224,36.00311626704445,95.56475843028282,313.6685621682141,314.02120743545163,314.02120743545163,314.02120743545163,18.59888543796534,18.59888543796534,-11.461851732264122,95.2121131630453,0.9968256105417764,33.68327807276364,26.063052152840417,26.063052152840417,95.26139866854405
2026-01-04 01:00:00,NODE_03,2026-01-04,27.4,88.4,0.1700518343779034,70.11892854792069,26.775373458862305,2815.0,18.075986351224707,-0.0504224366273674,15.376575212286378,0.8656450363727319,0.6116556756460141,0,0,18.001558133522224,36.00311626704445,87.84707309191914,303.4918005695806,314.1912592698295,314.1912592698295,314.1912592698295,18.59888543796534,18.59888543796534,-25.12135096647431,77.14761439167026,0.9968273231868277,28.800838196227,26.100049261534828,26.100049261534828,87.56836272001534
2026-01-04 02:00:00,NODE_03,2026-01-04,27.4,88.4,4.785814130423339,62.512709175514615,26.775373458862305,2815.0,18.075986351224707,-0.1042948938866668,3.452562981406808,0.2413497038374998,0.5657473065511459,0,0,18.001558133522224,36.00311626704445,90.62882234914164,305.2269834864152,318.9770734002529,318.9770734002529,318.9770734002529,18.59888543796534,18.59888543796534,-13.293184527496294,76.8787324353039,0.9968747760913824,29.266526597216288,26.142268959343912,26.142268959343912,90.34558698672625
2026-01-04 03:00:00,NODE_03,2026-01-04,27.4,88.4,2.0665916102187647,26.20048377456509,26.775373458862305,2815.0,18.075986351224707,-0.0736018536513395,3.4856526131879897,0.0785362427927987,0.7147023163822577,0,0,18.001558133522224,36.00311626704445,83.90299902607114,304.7523105319456,321.04366501047167,321.04366501047167,321.04366501047167,18.59888543796534,18.59888543796534,-23.85675152604989,67.61164454754507,0.9968948310162614,26.943139217852607,26.15280672590324,26.15280672590324,83.64246603585273
2026-01-04 04:00:00,NODE_03,2026-01-04,27.4,88.4,5.412791987861903,67.38105930793036,26.775373458862305,2815.0,18.075986351224707,-0.068691741244933,7.236711994579264,0.3564047358496647,0.9377046153793676,0,0,18.001558133522224,36.00311626704445,86.09098753925183,303.37469014218726,326.4564569983335,326.4564569983335,326.4564569983335,18.59888543796534,18.59888543796534,-16.18146984491547,63.00922068310558,0.9969461588598172,28.31446032303662,26.180880149242636,26.180880149242636,85.8280793397055
2026-01-04 05:00:00,NODE_03,2026-01-04,27.4,88.4,1.5692092218402884,24.48662977253228,26.775373458862305,2815.0,18.075986351224707,0.0689234813730752,6.137396850187156,0.7476518245649778,0.9122545611011555,0,0,18.001558133522224,36.00311626704445,83.83648046128114,303.9492310900559,328.02566622017383,328.02566622017383,328.02566622017383,18.59888543796534,18.59888543796534,-19.42254343398733,59.76004533116319,0.996960723424747,25.636500496421416,26.17390092292441,26.17390092292441,83.58167821006352
2026-01-04 06:00:00,NODE_03,2026-01-04,27.4,88.4,14.238645419639848,61.72998546849279,26.775373458862305,2815.0,18.075986351224707,0.0057912293613473,8.145330148965728,0.5506905446947946,0.9460756180688312,0,0,18.001558133522224,36.00311626704445,95.02216225279705,309.49996857413265,342.2643116398137,342.2643116398137,342.2643116398137,18.59888543796534,18.59888543796534,-7.246601387615172,62.25781918711599,0.9970867929869468,36.02967084159805,26.29865750417344,26.29865750417344,94.7453430233267
2026-01-04 07:00:00,NODE_03,2026-01-04,27.4,88.4,5.605311831191729,71.77068240552198,26.775373458862305,2815.0,18.075986351224707,0.0194802262045993,3.139987178748012,0.8167933695743474,0.2447155970237009,0,0,18.001558133522224,36.00311626704445,99.76414175588376,313.2206746202118,347.8696234710054,347.8696234710054,347.8696234710054,18.59888543796534,18.59888543796534,2.329320293020942,65.11519290509017,0.9971335996810192,36.23053204655007,26.422805935953157,26.422805935953157,99.47817778813186
2026-01-04 08:00:00,NODE_03,2026-01-04,27.4,88.4,2.9063155464500987,34.76789234339653,26.775373458862305,2815.0,18.075986351224707,-0.1110210504467563,9.152931264738324,0.959592147609234,0.1315653066393546,0,0,18.001558133522224,36.00311626704445,99.92401746307394,315.4683394882951,350.7759390174555,350.7759390174555,350.7759390174555,18.59888543796534,18.59888543796534,2.2716976751589044,64.61641793391351,0.9971572814138652,33.70226778601766,26.512675835336665,26.512675835336665,99.6399616014304
2026-01-04 09:00:00,NODE_03,2026-01-04,27.4,88.4,8.904528214514004,78.91354052799419,26.775373458862305,2815.0,18.075986351224707,-0.059898321460863,0.6898351968894838,0.792662476751617,0.3022767004964485,0,0,18.001558133522224,36.00311626704445,107.91236947297264,322.3386396201824,359.68046723196954,359.68046723196954,359.68046723196954,18.59888543796534,18.59888543796534,17.718611989383163,70.57054186118549,0.99722746283525,37.55145583262901,26.647295103596328,26.647295103596328,107.6131784180726
2026-01-04 10:00:00,NODE_03,2026-01-04,27.4,88.4,1.389528237108467,22.1247663873103,26.775373458862305,2815.0,18.075986351224707,0.0443539888223143,2.8119230512656044,0.6038030788437534,0.8950851727663146,0,0,18.001558133522224,36.00311626704445,103.829627140165,321.0159256263196,361.069995469078,361.069995469078,361.069995469078,18.59888543796534,18.59888543796534,10.15710637572448,63.77555729740657,0.997238103094667,33.30826569484312,26.7275477613222,26.7275477613222,103.5428604142847
2026-01-04 11:00:00,NODE_03,2026-01-04,27.4,88.4,5.812171872935522,79.06690045608143,26.775373458862305,2815.0,18.075986351224707,0.0143387056191293,7.841595483968093,0.4933415880523805,0.9720534746234882,0,0,18.001558133522224,36.00311626704445,103.67705583477785,325.76370521685976,366.88216734201353,366.88216734201353,366.88216734201353,18.59888543796534,18.59888543796534,18.340699570093847,62.558593709624105,0.9972817383152188,34.12419771355218,26.81560311789636,26.81560311789636,103.39523446631128
2026-01-04 12:00:00,NODE_03,2026-01-04,27.4,88.4,2.799923178666374,52.22303354499356,26.775373458862305,2815.0,18.075986351224707,-0.0073602639342798,0.4766497289405754,0.0400690863482666,0.859324951070476,0,0,18.001558133522224,36.00311626704445,106.2161268802735,325.2088943595656,369.6820905206799,369.6820905206799,369.6820905206799,18.59888543796534,18.59888543796534,21.578276614969653,61.74293071915923,0.9973022705289178,31.805491235185727,26.87430768398212,26.87430768398212,105.9295845044844
2026-01-04 13:00:00,NODE_03,2026-01-04,27.4,88.4,3.1672718864678924,35.23115579521512,26.775373458862305,2815.0,18.075986351224707,0.0282421179300061,6.956512798457802,0.9843219788140412,0.1100177211275436,0,0,18.001558133522224,36.00311626704445,103.60845139672372,322.25954126392344,372.8493624071478,372.8493624071478,372.8493624071478,18.59888543796534,18.59888543796534,18.52664770872768,53.01863025349939,0.9973251258379546,30.20193943637576,26.91300107645181,26.91300107645181,103.3313118271131
2026-01-04 14:00:00,NODE_03,2026-01-04,27.4,88.4,18.36843955924824,29.36447014957776,26.775373458862305,2815.0,18.075986351224707,0.0817898903067907,6.029269190202267,0.3834811225750425,0.9474279980597932,0,0,18.001558133522224,36.00311626704445,118.741863372582,339.1460300456526,391.217801966396,391.217801966396,391.217801966396,18.59888543796534,18.59888543796534,32.2039412297875,66.67009145183863,0.9974503961957196,44.04008808016764,27.10986414546004,27.10986414546004,118.43911866599991
2026-01-04 15:00:00,NODE_03,2026-01-04,27.4,88.4,4.8696325135589245,86.73150173076608,26.775373458862305,2815.0,18.075986351224707,-0.0110521231768525,2.360867267227301,0.1522282139168668,0.423358027350786,0,0,18.001558133522224,36.00311626704445,123.22774763096116,332.74107211507766,396.0874344799549,396.0874344799549,396.0874344799549,18.59888543796534,18.59888543796534,37.573595647176205,59.88138526608388,0.9974816629458204,42.303707381701415,27.282521454962783,27.282521454962783,122.917418627999
2026-01-04 16:00:00,NODE_03,2026-01-04,27.4,88.4,1.5689676870478793,25.08659113068097,26.775373458862305,2815.0,18.075986351224707,0.0034684901329034,6.963413100852106,0.6667088553964567,0.0093102907623536,0,0,18.001558133522224,36.00311626704445,120.63216990308648,315.71115436416017,397.6564021670028,397.6564021670028,397.6564021670028,18.36843955924824,18.59888543796534,32.15910700646451,38.68692210024388,0.9974915742113654,37.52711896149408,27.39762929211482,27.39762929211482,120.32957305716262
2026-01-04 17:00:00,NODE_03,2026-01-04,27.4,88.4,3.10518092648201,33.9365393955148,26.775373458862305,2815.0,18.075986351224707,0.0096298459365652,2.510237302802293,0.2842882890954593,0.4423937407481936,0,0,18.001558133522224,36.00311626704445,121.29714203178725,316.0551517076735,400.7615830934848,400.7615830934848,400.7615830934848,18.36843955924824,18.59888543796534,31.519377526882423,36.59071064597586,0.997510961619824,35.00323204375198,27.48213598935523,27.48213598935523,120.99522878986444
2026-01-04 18:00:00,NODE_03,2026-01-04,27.4,88.4,1.6566345318336926,44.34756432031322,26.775373458862305,2815.0,18.075986351224707,0.1196054817636996,8.61049186687205,0.5857782709310476,0.0460691696754675,0,1,18.001558133522224,36.00311626704445,121.27690539837056,311.9048835390717,402.4182176253185,402.4182176253185,402.4182176253185,18.36843955924824,18.59888543796534,36.85158739554166,30.763571312123744,0.9975211828412548,31.409381769022872,27.525292536384548,27.525292536384548,120.9762821243096
2026-01-04 19:00:00,NODE_03,2026-01-04,27.4,88.4,1.8723367005985407,63.41643942727843,26.775373458862305,2815.0,18.075986351224707,-0.1049678132209512,6.406713200594554,0.5867679078445912,0.5438779211611176,0,0,18.001558133522224,36.00311626704445,122.20985074350534,308.89080018000504,404.290554325917,404.290554325917,404.290554325917,18.36843955924824,18.59888543796534,43.39450662073196,26.81009659759333,0.9975326343302936,28.57031120426798,27.5366514349485,27.5366514349485,121.90831435328089
2026-01-04 20:00:00,NODE_03,2026-01-04,27.4,88.4,3.8971946362378382,58.13607596932689,26.775373458862305,2815.0,18.075986351224707,0.0341611507394404,10.223426337272356,0.4457298209028691,0.3385540274370513,0,0,18.001558133522224,36.00311626704445,121.35937451761528,309.7102316951964,408.1877489621549,408.1877489621549,408.1877489621549,18.36843955924824,18.59888543796534,38.68636078930257,22.881857250656765,0.9975561340667302,28.18195915986562,27.543590227689545,27.543590227689545,121.06278847654872
2026-01-04 21:00:00,NODE_03,2026-01-04,27.4,88.4,1.738382479508631,28.795044468861978,26.775373458862305,2815.0,18.075986351224707,-0.0057401124379531,21.059545370268467,0.8361186155450426,0.4734349335940487,0,0,18.001558133522224,36.00311626704445,119.34232977205106,308.6710369099737,409.92613144166353,409.92613144166353,409.92613144166353,18.36843955924824,18.59888543796534,38.185174952914025,18.0872352403612,0.9975664726005824,25.693047765394407,27.52390360575023,27.52390360575023,119.05190694264044
2026-01-04 22:00:00,NODE_03,2026-01-04,27.4,88.4,8.870256636535686,40.28095886167503,26.775373458862305,2815.0,18.075986351224707,0.0283385863092089,6.482493871332524,0.264967061555443,0.613170360743117,0,0,18.001558133522224,36.00311626704445,124.29495430814346,317.14281940524813,418.7963880781992,418.7963880781992,418.7963880781992,18.36843955924824,18.59888543796534,40.86587813750252,22.641385635192407,0.9976178927966056,30.70934723712093,27.557434591343608,27.557434591343608,123.99887040214044
2026-01-04 23:00:00,NODE_03,2026-01-04,27.4,88.4,2.85536799451645,36.71262397602169,26.775373458862305,2815.0,18.075986351224707,-0.0328686276997362,11.317566005340028,0.4486325916177341,0.8688010958178203,0,0,18.001558133522224,36.00311626704445,118.64418941289966,316.9417548170896,421.65175607271567,421.65175607271567,421.65175607271567,18.36843955924824,18.59888543796534,26.97928159460929,13.934188157273582,0.9976339859337342,28.95831314606924,27.572027076288663,27.572027076288663,118.36347559186804
2026-01-05 00:00:00,NODE_03,2026-01-05,27.4,88.4,3.305717147752955,34.9479998143239,26.775373458862305,2815.0,18.075986351224707,-0.0024482515429225,1.3579332619449462,0.5376921285909715,0.6619015764719286,0,0,18.001558133522224,36.00311626704445,110.93626578501696,313.5276343778467,424.9574732204686,424.9574732204686,424.9574732204686,18.36843955924824,18.59888543796534,15.371507354734147,-0.1409277903673853,0.9976523477979165,27.920283321911807,27.5756173468621,27.5756173468621,110.67582601635586
2026-01-05 01:00:00,NODE_03,2026-01-05,27.4,88.4,1.998588002587141,48.78010355359909,26.775373458862305,2815.0,18.075986351224707,0.0355705289732747,7.828390972190759,0.6636247207672996,0.4340488684781807,0,0,18.001558133522224,36.00311626704445,112.7648019532262,313.58029910353883,426.95606122305577,426.95606122305577,426.95606122305577,18.36843955924824,18.59888543796534,24.91772886130707,10.088498533958145,0.9976633115158082,25.73082882621217,27.55679297420241,27.55679297420241,112.50130573907994
2026-01-05 02:00:00,NODE_03,2026-01-05,27.4,88.4,0.8292502559985037,69.28220168141598,26.775373458862305,2815.0,18.075986351224707,0.155645510052192,8.246621810524028,0.7839718505055895,0.8194278536703651,0,0,18.001558133522224,36.00311626704445,108.80823807880138,303.35906730458095,427.7853114790543,427.7853114790543,427.7853114790543,18.36843955924824,18.59888543796534,18.179415729659738,-1.8679161818341756,0.9976678305594224,22.70045475827885,27.507739052829443,27.507739052829443,108.55447883107092
2026-01-05 03:00:00,NODE_03,2026-01-05,27.4,88.4,0.9776772551670788,35.22170525520652,26.775373458862305,2815.0,18.075986351224707,0.0404018094701035,1.3838167002006343,0.394807282878256,0.9055821375731322,0,0,18.001558133522224,36.00311626704445,107.7193237237497,299.38207330194183,428.7629887342213,428.7629887342213,428.7629887342213,18.36843955924824,18.59888543796534,23.816324697678557,-5.370237230003681,0.9976731360628672,20.273063799704104,27.43539230029819,27.43539230029819,107.46867551404458
2026-01-05 04:00:00,NODE_03,2026-01-05,27.4,88.4,4.2528374045805295,45.667521579208696,26.775373458862305,2815.0,18.075986351224707,-0.0424032799015254,9.200076305798556,0.646046944096596,0.1197599664321972,0,0,18.001558133522224,36.00311626704445,106.55936914046832,294.9228140638874,433.01582613880186,433.01582613880186,433.01582613880186,18.36843955924824,18.59888543796534,20.468381601216493,-8.451876078299861,0.9976959365539814,21.48494163432901,27.376476947169778,27.376476947169778,106.31384959320096
2026-01-05 05:00:00,NODE_03,2026-01-05,27.4,88.4,2.5447173527877345,47.36421987888136,26.775373458862305,2815.0,18.075986351224707,-0.0211879841011351,12.207166254555542,0.1506109530685191,0.5319329775527915,0,0,18.001558133522224,36.00311626704445,107.53487727141578,294.6303816279654,435.5605434915896,435.5605434915896,435.5605434915896,18.36843955924824,18.59888543796534,23.69839681013464,-9.318849462090483,0.9977093669711832,20.8069177419674,27.31206950398152,27.31206950398152,107.28855432978813
2026-01-05 06:00:00,NODE_03,2026-01-05,27.4,88.4,4.489998154875385,88.35195706047871,26.775373458862305,2815.0,18.075986351224707,-0.0226707054191926,7.758460045738342,0.9326481005424786,0.2845119597424441,0,0,18.001558133522224,36.00311626704445,97.78623000665132,295.07715589986054,440.050541646465,440.050541646465,440.050541646465,18.36843955924824,18.59888543796534,2.764067753854277,-14.422812674272096,0.9977326861536844,22.17587823554767,27.26220356933653,27.26220356933653,97.56451793337824
2026-01-05 07:00:00,NODE_03,2026-01-05,27.4,88.4,7.932881191238498,86.82664498153483,26.775373458862305,2815.0,18.075986351224707,-0.0897821586315007,0.4773650699499955,0.3830588064210035,0.0470611978769474,0,0,18.001558133522224,36.00311626704445,100.11379936669807,297.31276258544466,447.9834228377035,447.9834228377035,447.9834228377035,18.36843955924824,18.59888543796534,0.3496576108143046,-15.907912034767136,0.9977727462771794,26.782377691454016,27.257589858972278,27.257589858972278,99.89082053435288
2026-01-05 08:00:00,NODE_03,2026-01-05,27.4,88.4,1.630034122173453,76.00963079264531,26.775373458862305,2815.0,18.075986351224707,-0.0165045095850718,3.192959248968887,0.7295214219764384,0.6685466951139853,0,0,18.001558133522224,36.00311626704445,98.83751794242144,296.4138551934104,449.61345695987694,449.61345695987694,449.61345695987694,18.36843955924824,18.59888543796534,-1.0864995206525094,-19.054484294884688,0.9977808030706704,24.395055159909365,27.230327623743108,27.230327623743108,98.61817802610103
2026-01-05 09:00:00,NODE_03,2026-01-05,27.4,88.4,16.098045635901435,36.91612445734296,26.775373458862305,2815.0,18.075986351224707,0.0366414540910872,19.89345492667751,0.0203410818821776,0.8627707774592256,0,0,18.001558133522224,36.00311626704445,106.03103536380884,304.1371623203709,465.7115025957784,465.7115025957784,465.7115025957784,18.36843955924824,18.59888543796534,-1.8813341091637736,-18.20147729981143,0.9978573487166308,36.8338425218244,27.32092682089482,27.32092682089482,105.80384782980964
2026-01-05 10:00:00,NODE_03,2026-01-05,27.4,88.4,1.2140910293923417,24.76261198641688,26.775373458862305,2815.0,18.075986351224707,-0.0637116059538397,7.5417448115491235,0.205187142904807,0.162902654477394,0,0,18.001558133522224,36.00311626704445,105.85559815609274,303.3577460606983,466.92559362517073,466.92559362517073,466.92559362517073,18.36843955924824,18.59888543796534,2.025971015927737,-17.658179565621296,0.9978629080913214,32.52285717294308,27.369542992409286,27.369542992409286,105.62937501378502
2026-01-05 11:00:00,NODE_03,2026-01-05,27.4,88.4,0.93307683611321,42.18328964044373,26.775373458862305,2815.0,18.075986351224707,0.0524241325525296,8.810105928477599,0.487082544323578,0.8124136576239005,0,0,18.001558133522224,36.00311626704445,100.97650311927045,289.9899152187322,467.8586704612839,467.8586704612839,467.8586704612839,18.36843955924824,18.59888543796534,-2.7005527155074134,-35.773789998127484,0.9978671611233804,28.577505433114823,27.380727829823226,27.380727829823226,100.76113650779254
2026-01-05 12:00:00,NODE_03,2026-01-05,27.4,88.4,7.162697234571753,38.67561846036816,26.775373458862305,2815.0,18.075986351224707,0.0243887410542169,1.5830366449886473,0.8782524677323466,0.8533957335369416,0,0,18.001558133522224,36.00311626704445,105.3392771751758,296.1932543207532,475.0213676958557,475.0213676958557,475.0213676958557,18.36843955924824,18.59888543796534,-0.8768497050976976,-29.015640038812464,0.9978992539666016,31.45357685271935,27.418093417189247,27.418093417189247,105.117986106489
2026-01-05 13:00:00,NODE_03,2026-01-05,27.4,88.4,3.402405214177812,55.41480601024757,26.775373458862305,2815.0,18.075986351224707,-0.0367116660985518,1.94119320221449,0.5272551499506771,0.9143404426664836,0,0,18.001558133522224,36.00311626704445,105.57441050288573,294.26466558760546,478.4237729100335,478.4237729100335,478.4237729100335,18.36843955924824,18.59888543796534,1.9659591061619888,-27.99487567631797,0.9979141626750584,30.13794553898926,27.442819345569248,27.442819345569248,105.35419945690008
2026-01-05 14:00:00,NODE_03,2026-01-05,27.4,88.4,1.550130690340346,74.44095370474551,26.775373458862305,2815.0,18.075986351224707,-0.0070764818668923,3.9707416846358288,0.929870482293879,0.2652850890860524,0,0,18.001558133522224,36.00311626704445,88.75610163397783,294.0358871493543,479.9739036003738,479.9739036003738,479.9739036003738,18.36843955924824,18.59888543796534,-29.985761738604168,-45.1101428962983,0.997920885119724,27.167384398481214,27.440337949649532,27.440337949649532,88.57156750235534
2026-01-05 15:00:00,NODE_03,2026-01-05,27.4,88.4,0.8356467149397762,80.08260572152007,26.775373458862305,2815.0,18.075986351224707,0.0799160903820516,10.265341335405694,0.4837968965827963,0.9039530651898892,0,0,18.001558133522224,36.00311626704445,84.72211583535868,293.6040154501048,480.8095503153136,480.8095503153136,480.8095503153136,18.36843955924824,18.59888543796534,-38.50563179560247,-39.1370566649729,0.9979244911203076,23.927923453648813,27.408977105935243,27.408977105935243,84.54627433163607
2026-01-05 16:00:00,NODE_03,2026-01-05,27.4,88.4,1.2514590810862765,79.1404859787356,26.775373458862305,2815.0,18.075986351224707,0.0366773906752932,2.126485826372089,0.4904490967359499,0.3206627547364322,0,0,18.001558133522224,36.00311626704445,84.40460722939709,293.5098400291055,482.0610093963999,482.0610093963999,482.0610093963999,18.36843955924824,18.59888543796534,-36.22756267368939,-22.20131433505468,0.99792986811076,21.590194016687768,27.357483450278185,27.357483450278185,84.22987856037273
2026-01-05 17:00:00,NODE_03,2026-01-05,27.4,88.4,3.613400119513268,45.17728928561474,26.775373458862305,2815.0,18.075986351224707,0.0004391827449073,18.709167664282667,0.1197467885005318,0.5523380134555028,0,0,18.001558133522224,36.00311626704445,84.91282642242832,295.9877329591204,485.6744095159132,485.6744095159132,485.6744095159132,18.36843955924824,18.59888543796534,-36.38431560935891,-20.06741874855309,0.9979452381706392,21.965065033697872,27.31018153434327,27.31018153434327,84.73835078787238
2026-01-05 18:00:00,NODE_03,2026-01-05,27.4,88.4,10.08100603524517,68.1064040422478,26.775373458862305,2815.0,18.075986351224707,-0.0118841658480492,0.8056266007161509,0.8026562441522198,0.0505074708322821,0,0,18.001558133522224,36.00311626704445,93.33719792583982,299.0394213270393,495.7554155511583,495.7554155511583,495.7554155511583,18.36843955924824,18.59888543796534,-27.93970747253076,-12.865462212032384,0.9979869368935004,28.75131131388836,27.32271309764366,27.32271309764366,93.14930425623125
2026-01-05 19:00:00,NODE_03,2026-01-05,27.4,88.4,0.4272981085792299,41.89839382669541,26.775373458862305,2815.0,18.075986351224707,0.0038304535225829,3.930681022893185,0.2469654124670625,0.0438810883687436,0,0,18.001558133522224,36.00311626704445,91.8921593338205,292.9173542000992,496.1827136597376,496.1827136597376,496.1827136597376,18.36843955924824,18.59888543796534,-30.31769140968484,-15.97344597990582,0.9979886669980156,24.865912725384337,27.301533784089703,27.301533784089703,91.70733360112878
2026-01-05 20:00:00,NODE_03,2026-01-05,27.4,88.4,3.917925071421098,24.26338802646279,26.775373458862305,2815.0,18.075986351224707,-0.0255881778971151,13.453862267085947,0.8996124893723151,0.7203732127322029,0,0,18.001558133522224,36.00311626704445,91.91288976900375,295.9452780149317,500.10063873115865,500.10063873115865,500.10063873115865,18.36843955924824,18.59888543796534,-29.44648474861151,-13.764953680264682,0.998004392884966,25.053950887997782,27.282323673866696,27.282323673866696,91.7294677522174
2026-01-05 21:00:00,NODE_03,2026-01-05,27.4,88.4,6.3405420721307095,69.10956859220596,26.775373458862305,2815.0,18.075986351224707,-0.1052374752859507,1.57467503850814,0.910824220330396,0.444479977977791,0,0,18.001558133522224,36.00311626704445,96.51504936162584,297.014533952814,506.4411808032894,506.4411808032894,506.4411808032894,18.36843955924824,18.59888543796534,-22.827280410425217,-11.65650295715973,0.9980293282495972,27.636400326928825,27.28532432346892,27.28532432346892,96.32484988036016
2026-01-05 22:00:00,NODE_03,2026-01-05,27.4,88.4,2.1140695731497887,20.68792867988515,26.775373458862305,2815.0,18.075986351224707,0.1021088955267365,2.9758771895836262,0.9433101118741496,0.2562923753692175,0,0,18.001558133522224,36.00311626704445,89.75886229823995,297.48289277702435,508.5552503764392,508.5552503764392,508.5552503764392,18.36843955924824,18.59888543796534,-34.53609200990351,-19.65992662822381,0.9980375042760108,25.605009851039288,27.271204033784635,27.271204033784635,89.58271091478952
2026-01-05 23:00:00,NODE_03,2026-01-05,27.4,88.4,10.456522133895902,48.6427811220942,26.775373458862305,2815.0,18.075986351224707,0.00776624995997,5.465161256871852,0.52023048910309,0.1904134960249102,0,0,18.001558133522224,36.00311626704445,97.3600164376194,307.6691136688094,519.011772510335,519.011772510335,519.011772510335,18.36843955924824,18.59888543796534,-21.284172975280256,-9.27264114828013,0.9980769666133276,32.2207805072793,27.312450504397088,27.312450504397088,97.1727898754829
2026-01-06 00:00:00,NODE_03,2026-01-06,27.4,88.4,4.375310273173378,43.0565488511453,26.775373458862305,2815.0,18.075986351224707,0.0199073632561268,1.615179794849724,0.6770937847836443,0.6699534908592181,0,0,18.001558133522224,36.00311626704445,98.42960956303982,304.93063377833965,523.3870827835084,523.3870827835084,523.3870827835084,18.36843955924824,18.59888543796534,-12.506656221977153,-8.597000599507126,0.9980930117601452,31.762973704360785,27.349231687867864,27.349231687867864,98.2419054551496
2026-01-06 01:00:00,NODE_03,2026-01-06,27.4,88.4,6.830994499071647,68.53642769631966,26.775373458862305,2815.0,18.075986351224707,-0.0028953874938454,0.5949279596652842,0.7785158800616635,0.0004015440253398,0,0,18.001558133522224,36.00311626704445,103.26201605952431,303.8738911046697,530.2180772825801,530.2180772825801,530.2180772825801,18.36843955924824,18.59888543796534,-9.502785893701883,-9.706407998869125,0.998117533941775,33.829522147778306,27.40234882278516,27.40234882278516,103.0676288191884
2026-01-06 02:00:00,NODE_03,2026-01-06,27.4,88.4,6.603716948118622,73.63718309322653,26.775373458862305,2815.0,18.075986351224707,-0.0367558400362294,2.2557619514193163,0.1310146186504656,0.8058911691968542,0,0,18.001558133522224,36.00311626704445,109.03648275164446,308.47354317958747,536.8217942306987,536.8217942306987,536.8217942306987,18.36843955924824,18.59888543796534,0.2282446728430756,5.114475875006519,0.9981406480534496,35.358810773730184,27.46703550531317,27.46703550531317,108.8337455551952
2026-01-06 03:00:00,NODE_03,2026-01-06,27.4,88.4,8.571478308223766,41.28662451798987,26.775373458862305,2815.0,18.075986351224707,-0.0092962240474385,12.216099778167973,0.6009571949974972,0.0792496061299288,0,0,18.001558133522224,36.00311626704445,116.63028380470114,308.252606554522,545.3932725389225,545.3932725389225,545.3932725389225,18.36843955924824,18.59888543796534,8.91096008095144,8.870533252580103,0.9981698164119897,38.62646746589442,27.55703092435012,27.55703092435012,116.41682897341678
2026-01-06 04:00:00,NODE_03,2026-01-06,27.4,88.4,2.997281430297794,76.81389101113975,26.775373458862305,2815.0,18.075986351224707,-0.0799697381097155,3.9182510152845857,0.0342979013033116,0.1914896149081194,0,0,18.001558133522224,36.00311626704445,115.3747278304184,308.0250845101385,548.3905539692203,548.3905539692203,548.3905539692203,18.36843955924824,18.59888543796534,8.815358689950074,13.102270446251095,0.9981798012492658,35.82977877630805,27.62321290716578,27.62321290716578,115.16472289495516
2026-01-06 05:00:00,NODE_03,2026-01-06,27.4,88.4,11.809871342028526,40.57417323534536,26.775373458862305,2815.0,18.075986351224707,0.1138543249026652,1.530975233153549,0.4975660833887259,0.3862363952990896,0,0,18.001558133522224,36.00311626704445,124.63988181965918,316.01123955235613,560.2004253112488,560.2004253112488,560.2004253112488,18.36843955924824,18.59888543796534,17.1050045482434,21.38085792439071,0.99821810541315,42.26518330189037,27.739419021409628,27.739419021409628,124.41778668893912
2026-01-06 06:00:00,NODE_03,2026-01-06,27.4,88.4,3.207264421282319,51.24284519905929,26.775373458862305,2815.0,18.075986351224707,-0.0617255999211198,1.5919279155113133,0.1548426816202274,0.4848587397161036,0,0,18.001558133522224,36.00311626704445,123.35714808606612,316.1655403455145,563.4076897325311,563.4076897325311,563.4076897325311,18.36843955924824,18.59888543796534,25.57091807941481,21.088384445653915,0.9982282310850976,39.132670227889136,27.829129660830727,27.829129660830727,123.1385877256562
2026-01-06 07:00:00,NODE_03,2026-01-06,27.4,88.4,2.762188993364721,70.89129689098938,26.775373458862305,2815.0,18.075986351224707,-0.0515983141923589,9.818797250438744,0.1829229259620847,0.3549951158139418,0,0,18.001558133522224,36.00311626704445,118.18645588819234,318.0643970107742,566.1698787258958,566.1698787258958,566.1698787258958,18.36843955924824,18.59888543796534,18.072656521494267,20.751634425329517,0.9982368598236452,36.02495868707049,27.893159575098224,27.893159575098224,117.97807659951486
2026-01-06 08:00:00,NODE_03,2026-01-06,27.4,88.4,2.641783155486033,68.5044160457352,26.775373458862305,2815.0,18.075986351224707,-0.02201296021932,2.3322738227481388,0.3650475666926015,0.3207121649842939,0,0,18.001558133522224,36.00311626704445,119.19820492150492,317.9597403270003,568.8116618813818,568.8116618813818,568.8116618813818,18.36843955924824,18.59888543796534,20.360686979083496,21.54588513358989,0.9982450341632212,33.26299803949595,27.934786229861,27.934786229861,118.98901614406232
2026-01-06 09:00:00,NODE_03,2026-01-06,27.4,88.4,2.454089733882713,89.115793061854,26.775373458862305,2815.0,18.075986351224707,0.0644037862426188,6.810106823160798,0.432437166716503,0.9639160120731884,0,0,18.001558133522224,36.00311626704445,105.5542490194862,319.49765385626773,571.2657516152645,571.2657516152645,571.2657516152645,18.36843955924824,18.59888543796534,-0.4767863443226474,15.360491535896742,0.998252560113588,30.72763806745427,27.95626970553479,27.95626970553479,105.3697993145693
2026-01-06 10:00:00,NODE_03,2026-01-06,27.4,88.4,2.4487980755003296,35.761271695115234,26.775373458862305,2815.0,18.075986351224707,0.0007254499631327,3.467391650973562,0.6231724245321872,0.6415796812433943,0,0,18.001558133522224,36.00311626704445,106.7889560655942,316.4741813618519,573.7145496907649,573.7145496907649,573.7145496907649,18.36843955924824,18.59888543796534,0.9333579095014528,13.116435301153672,0.9982600057706246,28.567290432836455,27.96093398589587,27.96093398589587,106.60314389827904
2026-01-06 11:00:00,NODE_03,2026-01-06,27.4,88.4,3.663432438375885,66.36225394777077,26.775373458862305,2815.0,18.075986351224707,-0.0618067898015231,6.276917327659071,0.0744284184385156,0.0234329553673882,0,0,18.001558133522224,36.00311626704445,109.51931166785684,314.17287062190513,577.3779821291408,577.3779821291408,577.3779821291408,18.36843955924824,18.59888543796534,8.542808548586422,24.18295540317285,0.9982710268528572,27.945629306286875,27.960818041353377,27.960818041353377,109.32995571888956
2026-01-06 12:00:00,NODE_03,2026-01-06,27.4,88.4,3.7639974765800654,62.677733579304416,26.775373458862305,2815.0,18.075986351224707,0.0627169180378669,9.840817021993503,0.5036917612374446,0.4301759084443132,0,0,18.001558133522224,36.00311626704445,106.12061190986518,317.6760159653145,581.1419796057208,581.1419796057208,581.1419796057208,18.36843955924824,18.59888543796534,0.7813347346893664,21.48276164456132,0.99828220599951,27.51778238692391,27.95748694620729,27.95748694620729,105.9383185593981
2026-01-06 13:00:00,NODE_03,2026-01-06,27.4,88.4,3.716059544279464,84.05689181430209,26.775373458862305,2815.0,18.075986351224707,0.036550031339274,10.455542407306789,0.1826251302531011,0.8750086997439702,0,0,18.001558133522224,36.00311626704445,106.43426623996685,315.61712813957627,584.8580391500003,584.8580391500003,584.8580391500003,18.36843955924824,18.59888543796534,0.8598557370811193,21.35246255197079,0.9982931018554412,27.106174573164783,27.95113386879653,27.95113386879653,106.25259378840435
2026-01-06 14:00:00,NODE_03,2026-01-06,27.4,88.4,2.8736666784118,30.945349915141257,26.775373458862305,2815.0,18.075986351224707,0.0269217478608226,1.7623627290496635,0.5739751750317419,0.3014561864106679,0,0,18.001558133522224,36.00311626704445,107.75780222803829,315.2557672345981,587.7317058284121,587.7317058284121,587.7317058284121,18.36843955924824,18.59888543796534,19.00170059406044,21.219880085243773,0.998301433420181,25.91391506560187,27.936043359143238,27.936043359143238,107.57476842645896
2026-01-06 15:00:00,NODE_03,2026-01-06,27.4,88.4,6.5870281920853815,72.6258714510853,26.775373458862305,2815.0,18.075986351224707,0.035786712058542,4.01454465833373,0.6374046122611835,0.0945563447743882,0,0,18.001558133522224,36.00311626704445,113.50918370518389,321.4590471715037,594.3187340204975,594.3187340204975,594.3187340204975,18.36843955924824,18.59888543796534,28.787067869825208,27.855031721398944,0.9983202275640708,28.61385599784697,27.941027275604288,27.941027275604288,113.31851410717108
2026-01-06 16:00:00,NODE_03,2026-01-06,27.4,88.4,4.069642530606684,59.778803138813785,26.775373458862305,2815.0,18.075986351224707,0.1197180950291225,2.863043460821537,0.5567092565528539,0.7583847715899178,0,0,18.001558133522224,36.00311626704445,116.32736715470428,321.36414428718786,598.3883765511042,598.3883765511042,598.3883765511042,18.36843955924824,18.59888543796534,31.922759925307204,27.854304258082323,0.9983316326456744,28.39142012877661,27.944314814678545,27.944314814678545,116.13329037292874
2026-01-06 17:00:00,NODE_03,2026-01-06,27.4,88.4,5.03421392496584,39.22661088515338,26.775373458862305,2815.0,18.075986351224707,0.1092547447518056,11.500192236784851,0.7382955104783077,0.6060138319360813,0,0,18.001558133522224,36.00311626704445,117.74818096015689,323.95814941437243,603.42259047607,603.42259047607,603.42259047607,18.36843955924824,18.59888543796534,32.83535453772855,27.970416455252064,0.998345528417109,29.16692103442596,27.95317428003903,27.95317428003903,117.55336994082118
2026-01-06 18:00:00,NODE_03,2026-01-06,27.4,88.4,1.2996073732081803,53.21044399030219,26.775373458862305,2815.0,18.075986351224707,-0.0343357671501647,1.7301941804837335,0.3356092442409013,0.5703125078265039,0,0,18.001558133522224,36.00311626704445,108.96678229811988,323.58088562233024,604.7221978492782,604.7221978492782,604.7221978492782,18.36843955924824,18.59888543796534,15.62958437228005,24.54146429529095,0.9983490781689186,26.09149025247024,27.93978086976875,27.93978086976875,108.7868866583612
2026-01-06 19:00:00,NODE_03,2026-01-06,27.4,88.4,0.8499732181093348,43.364361794885845,26.775373458862305,2815.0,18.075986351224707,0.0811942496405576,6.660459573469862,0.7651065916331309,0.0535765596074079,0,0,18.001558133522224,36.00311626704445,109.38945740765,323.49146748497583,605.5721710673876,605.5721710673876,605.5721710673876,18.36843955924824,18.59888543796534,17.497298073829484,30.574113284876603,0.9983513915611388,23.02773993270904,27.904694863075463,27.904694863075463,109.20911702504527
2026-01-06 20:00:00,NODE_03,2026-01-06,27.4,88.4,6.054024178328467,60.55193819519226,26.775373458862305,2815.0,18.075986351224707,0.019158409487945,6.37474788029372,0.4327670817081936,0.1404990097955173,0,0,18.001558133522224,36.00311626704445,111.52555651455737,324.7978208011764,611.626195245716,611.626195245716,611.626195245716,18.36843955924824,18.59888543796534,19.6126667455536,28.85254278624465,0.998367683249981,25.627603121131145,27.888545276253165,27.888545276253165,111.34351148060344
2026-01-06 21:00:00,NODE_03,2026-01-06,27.4,88.4,6.841563822339448,82.23004275702661,26.775373458862305,2815.0,18.075986351224707,0.0249547908068874,1.92289508370015,0.4841844983225968,0.6225493962131138,0,0,18.001558133522224,36.00311626704445,112.02657826476609,327.883957398443,618.4677590680554,618.4677590680554,618.4677590680554,18.36843955924824,18.59888543796534,15.511528903140244,30.869423445629053,0.9983857109827564,28.62502647530092,27.893731763570404,27.893731763570404,111.84573498983391
2026-01-06 22:00:00,NODE_03,2026-01-06,27.4,88.4,1.1873754019173042,59.85134890885414,26.775373458862305,2815.0,18.075986351224707,-0.0846135415821664,0.6001590708103445,0.6481021272610714,0.2078238414588358,0,0,18.001558133522224,36.00311626704445,111.0998840935336,325.153700699917,619.6551344699727,619.6551344699727,619.6551344699727,18.36843955924824,18.59888543796534,21.341021795293656,27.670807922892664,0.9983887992792424,25.51864790592309,27.8771227855449,27.8771227855449,110.920879880206
2026-01-06 23:00:00,NODE_03,2026-01-06,27.4,88.4,1.0238059628651208,64.22056928286088,26.775373458862305,2815.0,18.075986351224707,-0.0085192882694097,2.4439077465108623,0.0183583839992239,0.5040700797484243,0,0,18.001558133522224,36.00311626704445,101.66716792250284,317.67137377302186,620.6789404328379,620.6789404328379,620.6789404328379,18.36843955924824,18.59888543796534,4.30715148488342,10.002260104212452,0.9983914526695986,22.714656682899744,27.841272326498757,27.841272326498757,101.50363147095162
2026-01-07 00:00:00,NODE_03,2026-01-07,27.4,88.4,9.08038739412144,56.31234929802966,26.775373458862305,2815.0,18.075986351224707,-0.0406411795168282,3.513097772148476,0.6539942214202483,0.5448816860293935,0,0,18.001558133522224,36.00311626704445,106.37224504345087,315.7381203915077,629.7593278269593,629.7593278269593,629.7593278269593,18.36843955924824,18.59888543796534,7.94263548041107,10.807486613168066,0.9984146092560452,28.387845574586223,27.845041797175217,27.845041797175217,106.2036034707453
2026-01-07 01:00:00,NODE_03,2026-01-07,27.4,88.4,2.132882935633399,23.581585451183315,26.775373458862305,2815.0,18.075986351224707,0.0414029407446654,3.719102325281993,0.6185851490721154,0.2835071902709394,1,0,18.001558133522224,36.00311626704445,101.67413348001264,317.7009514927632,631.8922107625928,631.8922107625928,631.8922107625928,18.36843955924824,18.59888543796534,-1.587882579511685,13.8270603880935,0.9984199521134964,26.262551674031688,27.83420282372903,27.83420282372903,101.51348348029546
2026-01-07 02:00:00,NODE_03,2026-01-07,27.4,88.4,1.7342183568267868,36.3000989813266,26.775373458862305,2815.0,18.075986351224707,0.0535540250201402,3.3892441634661408,0.3098471167532799,0.9484251555414928,0,0,18.001558133522224,36.00311626704445,96.8046348887208,314.64935571916664,633.6264291194195,633.6264291194195,633.6264291194195,18.36843955924824,18.59888543796534,-12.231847862923658,6.175812539579155,0.9984242698474004,24.05738727975372,27.808510200980898,27.808510200980898,96.65209690661526
2026-01-07 03:00:00,NODE_03,2026-01-07,27.4,88.4,1.0166620655965517,54.440121060245794,26.775373458862305,2815.0,18.075986351224707,-0.1037243175508155,8.030342906023307,0.0857942848994894,0.8424641068355752,0,0,18.001558133522224,36.00311626704445,89.24981864609359,313.5994261745444,634.643091185016,634.643091185016,634.643091185016,18.36843955924824,18.59888543796534,-27.38046515860755,5.346819620022444,0.9984267901061652,21.46544125338721,27.76565162701067,27.76565162701067,89.1094099483766
2026-01-07 04:00:00,NODE_03,2026-01-07,27.4,88.4,1.031162743790191,41.71646986212934,26.775373458862305,2815.0,18.075986351224707,-0.0011017432002135,9.075240452050297,0.0909354499130411,0.7223735076327985,0,0,18.001558133522224,36.00311626704445,87.28369995958599,309.2177969304728,635.6742539288063,635.6742539288063,635.6742539288063,18.36843955924824,18.59888543796534,-28.09102787083241,1.1927124203341606,0.998429338089566,19.27678780916932,27.70867938662247,27.70867938662247,87.1466067766577
2026-01-07 05:00:00,NODE_03,2026-01-07,27.4,88.4,15.815303545015995,32.7234518432836,26.775373458862305,2815.0,18.075986351224707,0.0560930752397126,10.999185406859906,0.9232237469852286,0.077993866409409,0,0,18.001558133522224,36.00311626704445,91.28913216257344,323.4638912536484,651.4895574738223,651.4895574738223,651.4895574738223,18.36843955924824,18.59888543796534,-33.35074965708573,7.452651701292311,0.9984674084227928,32.20057318280992,27.738625345263724,27.738625345263724,91.14922320753054
2026-01-07 06:00:00,NODE_03,2026-01-07,27.4,88.4,3.050114709356108,55.28929893429069,26.775373458862305,2815.0,18.075986351224707,-0.0093339481156722,2.201047127980148,0.6892793212258371,0.1061300193090194,0,0,18.001558133522224,36.00311626704445,91.13198245064724,312.2753605433647,654.5396721831784,654.5396721831784,654.5396721831784,18.36843955924824,18.59888543796534,-32.225165635418875,-3.890179802149788,0.998474539310993,30.420601914744537,27.75638677949869,27.75638677949869,90.9929641939075
2026-01-07 07:00:00,NODE_03,2026-01-07,27.4,88.4,2.560638156972906,42.59668554134952,26.775373458862305,2815.0,18.075986351224707,0.0364531822501182,4.20135492493765,0.1271026137707404,0.4927813458649557,0,0,18.001558133522224,36.00311626704445,90.93043161425544,309.23068686914587,657.1003103401513,657.1003103401513,657.1003103401513,18.36843955924824,18.59888543796534,-27.2560242739369,-8.83371014162833,0.9984804748086455,28.41814978450576,27.760740483479,27.760740483479,90.79226053275686
2026-01-07 08:00:00,NODE_03,2026-01-07,27.4,88.4,0.9284939043540614,38.06753502213903,26.775373458862305,2815.0,18.075986351224707,0.0175582733813542,14.07880994821687,0.3567231693089063,0.1607133491909856,0,0,18.001558133522224,36.00311626704445,89.21714236312346,307.25286522704977,658.0288042445053,658.0288042445053,658.0288042445053,18.36843955924824,18.59888543796534,-29.981062558381467,-10.70687509995048,0.9984826156405312,25.08392122118396,27.743244932745046,27.743244932745046,89.08176566670517
2026-01-07 09:00:00,NODE_03,2026-01-07,27.4,88.4,0.3896275384998001,52.47897922082666,26.775373458862305,2815.0,18.075986351224707,0.0170830115976313,4.020540153943933,0.5924829939015964,0.978265463529474,0,0,18.001558133522224,36.00311626704445,87.15268016774054,298.7379645510356,658.4184317830051,658.4184317830051,658.4184317830051,18.36843955924824,18.59888543796534,-18.401568851745665,-20.759689305232087,0.9984835122104548,21.71096057650616,27.70407425510713,27.70407425510713,87.02051419244002
2026-01-07 10:00:00,NODE_03,2026-01-07,27.4,88.4,12.286506801156085,29.32989806575212,26.775373458862305,2815.0,18.075986351224707,-0.0135657489034148,2.748002446369096,0.8355717050906487,0.1585202340274094,0,0,18.001558133522224,36.00311626704445,96.9903888933963,309.6349431150832,670.7049385841613,670.7049385841613,670.7049385841613,18.36843955924824,18.59888543796534,-9.798567172197892,-6.839238246768701,0.9985112510827926,30.740823291186324,27.723666184372163,27.723666184372163,96.84599455695174
2026-01-07 11:00:00,NODE_03,2026-01-07,27.4,88.4,7.843359746347419,84.94220131527851,26.775373458862305,2815.0,18.075986351224707,-0.0608290402067854,7.403175996096851,0.0436609287130085,0.487467835463974,0,0,18.001558133522224,36.00311626704445,101.17031620136784,311.66613098849507,678.5482983305086,678.5482983305086,678.5482983305086,18.36843955924824,18.59888543796534,-8.348995466489015,-2.5067396334100067,0.9985284342519042,33.9730595438558,27.76372639821501,27.76372639821501,101.02143742932188
2026-01-07 12:00:00,NODE_03,2026-01-07,27.4,88.4,3.959929730024536,80.73914685434673,26.775373458862305,2815.0,18.075986351224707,-0.0560765073712513,8.306251030251609,0.2366331314700088,0.3641210568415054,0,0,18.001558133522224,36.00311626704445,101.3662484548123,312.8261375398533,682.5082280605332,682.5082280605332,682.5082280605332,18.36843955924824,18.59888543796534,-4.754363455052882,-4.849878425461213,0.9985369598214824,32.837030342301965,27.796040436075437,27.796040436075437,101.21794556057728
2026-01-07 13:00:00,NODE_03,2026-01-07,27.4,88.4,2.663966435467096,69.53344100183747,26.775373458862305,2815.0,18.075986351224707,0.0354676257227658,4.043603174304436,0.88974899029538,0.639386421454098,0,0,18.001558133522224,36.00311626704445,100.31415534599994,312.32283208885246,685.1721944960002,685.1721944960002,685.1721944960002,18.36843955924824,18.59888543796534,-6.120110893966896,-3.294296050723787,0.9985426398679204,30.575442226423764,27.81363158664725,27.81363158664725,100.16796149531544
2026-01-07 14:00:00,NODE_03,2026-01-07,27.4,88.4,3.828971354890911,27.43496793119193,26.775373458862305,2815.0,18.075986351224707,0.0009729127759441,3.1430839962263977,0.0091655501838164,0.1290364088894249,0,0,18.001558133522224,36.00311626704445,101.26946002247904,297.78336388449515,689.0011658508912,689.0011658508912,689.0011658508912,16.098045635901435,18.59888543796534,-6.488342205559221,-17.47240335010295,0.9985507270864292,29.81809724735111,27.82623828891583,27.82623828891583,101.12269293709652
2026-01-07 15:00:00,NODE_03,2026-01-07,27.4,88.4,3.720249543753318,74.31140781287851,26.775373458862305,2815.0,18.075986351224707,-0.0069256122303612,1.4809285683435118,0.2013991027938874,0.4303164280423909,0,0,18.001558133522224,36.00311626704445,98.40268137414698,296.6339809146896,692.7214153946445,692.7214153946445,692.7214153946445,16.098045635901435,18.59888543796534,-15.106502331036909,-24.825066256814168,0.9985584991643496,29.06563220400176,27.833984500885123,27.833984500885123,98.26083382671592
2026-01-07 16:00:00,NODE_03,2026-01-07,27.4,88.4,9.872430510616947,76.55701296763132,26.775373458862305,2815.0,18.075986351224707,-0.0211945021161176,3.294389082734975,0.959024175972966,0.2747050328071436,0,0,18.001558133522224,36.00311626704445,104.20546935415724,304.93744373825865,702.5938459052614,702.5938459052614,702.5938459052614,16.098045635901435,18.59888543796534,-12.121897800547046,-16.426700548929233,0.998578725487979,34.57821788401844,27.875874149227563,27.875874149227563,104.057364776551
2026-01-07 17:00:00,NODE_03,2026-01-07,27.4,88.4,4.835973115488852,73.74352324000364,26.775373458862305,2815.0,18.075986351224707,-0.0152594422740375,1.0025821979659344,0.6134018465221711,0.887751524671688,0,0,18.001558133522224,36.00311626704445,104.00722854468026,306.66823592726547,707.4298190207503,707.4298190207503,707.4298190207503,16.098045635901435,18.59888543796534,-13.740952415476611,-17.289913487106972,0.9985884275715804,34.22745831690453,27.915081458904584,27.915081458904584,103.86041480851026
2026-01-07 18:00:00,NODE_03,2026-01-07,27.4,88.4,2.0825012984849565,27.97761209834688,26.775373458862305,2815.0,18.075986351224707,0.0523455897244069,11.153996920478296,0.2616713666375064,0.040585712134695,0,1,18.001558133522224,36.00311626704445,104.79012246995704,307.09410269391674,709.5123203192352,709.5123203192352,709.5123203192352,16.098045635901435,18.59888543796534,-4.176659828162826,-16.486782928413533,0.9985925648698804,31.175840867853807,27.9350861178552,27.9350861178552,104.64263717030327
2026-01-07 19:00:00,NODE_03,2026-01-07,27.4,88.4,1.558756421411545,65.07355699474353,26.775373458862305,2815.0,18.075986351224707,-0.0167622040934013,0.7527480991624175,0.0669910943958476,0.9137274940064593,0,0,18.001558133522224,36.00311626704445,105.49890567325924,306.7805224147297,711.0710767406467,711.0710767406467,711.0710767406467,16.098045635901435,18.59888543796534,-3.890551734390741,-16.710945070246098,0.9985956458102788,28.05822115908728,27.93583694127734,27.93583694127734,105.350747843066
2026-01-07 20:00:00,NODE_03,2026-01-07,27.4,88.4,3.3893241059065717,78.4027357024579,26.775373458862305,2815.0,18.075986351224707,-0.0670532356650784,2.442305193966071,0.0281913404472221,0.8329941385530004,0,0,18.001558133522224,36.00311626704445,102.83420560083736,306.27265188439844,714.4604008465534,714.4604008465534,714.4604008465534,16.098045635901435,18.59888543796534,-8.691350913720001,-18.525168916777915,0.998602298605462,27.23881209113076,27.931612548246147,27.931612548246147,102.69047408826285
2026-01-07 21:00:00,NODE_03,2026-01-07,27.4,88.4,2.7513247313957425,60.41473808537674,26.775373458862305,2815.0,18.075986351224707,0.0371825887770086,5.569345231139268,0.2447450796369272,0.2975707164408154,0,0,18.001558133522224,36.00311626704445,98.74396650989364,307.2855941362856,717.2117255779491,717.2117255779491,717.2117255779491,16.098045635901435,18.59888543796534,-13.282611754872448,-20.59836326215742,0.9986076529185104,25.90431500885689,27.91939991246669,27.91939991246669,98.60648063630887
2026-01-07 22:00:00,NODE_03,2026-01-07,27.4,88.4,4.637983600520982,65.24851626596623,26.775373458862305,2815.0,18.075986351224707,-0.0102438331932358,4.940861477602482,0.8814858195889105,0.7892906546771047,0,0,18.001558133522224,36.00311626704445,102.19457470849731,303.0533211002709,721.8497091784701,721.8497091784701,721.8497091784701,16.098045635901435,18.59888543796534,-8.90530938503629,-22.100379599646143,0.9986165865638426,26.656651358049334,27.91183854387737,27.91183854387737,102.05319736074318
2026-01-07 23:00:00,NODE_03,2026-01-07,27.4,88.4,0.2694194813773319,52.08544355984143,26.775373458862305,2815.0,18.075986351224707,0.0015697932766388,1.9629895591588504,0.4159136542975095,0.0312135603387475,0,0,18.001558133522224,36.00311626704445,101.44018822700951,300.46737258713176,722.1191286598474,722.1191286598474,722.1191286598474,16.098045635901435,18.59888543796534,-0.2269796954932985,-17.204001185890135,0.9986171019955546,22.92757313571927,27.88217029740024,27.88217029740024,101.29990679313984
2026-01-08 00:00:00,NODE_03,2026-01-08,27.4,88.4,3.8767239886390974,57.00951239188368,26.775373458862305,2815.0,18.075986351224707,0.0803789153199755,6.115261675971015,0.720333369165993,0.9668655502933936,0,0,18.001558133522224,36.00311626704445,96.2365248215272,301.0383794280179,725.643207381249,725.9958526484866,725.9958526484866,16.098045635901435,18.59888543796534,-10.135720221923693,-14.699740963489774,0.9986244763345528,23.36516115400048,28.01914955863097,27.855442432646395,96.10414920415478
2026-01-08 01:00:00,NODE_03,2026-01-08,27.4,88.4,1.2338970786898873,22.406380084620764,26.775373458862305,2815.0,18.075986351224707,-0.0010280278675253,1.0753046249278626,0.9182850353799578,0.5265949425897893,0,0,18.001558133522224,36.00311626704445,95.33753896458369,300.2736885041206,716.5302910269276,727.2297497271765,727.2297497271765,16.098045635901435,18.59888543796534,-6.3365945154289705,-17.42726298864254,0.9986268069927456,21.094284059590294,28.08133838094899,27.815670912804887,95.20662212274866
2026-01-08 02:00:00,NODE_03,2026-01-08,27.4,88.4,1.8852009706292472,64.72741153812991,26.775373458862305,2815.0,18.075986351224707,0.0144591836559362,5.624518260701595,0.4080404616028166,0.3032810260654452,0,0,18.001558133522224,36.00311626704445,95.48852157838614,301.32963921875137,715.3648607839679,729.1149506978056,729.1149506978056,16.098045635901435,18.59888543796534,-1.3161133103346572,-13.31971650041524,0.9986303526601608,19.815342421280995,28.127261795139784,27.76888536607083,95.35773597882114
2026-01-08 03:00:00,NODE_03,2026-01-08,27.4,88.4,3.027819554678773,25.701304902381143,26.775373458862305,2815.0,18.075986351224707,-0.0589461745649162,2.187742552122891,0.191277371037397,0.3625832125946771,0,0,18.001558133522224,36.00311626704445,97.49967906746836,303.3797815182631,715.8514157739584,732.1427702524844,732.1427702524844,16.098045635901435,18.59888543796534,8.249860421374777,-10.219644656281332,0.9986360091914216,19.870860612767625,28.169192857856665,27.72296661750511,97.366690401381
2026-01-08 04:00:00,NODE_03,2026-01-08,27.4,88.4,11.01503118459506,50.45102160381564,26.775373458862305,2815.0,18.075986351224707,-0.010983472617548,0.9500244507341312,0.5171179308569195,0.0664053534604973,0,0,18.001558133522224,36.00311626704445,107.48354750827323,310.1419752982776,720.0760345809332,743.1578014370795,743.1578014370795,16.098045635901435,18.59888543796534,20.199847548687245,0.9241783678049132,0.998656198996948,27.905262705447537,28.229980801683716,27.724020352117492,107.33911100932004
2026-01-08 05:00:00,NODE_03,2026-01-08,27.4,88.4,5.211256083127267,40.48585683671855,26.775373458862305,2815.0,18.075986351224707,0.03047630226043,3.545026045306925,0.9080836870598544,0.9893495140420392,0,0,18.001558133522224,36.00311626704445,96.8795000463845,312.80851402861714,724.2926223900888,748.3690575202068,748.3690575202068,16.098045635901435,18.59888543796534,5.590367883811055,-10.655377225031271,0.9986655440467356,28.930729382757672,28.306749290895976,27.73095546148899,96.75021862079832
2026-01-08 06:00:00,NODE_03,2026-01-08,27.4,88.4,2.9635298188325248,58.17995651481992,26.775373458862305,2815.0,18.075986351224707,-0.0777686866920621,9.582012544769,0.8043744141377006,0.0392919451506924,0,0,18.001558133522224,36.00311626704445,96.79291515586092,311.2820456925743,718.5682442733582,751.3325873390393,751.3325873390393,16.098045635901435,18.59888543796534,5.660932705213682,-0.9933148507903836,0.9986708006314908,27.554649794176548,28.33792882746014,27.72994800053292,96.66425807415958
2026-01-08 07:00:00,NODE_03,2026-01-08,27.4,88.4,0.7181124024343902,29.339143486624497,26.775373458862305,2815.0,18.075986351224707,0.0100422546557854,2.066983695894802,0.0658298433631537,0.654907123147859,0,0,18.001558133522224,36.00311626704445,94.9503894013224,304.06727690377016,717.4017508906801,752.0506997414736,752.0506997414736,16.098045635901435,18.59888543796534,4.019957787066957,-5.163409965375678,0.998672068161754,24.13956472748445,28.357488020547542,27.709548095572416,94.82430175618254
2026-01-08 08:00:00,NODE_03,2026-01-08,27.4,88.4,3.305447259081747,68.41503813813227,26.775373458862305,2815.0,18.075986351224707,0.0050395536322403,8.287744478116212,0.6925728000775818,0.4427359277064583,0,0,18.001558133522224,36.00311626704445,97.32734275605009,305.7426900406785,720.0485474713951,755.3561470005554,755.3561470005554,16.098045635901435,18.59888543796534,8.110200392926629,-1.5101751863713415,0.99867787152393,23.824077277443536,28.389868076223717,27.68759628304061,97.19866350469208
2026-01-08 09:00:00,NODE_03,2026-01-08,27.4,88.4,1.2004344362323325,75.65080758499293,26.775373458862305,2815.0,18.075986351224707,0.0020643727793719,4.440391466375878,0.5718975224589538,0.9489162181887152,0,0,18.001558133522224,36.00311626704445,98.13814965378262,290.8450788410093,719.2147538250006,756.5565814367877,756.5565814367877,15.815303545015995,18.59888543796534,10.985469486042078,-7.892885710026235,0.9986799665866496,21.450900122059338,28.412428066129443,27.652558664158697,98.00860401711526
2026-01-08 10:00:00,NODE_03,2026-01-08,27.4,88.4,7.745538967578849,31.434811482020955,26.775373458862305,2815.0,18.075986351224707,0.0518579449329121,1.58452408264407,0.9074631763464256,0.2459997403067951,0,0,18.001558133522224,36.00311626704445,93.59718182020538,297.37652677919584,724.2480505616082,764.3021204043666,764.3021204043666,15.815303545015995,18.59888543796534,-3.393207073190922,-12.25841633588736,0.9986933265002956,25.97880407132929,28.461564157171985,27.64320807984121,93.47488086307388
2026-01-08 11:00:00,NODE_03,2026-01-08,27.4,88.4,3.1924664862270618,27.30191611463175,26.775373458862305,2815.0,18.075986351224707,0.016721925742426,3.155621514045881,0.1224814168502972,0.5320868239380113,0,0,18.001558133522224,36.00311626704445,88.94628856008502,299.63591642930976,726.3761247654398,767.4945868905936,767.4945868905936,15.815303545015995,18.59888543796534,-12.224027641282817,-12.03021455918541,0.9986987546600086,25.274449946856954,28.51599694291428,27.630048312435747,88.83054761658668
2026-01-08 12:00:00,NODE_03,2026-01-08,27.4,88.4,0.9974879074723476,30.18608379511514,26.775373458862305,2815.0,18.075986351224707,0.0739035949178222,3.9671466450261184,0.5340361132046566,0.4823562085827529,0,0,18.001558133522224,36.00311626704445,85.98384673753284,293.4707071022103,724.0188786369517,768.492074798066,768.492074798066,15.815303545015995,18.59888543796534,-15.38240171727945,-19.35543043764297,0.9987004414564472,22.48077036230076,28.548233583839945,27.601599262987488,85.87210569489756
2026-01-08 13:00:00,NODE_03,2026-01-08,27.4,88.4,3.006965307685916,81.39892933289512,26.775373458862305,2815.0,18.075986351224707,-0.0496794757797018,0.7783593866345551,0.8794626935118923,0.7028664440501013,0,0,18.001558133522224,36.00311626704445,86.32684560975166,293.0752671957184,720.9092189625276,771.4990401057519,771.4990401057519,15.815303545015995,18.59888543796534,-13.987309736248278,-19.24756489313405,0.9987055000096012,22.11562011564156,28.557124849612336,27.571456520419652,86.21509550893867
2026-01-08 14:00:00,NODE_03,2026-01-08,27.4,88.4,7.496151661177164,56.97324832294493,26.775373458862305,2815.0,18.075986351224707,0.0067962283609173,3.0718829268089585,0.410023786741743,0.0680102319524205,0,0,18.001558133522224,36.00311626704445,89.99402591603791,299.0212881665552,726.9234198461858,778.9951917669291,778.9951917669291,15.815303545015995,18.59888543796534,-11.27543410644114,1.237924282060078,0.9987179408148212,26.29442875947249,28.600481240302532,27.564478226643985,89.87864824850105
2026-01-08 15:00:00,NODE_03,2026-01-08,27.4,88.4,7.265644795888488,52.70826972052518,26.775373458862305,2815.0,18.075986351224707,0.0042233393194973,0.9802270673555804,0.481994917732867,0.1937891300233548,0,0,18.001558133522224,36.00311626704445,93.53942116817308,305.451286247504,722.9144741979403,786.2608365628175,786.2608365628175,15.815303545015995,18.59888543796534,-4.863260205973887,8.817305332814414,0.998729772962712,29.615909241440104,28.61347140067347,27.575627308246137,93.42060486635302
2026-01-08 16:00:00,NODE_03,2026-01-08,27.4,88.4,2.735814250155818,27.4698273371648,26.775373458862305,2815.0,18.075986351224707,-0.0534627246877539,9.00201996982505,0.0704606776669583,0.2145648200928498,0,0,18.001558133522224,36.00311626704445,86.40280490771195,306.9356414165735,707.0514030101308,788.9966508129734,788.9966508129734,15.815303545015995,18.36843955924824,-17.80266444644529,1.9981976783148667,0.9987341718487402,27.909337105379908,28.53008999420418,27.577431144987404,86.29343380491197
2026-01-08 17:00:00,NODE_03,2026-01-08,27.4,88.4,6.184839261447248,65.46892047298732,26.775373458862305,2815.0,18.075986351224707,0.0478147501045673,6.718771139769721,0.2781436404489108,0.7381507548416897,0,0,18.001558133522224,36.00311626704445,87.75167105367035,309.5070805585075,710.4750586886092,795.1814900744206,795.1814900744206,15.815303545015995,18.36843955924824,-16.25555749100991,2.8388446312420257,0.9987440049631064,29.90777580102017,28.47959470155337,27.58995987969725,87.64145539034783
2026-01-08 18:00:00,NODE_03,2026-01-08,27.4,88.4,4.125404984628796,80.7599714326563,26.775373458862305,2815.0,18.075986351224707,0.1162336652926409,6.398768827604922,0.3245066491689473,0.18913869632674,0,0,18.001558133522224,36.00311626704445,89.79457473981418,303.55147950789114,708.7935609728027,799.3068950590495,799.3068950590495,15.815303545015995,18.36843955924824,-14.99554773014286,-3.5426231860256365,0.998750479339646,29.547014415495937,28.42666478782514,27.600425411974253,89.68237456348908
2026-01-08 19:00:00,NODE_03,2026-01-08,27.4,88.4,2.429512683534989,77.9730108526417,26.775373458862305,2815.0,18.075986351224707,-0.0008503037241915,2.254944301002081,0.9451224487448868,0.5734917638909767,0,0,18.001558133522224,36.00311626704445,90.66533100193764,305.5536940828469,706.3366535966725,801.7364077425844,801.7364077425844,15.815303545015995,18.36843955924824,-14.833574671321614,-1.2268283318828708,0.9987542610620936,27.54447493670653,28.367049912488703,27.60012780306325,90.55238566879036
2026-01-08 20:00:00,NODE_03,2026-01-08,27.4,88.4,0.4162417188473,63.82382962865609,26.775373458862305,2815.0,18.075986351224707,0.0252510544136883,1.639198467732778,0.282667360541159,0.2152438205009537,0,0,18.001558133522224,36.00311626704445,87.69224861487837,302.0520107302731,703.6751321944731,802.1526494614317,802.1526494614317,15.815303545015995,18.36843955924824,-15.141956985958984,-4.2206411541253885,0.9987549066784868,23.82904541504785,28.30053487915393,27.58017498619545,87.58306358177951
2026-01-08 21:00:00,NODE_03,2026-01-08,27.4,88.4,5.847368810004358,25.269510165617152,26.775373458862305,2815.0,18.075986351224707,0.0042259237907663,5.659653796329016,0.460868735269652,0.8616249500839784,0,0,18.001558133522224,36.00311626704445,90.78829269348698,301.55883746814675,706.7449237397461,808.000018271436,808.000018271436,15.815303545015995,18.36843955924824,-7.955673816406659,-5.7267566681388615,0.9987639060847776,26.10205741279503,28.26226966954124,27.57239542001966,90.67606983731514
2026-01-08 22:00:00,NODE_03,2026-01-08,27.4,88.4,1.506483559005177,27.867791902320903,26.775373458862305,2815.0,18.075986351224707,-0.0356792334953587,8.823794825686337,0.6713044235642798,0.9421854544896384,0,0,18.001558133522224,36.00311626704445,87.65679265197117,300.9512514540021,707.8529331574903,809.5065018304413,809.5065018304413,15.815303545015995,18.36843955924824,-14.53778205652614,-2.102069646268774,0.9987662036051016,23.69323235988095,28.23633953552368,27.55208566577809,87.54864201720882
2026-01-08 23:00:00,NODE_03,2026-01-08,27.4,88.4,4.006619413000075,23.45162909768773,26.775373458862305,2815.0,18.075986351224707,-0.0910380138901008,19.72966588488588,0.1621833724078774,0.5184929749422404,0,0,18.001558133522224,36.00311626704445,91.39399258359391,294.5013487331063,708.8031199878152,813.5131212434413,813.5131212434413,15.815303545015995,18.36843955924824,-10.046195643415617,-5.966023854025494,0.9987722726940564,24.14586691889888,28.21995479559879,27.534344943138095,91.28178568329982
2026-01-09 00:00:00,NODE_03,2026-01-09,27.4,88.4,0.3724217536994232,38.02354515447285,26.775373458862305,2815.0,18.075986351224707,-0.0352886741547682,11.52783952345438,0.4864423871418745,0.3523088842091783,0,0,18.001558133522224,36.00311626704445,87.88969034865423,290.4984602136323,702.4557041545189,813.8855429971408,813.8855429971408,15.815303545015995,18.36843955924824,-8.34683447287297,-10.539919214385591,0.9987728337941524,20.896408634763475,28.16824552955968,27.4999514907631,87.78183509081593
2026-01-09 01:00:00,NODE_03,2026-01-09,27.4,88.4,3.745077239390774,29.49630270122644,26.775373458862305,2815.0,18.075986351224707,-0.0695979190475865,13.163255862555664,0.7385390394759076,0.2340577750174991,0,0,18.001558133522224,36.00311626704445,90.40087050935512,287.4125429539514,704.2548581170146,817.6306202365315,817.6306202365315,15.815303545015995,18.36843955924824,-4.936668455228542,-12.861145550169198,0.998778447842922,21.507024578939728,28.1350019032032,27.46906011492896,90.2904411309827
2026-01-09 02:00:00,NODE_03,2026-01-09,27.4,88.4,3.0076413435775287,38.20336281767037,26.775373458862305,2815.0,18.075986351224707,0.0852051039029559,10.513839373379842,0.866855213027066,0.0497810015230437,0,0,18.001558133522224,36.00311626704445,91.5233108823034,283.81646734941035,696.2120174056358,820.6382615801091,820.6382615801091,15.815303545015995,18.36843955924824,-3.965210696082736,-17.51317186934105,0.998782919385866,21.288612235676297,28.05887076894674,27.437365510419973,91.41191963488718
2026-01-09 03:00:00,NODE_03,2026-01-09,27.4,88.4,5.086711142622185,46.95406390032732,26.775373458862305,2815.0,18.075986351224707,-0.0057554846961619,4.030967091621185,0.6262592746624267,0.2685000761974954,0,0,18.001558133522224,36.00311626704445,93.5822024702468,280.3317001838088,696.3440572904517,825.7249727227312,825.7249727227312,15.815303545015995,18.36843955924824,-3.917476597221551,-23.048081334454324,0.9987904078950142,23.18203154294704,27.994945256524083,27.41565462283082,93.46900617697162
2026-01-09 04:00:00,NODE_03,2026-01-09,27.4,88.4,2.5608934550880083,86.0087948849795,26.775373458862305,2815.0,18.075986351224707,-0.0172959664523585,1.847810416102356,0.6690535153169479,0.6542357799453179,0,0,18.001558133522224,36.00311626704445,85.12806474073976,279.89531220859897,690.1928541029048,828.2858661778192,828.2858661778192,15.815303545015995,18.36843955924824,-22.355482767533477,-30.246663089678638,0.9987941432010544,22.26562026659299,27.90399426627705,27.38951231645398,85.02541248509105
2026-01-09 05:00:00,NODE_03,2026-01-09,27.4,88.4,3.580857829554054,62.72632418471844,26.775373458862305,2815.0,18.075986351224707,0.0444576912393902,0.2751300546300313,0.1262834725845689,0.5336169313092108,0,0,18.001558133522224,36.00311626704445,83.49766648716655,271.6662986961245,690.936562143749,831.8667240073733,831.8667240073733,15.815303545015995,18.36843955924824,-13.381833559217952,-41.14221533249263,0.9987993277061324,22.506635056158096,27.83111275814352,27.36485132018986,83.39741315241281
2026-01-09 06:00:00,NODE_03,2026-01-09,27.4,88.4,7.319532614767469,78.44816499780737,26.775373458862305,2815.0,18.075986351224707,-0.0560875551427943,3.598569830108313,0.9457764972463472,0.9440412782809274,0,0,18.001558133522224,36.00311626704445,87.8536692831015,275.77856688960964,694.2128708755363,839.1862566221407,839.1862566221407,15.815303545015995,18.36843955924824,-8.939245872759429,-35.50347880296462,0.9988097877201416,26.45017241250185,27.788665313919232,27.36025494376932,87.74910476709012
2026-01-09 07:00:00,NODE_03,2026-01-09,27.4,88.4,14.70504479273824,69.72460504986326,26.775373458862305,2815.0,18.075986351224707,-0.0383432019002276,10.144421275132007,0.1325740774844823,0.3962772624917006,0,0,18.001558133522224,36.00311626704445,101.84060167340536,287.7214226889832,703.2206411626202,853.891301414879,853.891301414879,15.815303545015995,18.36843955924824,6.890212272082948,-16.345854214786996,0.9988302606444294,37.18769134336481,27.806202666608847,27.40939212576729,101.72147471363296
2026-01-01 00:00:00,NODE_04,2026-01-01,27.55,88.6,1.9306159443824669,37.74456272800333,30.540254592895508,2002.0,18.609391354423916,-0.0298739429012201,6.614082578073847,0.8765981188350187,0.804202907297781,0,0,15.85275726064132,31.70551452128264,1.9306159443824669,1.9306159443824669,1.9306159443824669,1.9306159443824669,1.9306159443824669,1.9306159443824669,1.9306159443824669,,,0.6587748040077227,1.9306159443824669,1.9306159443824669,1.9306159443824669,1.271841140374744
2026-01-01 01:00:00,NODE_04,2026-01-01,27.55,88.6,22.851690687150352,85.83761107720633,30.540254592895508,2002.0,18.609391354423916,-0.0747770768249102,15.764220638116884,0.9124850542303684,0.1806549020911703,0,0,15.85275726064132,31.70551452128264,24.78230663153282,24.78230663153282,24.78230663153282,24.78230663153282,24.78230663153282,22.851690687150352,22.851690687150352,,,0.9612137108486268,24.49271423987545,13.21166509212896,13.21166509212896,23.82109292068419
2026-01-01 02:00:00,NODE_04,2026-01-01,27.55,88.6,0.0630825881696107,83.41607775483851,30.540254592895508,2002.0,18.609391354423916,-0.0006149224654028,15.886056118265635,0.2659740646541121,0.4065678079054909,0,0,15.85275726064132,31.70551452128264,24.84538921970243,24.84538921970243,24.84538921970243,24.84538921970243,24.84538921970243,22.851690687150352,22.851690687150352,,,0.9613083791658404,20.881889692063744,15.768406625440551,15.768406625440551,23.884080840536587
2026-01-01 03:00:00,NODE_04,2026-01-01,27.55,88.6,2.718635527180892,59.676427350732624,30.540254592895508,2002.0,18.609391354423916,-0.0086422837407055,4.428815042803594,0.4621404732699007,0.3556219992575655,0,0,15.85275726064132,31.70551452128264,27.564024746883323,27.564024746883323,27.564024746883323,27.564024746883323,27.564024746883323,22.851690687150352,22.851690687150352,,,0.9649909279640604,20.468241765435074,16.943365410439185,16.943365410439185,26.599033818919263
2026-01-01 04:00:00,NODE_04,2026-01-01,27.55,88.6,3.484452495104904,44.80967943911703,30.540254592895508,2002.0,18.609391354423916,-0.0217882248485309,5.847360730356868,0.5491440152414512,0.7910040740654073,0,0,15.85275726064132,31.70551452128264,31.048477241988227,31.048477241988227,31.048477241988227,31.048477241988227,31.048477241988227,22.851690687150352,22.851690687150352,,,0.9687972694474905,20.88245799572472,17.73118392749629,17.73118392749629,30.079679972540735
2026-01-01 05:00:00,NODE_04,2026-01-01,27.55,88.6,1.907011661511561,46.68028174243149,30.540254592895508,2002.0,18.609391354423916,0.0221158434082242,10.80363961519395,0.9491124568882472,0.5102129164781221,0,0,15.85275726064132,31.70551452128264,32.955488903499784,32.955488903499784,32.955488903499784,32.955488903499784,32.955488903499784,22.851690687150352,22.851690687150352,,,0.9705496804112596,19.65710095787757,18.052170099226505,18.052170099226505,31.984939223088524
2026-01-01 06:00:00,NODE_04,2026-01-01,27.55,88.6,4.876668996955535,48.829659820114784,30.540254592895508,2002.0,18.609391354423916,-0.0375364803502799,15.57592014914711,0.9986173191643848,0.127849736993467,0,0,15.85275726064132,31.70551452128264,37.83215790045532,37.83215790045532,37.83215790045532,37.83215790045532,37.83215790045532,22.851690687150352,22.851690687150352,,,0.9742481475646174,21.585204811151467,18.556889343787216,18.556889343787216,36.85790975289071
2026-01-01 07:00:00,NODE_04,2026-01-01,27.55,88.6,6.271418876466603,70.93055254944608,30.540254592895508,2002.0,18.609391354423916,-0.0575998773789571,3.693262048987619,0.2354072488415266,0.7389920631562439,0,0,15.85275726064132,31.70551452128264,44.103576776921926,44.103576776921926,44.103576776921926,44.103576776921926,44.103576776921926,22.851690687150352,22.851690687150352,,,0.9778288093437488,24.618842965945348,19.31463354655698,19.31463354655698,43.12574796757818
2026-01-01 08:00:00,NODE_04,2026-01-01,27.55,88.6,3.285124876993072,51.614729686318654,30.540254592895508,2002.0,18.609391354423916,0.0054541485174915,9.482475212738956,0.7269798713458154,0.3968879782249189,0,0,15.85275726064132,31.70551452128264,47.38870165391499,47.38870165391499,47.38870165391499,47.38870165391499,47.38870165391499,22.851690687150352,22.851690687150352,,,0.97933401877256,24.21114139804661,19.858689974500276,19.858689974500276,46.40936763514243
2026-01-01 09:00:00,NODE_04,2026-01-01,27.55,88.6,8.956022044242886,79.97109625541282,30.540254592895508,2002.0,18.609391354423916,0.0192985046284437,10.484982334124693,0.3780310622331951,0.262924247632147,0,0,15.85275726064132,31.70551452128264,56.34472369815788,56.34472369815788,56.34472369815788,56.34472369815788,56.34472369815788,22.851690687150352,22.851690687150352,,,0.9825616040062616,29.535492232582502,20.826370200308496,20.826370200308496,55.362162094151614
2026-01-01 10:00:00,NODE_04,2026-01-01,27.55,88.6,0.7619749832979987,86.08663501512552,30.540254592895508,2002.0,18.609391354423916,-0.0588322471950026,3.4744368177395013,0.0081081968862132,0.3754986220207201,0,0,15.85275726064132,31.70551452128264,57.10669868145588,57.10669868145588,57.10669868145588,57.10669868145588,57.10669868145588,22.851690687150352,22.851690687150352,,,0.9827902802483746,25.86714338099313,21.284622307643463,21.284622307643463,56.12390840120751
2026-01-01 11:00:00,NODE_04,2026-01-01,27.55,88.6,4.676295088860582,43.51623073652537,30.540254592895508,2002.0,18.609391354423916,0.046404530549554,6.363095670512035,0.0092525224359023,0.4977565636068963,0,0,15.85275726064132,31.70551452128264,61.78299377031647,61.78299377031647,61.78299377031647,61.78299377031647,61.78299377031647,22.851690687150352,22.851690687150352,,,0.984072119853692,26.663366962704742,21.73285102889857,21.73285102889857,60.79892165046277
2026-01-01 12:00:00,NODE_04,2026-01-01,27.55,88.6,1.530210423877132,59.24861369629761,30.540254592895508,2002.0,18.609391354423916,-0.0885240568888039,6.927749043349128,0.4605660075622557,0.3431155164170094,0,0,15.85275726064132,31.70551452128264,63.3132041941936,63.3132041941936,63.3132041941936,63.3132041941936,63.3132041941936,22.851690687150352,22.851690687150352,,,0.9844510934802674,24.194072342176163,21.922175745304536,21.922175745304536,62.328753100713335
2026-01-01 13:00:00,NODE_04,2026-01-01,27.55,88.6,4.411462813428304,26.65395757827951,30.540254592895508,2002.0,18.609391354423916,-0.0289056729357821,0.5730809814367341,0.4883349130043346,0.2419057725917578,0,0,15.85275726064132,31.70551452128264,67.7246670076219,67.7246670076219,67.7246670076219,67.7246670076219,67.7246670076219,22.851690687150352,22.851690687150352,,,0.9854491837713948,24.976424304278044,22.140336356659787,22.140336356659787,66.73921782385051
2026-01-01 14:00:00,NODE_04,2026-01-01,27.55,88.6,3.6752742631301984,34.03283334364513,30.540254592895508,2002.0,18.609391354423916,-0.0129004268098804,7.5064500107706,0.0225696965734426,0.3985020288039803,0,0,15.85275726064132,31.70551452128264,71.3999412707521,71.3999412707521,71.3999412707521,71.3999412707521,71.3999412707521,22.851690687150352,22.851690687150352,,,0.9861878340997496,24.90523492176653,22.324662927666903,22.324662927666903,70.41375343665234
2026-01-01 15:00:00,NODE_04,2026-01-01,27.55,88.6,1.4570234353135574,48.94260366971121,30.540254592895508,2002.0,18.609391354423916,-0.0318111856325964,0.3236415916562096,0.6869274167743025,0.0191729107498982,0,0,15.85275726064132,31.70551452128264,72.85696470606565,72.85696470606565,72.85696470606565,72.85696470606565,72.85696470606565,22.851690687150352,22.851690687150352,,,0.9864603155033548,22.626473118815117,22.34352606461367,22.34352606461367,71.8705043905623
2026-01-01 16:00:00,NODE_04,2026-01-01,27.55,88.6,3.060859877606215,34.43419011312452,30.540254592895508,2002.0,18.609391354423916,-0.0282530236775596,8.843720146322193,0.2940033885949531,0.7724978460963139,0,0,15.85275726064132,31.70551452128264,75.91782458367187,75.91782458367187,75.91782458367187,75.91782458367187,75.91782458367187,22.851690687150352,22.851690687150352,,,0.9869991122940276,22.293362028599063,22.34057523896575,22.34057523896575,74.93082547137784
2026-01-01 17:00:00,NODE_04,2026-01-01,27.55,88.6,1.417557898022749,81.35923435521023,30.540254592895508,2002.0,18.609391354423916,0.0935537241154057,6.234342853477647,0.5598931015359494,0.1709448935675858,0,0,15.85275726064132,31.70551452128264,77.33538248169462,77.33538248169462,77.33538248169462,77.33538248169462,77.33538248169462,22.851690687150352,22.851690687150352,,,0.9872343764934872,20.366915622331952,22.23092748248609,22.23092748248609,76.34814810520113
2026-01-01 18:00:00,NODE_04,2026-01-01,27.55,88.6,13.442574470012303,31.080037924136864,30.540254592895508,2002.0,18.609391354423916,-0.0425442044519449,10.886430114389828,0.3009190731654187,0.0439046136306372,0,0,15.85275726064132,31.70551452128264,90.77795695170693,90.77795695170693,90.77795695170693,90.77795695170693,90.77795695170693,22.851690687150352,22.851690687150352,,,0.9891041374942984,30.754452748994463,22.67953407546022,22.67953407546022,89.78885281421263
2026-01-01 19:00:00,NODE_04,2026-01-01,27.55,88.6,5.819153514803412,51.89625750871644,30.540254592895508,2002.0,18.609391354423916,0.1220610861235957,0.0129168107760468,0.1671343148693072,0.6536986929050792,0,0,15.85275726064132,31.70551452128264,96.59711046651032,96.59711046651032,96.59711046651032,96.59711046651032,96.59711046651032,22.851690687150352,22.851690687150352,,,0.9897537950127824,31.96043835144871,23.14357928925964,23.14357928925964,95.60735667149756
2026-01-01 20:00:00,NODE_04,2026-01-01,27.55,88.6,13.65873212754855,62.3989468321913,30.540254592895508,2002.0,18.609391354423916,0.0218563389865525,11.201123824376474,0.4071737385988753,0.7739361288236722,0,0,15.85275726064132,31.70551452128264,110.25584259405888,110.25584259405888,110.25584259405888,110.25584259405888,110.25584259405888,22.851690687150352,22.851690687150352,,,0.9910117079994736,40.82510472627995,23.98555669102252,23.98555669102252,109.26483088605944
2026-01-01 21:00:00,NODE_04,2026-01-01,27.55,88.6,1.241990089460154,68.43047357125911,30.540254592895508,2002.0,18.609391354423916,0.0046027568655995,10.3400246523065,0.2322733647905007,0.8138291315928432,0,0,15.85275726064132,31.70551452128264,111.49783268351904,111.49783268351904,111.49783268351904,111.49783268351904,111.49783268351904,22.851690687150352,22.851690687150352,,,0.991110939863053,35.94332910679811,24.529091800830496,24.529091800830496,110.50672174365596
2026-01-01 22:00:00,NODE_04,2026-01-01,27.55,88.6,0.3307306702841386,46.81485588085547,30.540254592895508,2002.0,18.609391354423916,0.0238120176693832,16.834602691178684,0.5348009769191681,0.4935091826605999,0,0,15.85275726064132,31.70551452128264,111.82856335380318,111.82856335380318,111.82856335380318,111.82856335380318,111.82856335380318,22.851690687150352,22.851690687150352,,,0.9911369960737314,30.88256041106253,24.80532956649276,24.80532956649276,110.83742635772944
2026-01-01 23:00:00,NODE_04,2026-01-01,27.55,88.6,4.530190094909248,80.836934810731,30.540254592895508,2002.0,18.609391354423916,0.1264963874625976,0.658620650966305,0.1988285302864799,0.2053681846899853,0,0,15.85275726064132,31.70551452128264,116.35875344871242,116.35875344871242,116.35875344871242,116.35875344871242,116.35875344871242,22.851690687150352,22.851690687150352,,,0.9914791187652056,30.7803664443124,25.054289436401916,25.054289436401916,115.3672743299472
2026-01-02 00:00:00,NODE_04,2026-01-02,27.55,88.6,4.6178550298652725,59.78234057545479,30.540254592895508,2002.0,18.609391354423916,-0.0496796501965724,8.175720062010361,0.5084059766446271,0.7372276772498267,0,0,15.85275726064132,31.70551452128264,119.04599253419524,120.9766084785777,120.9766084785777,120.9766084785777,120.9766084785777,22.851690687150352,22.851690687150352,117.11537658981275,,0.991801706798762,30.78116650753081,25.283364519247066,25.283364519247066,118.0700185829675
2026-01-02 01:00:00,NODE_04,2026-01-02,27.55,88.6,6.132193795362527,50.76554463132862,30.540254592895508,2002.0,18.609391354423916,-0.0560208959468194,0.3095390011179924,0.1573785148688675,0.6997130771543372,0,0,15.85275726064132,31.70551452128264,102.3264956424074,127.10880227394024,127.10880227394024,127.10880227394024,127.10880227394024,22.851690687150352,22.851690687150352,77.54418901087459,,0.9921941351238172,32.29618532676371,25.553088396459245,25.553088396459245,101.52774884416948
2026-01-02 02:00:00,NODE_04,2026-01-02,27.55,88.6,6.163286328199312,24.70684438364256,30.540254592895508,2002.0,18.609391354423916,-0.037743309828596,7.8403401411989,0.670974709485785,0.2462707341031732,0,0,15.85275726064132,31.70551452128264,108.4266993824371,133.27208860213955,133.27208860213955,133.27208860213955,133.27208860213955,22.851690687150352,22.851690687150352,83.58131016273468,,0.992552435800987,33.61504385594847,25.85167933940329,25.85167933940329,107.61918457789932
2026-01-02 03:00:00,NODE_04,2026-01-02,27.55,88.6,12.944255127261574,52.52826279116155,30.540254592895508,2002.0,18.609391354423916,0.001607157348228,11.818543710051472,0.7539376844414241,0.903407755862793,0,0,15.85275726064132,31.70551452128264,118.65231898251778,146.2163437294011,146.2163437294011,146.2163437294011,146.2163437294011,22.851690687150352,22.851690687150352,91.08829423563446,,0.9932072759405158,41.51704240481777,26.41115659173952,26.41115659173952,117.84634652065164
2026-01-02 04:00:00,NODE_04,2026-01-02,27.55,88.6,6.114168883275485,77.45150885710112,30.540254592895508,2002.0,18.609391354423916,-0.0862885562406286,2.0635121118993096,0.1103942342499337,0.104371458082829,0,0,15.85275726064132,31.70551452128264,121.28203537068838,152.3305126126766,152.3305126126766,152.3305126126766,152.3305126126766,22.851690687150352,22.851690687150352,90.23355812870015,,0.9934781408934172,41.40365492737059,26.92813929296818,26.92813929296818,120.49105102384117
2026-01-02 05:00:00,NODE_04,2026-01-02,27.55,88.6,1.0007417482079033,63.01787127549208,30.540254592895508,2002.0,18.609391354423916,0.0011169619659304,3.631119667030626,0.4678024120373392,0.9826882395913256,0,0,15.85275726064132,31.70551452128264,120.37576545738472,153.3312543608845,153.3312543608845,153.3312543608845,153.3312543608845,22.851690687150352,22.851690687150352,87.42027655388493,,0.9935204310744368,36.1938484364729,27.236996264418337,27.236996264418337,119.59578238813614
2026-01-02 06:00:00,NODE_04,2026-01-02,27.55,88.6,0.5838613160723758,78.25137176103829,30.540254592895508,2002.0,18.609391354423916,0.0846773566706836,4.790571509835839,0.0708717006548735,0.8602478109774646,0,0,15.85275726064132,31.70551452128264,116.08295777650154,153.91511567695687,153.91511567695687,153.91511567695687,153.91511567695687,22.851690687150352,22.851690687150352,78.25079987604622,,0.993544851994396,31.348632487074337,27.36962969095563,27.36962969095563,115.33362510312595
2026-01-02 07:00:00,NODE_04,2026-01-02,27.55,88.6,13.695609412719223,54.58081694195139,30.540254592895508,2002.0,18.609391354423916,0.0075703695312388,0.7084247053243076,0.5981824455420024,0.6878986454790752,0,0,15.85275726064132,31.70551452128264,123.50714831275415,167.6107250896761,167.6107250896761,167.6107250896761,167.6107250896761,22.851690687150352,22.851690687150352,79.40357153583224,,0.9940691791731032,40.341947026732406,27.77501460769865,27.77501460769865,122.77464954527026
2026-01-02 08:00:00,NODE_04,2026-01-02,27.55,88.6,3.311130441274193,28.292319356613728,30.540254592895508,2002.0,18.609391354423916,-0.0146342729487638,7.380595316724691,0.2644042979296453,0.9387498882798327,0,0,15.85275726064132,31.70551452128264,123.5331538770353,170.9218555309503,170.9218555309503,170.9218555309503,170.9218555309503,22.851690687150352,22.851690687150352,76.14445222312031,,0.9941834038673462,37.60178541399674,28.07279554122284,28.07279554122284,122.8146114119396
2026-01-02 09:00:00,NODE_04,2026-01-02,27.55,88.6,9.68672802011342,20.954789208511677,30.540254592895508,2002.0,18.609391354423916,-0.0309080224341813,0.3493280765957036,0.5276244568387078,0.7223111683237078,0,0,15.85275726064132,31.70551452128264,124.26385985290584,180.6085835510637,180.6085835510637,180.6085835510637,180.6085835510637,22.851690687150352,22.851690687150352,67.91913615474796,,0.9944936523348918,41.64824562201065,28.472073484775414,28.472073484775414,123.57961983834748
2026-01-02 10:00:00,NODE_04,2026-01-02,27.55,88.6,1.3350082911785974,41.22536827030138,30.540254592895508,2002.0,18.609391354423916,0.0449255852275782,3.796501354191211,0.5174610093842912,0.1904569970300459,0,0,15.85275726064132,31.70551452128264,124.83689316078645,181.9435918422423,181.9435918422423,181.9435918422423,181.9435918422423,22.851690687150352,22.851690687150352,67.73019447933055,,0.9945338342276436,36.736017069887644,28.70818615863577,28.70818615863577,124.15451400826365
2026-01-02 11:00:00,NODE_04,2026-01-02,27.55,88.6,5.953019173134083,68.85933300484547,30.540254592895508,2002.0,18.609391354423916,-0.0412916386619023,17.244872433202143,0.9243543461938004,0.4421561381128117,0,0,15.85275726064132,31.70551452128264,126.11361724505991,187.8966110153764,187.8966110153764,187.8966110153764,187.8966110153764,22.851690687150352,22.851690687150352,64.33062347474346,,0.9947060987773962,37.17863368253858,28.943476367633068,28.943476367633068,125.44598421253932
2026-01-02 12:00:00,NODE_04,2026-01-02,27.55,88.6,1.317036274466047,75.31819327591856,30.540254592895508,2002.0,18.609391354423916,0.0923197960299623,5.582796910425054,0.5490832225687229,0.0715030243316353,0,0,15.85275726064132,31.70551452128264,125.90044309564884,189.21364728984244,189.21364728984244,189.21364728984244,189.21364728984244,22.851690687150352,22.851690687150352,62.58723890145526,,0.9947427536654284,32.91887490462384,29.050919571335523,29.050919571335523,125.23855345266333
2026-01-02 13:00:00,NODE_04,2026-01-02,27.55,88.6,0.0485150983633755,40.70269842342306,30.540254592895508,2002.0,18.609391354423916,0.0966679873857178,1.0318386509630493,0.5829984797183156,0.3896574222881154,0,0,15.85275726064132,31.70551452128264,121.53749538058392,189.2621623882058,189.2621623882058,189.2621623882058,189.2621623882058,22.851690687150352,22.851690687150352,53.81282837296202,,0.9947440942148044,28.02955876729364,29.02404165543968,29.02404165543968,120.89870575549492
2026-01-02 14:00:00,NODE_04,2026-01-02,27.55,88.6,8.309151637940253,54.6957744618273,30.540254592895508,2002.0,18.609391354423916,0.0128375399330893,1.4872224057113126,0.4016531257643803,0.7416030197372087,0,0,15.85275726064132,31.70551452128264,126.17137275539396,197.57131402614607,197.57131402614607,197.57131402614607,197.57131402614607,22.851690687150352,22.851690687150352,54.77143148464188,,0.9949640258719932,32.13427659013985,29.103791269149944,29.103791269149944,125.5359769865027
2026-01-02 15:00:00,NODE_04,2026-01-02,27.55,88.6,0.8008769707536136,49.47832331038571,30.540254592895508,2002.0,18.609391354423916,-0.0005757544038322,0.5392062018249424,0.9490796031828168,0.3864433509308174,0,0,15.85275726064132,31.70551452128264,125.51522629083404,198.3721909968997,198.3721909968997,198.3721909968997,198.3721909968997,22.851690687150352,22.851690687150352,52.65826158476838,,0.9949842553517628,28.115012072372483,29.079071789230504,29.079071789230504,124.88567396629352
2026-01-02 16:00:00,NODE_04,2026-01-02,27.55,88.6,0.6674551038499555,48.73659490459995,30.540254592895508,2002.0,18.609391354423916,0.0515329904120779,7.8885292956597715,0.7771859094396096,0.3302941754681341,0,0,15.85275726064132,31.70551452128264,123.12182151707776,199.03964610074965,199.03964610074965,199.03964610074965,199.03964610074965,22.851690687150352,22.851690687150352,47.20399693340589,,0.995000990956081,24.56521536536657,28.968977730111877,28.968977730111877,122.50633441781012
2026-01-02 17:00:00,NODE_04,2026-01-02,27.55,88.6,2.951472611511874,36.194409924010536,30.540254592895508,2002.0,18.609391354423916,0.0547399251113662,1.0684744108473812,0.2854052903028415,0.5953557225103119,0,0,15.85275726064132,31.70551452128264,124.65573623056687,201.9911187122615,201.9911187122615,201.9911187122615,201.9911187122615,22.851690687150352,22.851690687150352,47.320353748872265,,0.9950736760980292,23.831905672073454,28.846666490634767,28.846666490634767,124.04164169765647
2026-01-02 18:00:00,NODE_04,2026-01-02,27.55,88.6,3.0106708227409,29.545977352062085,30.540254592895508,2002.0,18.609391354423916,-0.0402995865529707,9.588685999713528,0.8442095857762321,0.872204528998895,0,0,15.85275726064132,31.70551452128264,114.22383258329548,205.0017895350024,205.0017895350024,205.0017895350024,205.0017895350024,22.851690687150352,22.851690687150352,23.445875631588564,,0.995145673237804,23.26779064400333,28.7169251918759,28.7169251918759,113.66935277590582
2026-01-02 19:00:00,NODE_04,2026-01-02,27.55,88.6,4.253438723735401,33.76819907618492,30.540254592895508,2002.0,18.609391354423916,-0.0263277566568351,5.465498456296997,0.43239636018509,0.0475831925461124,0,0,15.85275726064132,31.70551452128264,112.65811779222749,209.25522825873784,209.25522825873784,209.25522825873784,209.25522825873784,22.851690687150352,22.851690687150352,16.061007325717156,,0.9952438757015384,24.03106077113824,28.61042827322277,28.61042827322277,112.12230178077692
2026-01-02 20:00:00,NODE_04,2026-01-02,27.55,88.6,4.701200046466494,23.873267101434227,30.540254592895508,2002.0,18.609391354423916,-0.0661173717341647,0.3074604827204366,0.8286671435335939,0.3854704346997354,0,0,15.85275726064132,31.70551452128264,103.70058571114542,213.9564283052043,213.9564283052043,213.9564283052043,213.9564283052043,22.851690687150352,22.851690687150352,-6.5552568829134685,,0.9953478944180252,25.127601701933997,28.53303212719413,28.53303212719413,103.21815963750454
2026-01-02 21:00:00,NODE_04,2026-01-02,27.55,88.6,1.3254552209403707,33.86915192765039,30.540254592895508,2002.0,18.609391354423916,0.0204532469167028,0.3530443073795339,0.822888068293502,0.1582407418152627,0,0,15.85275726064132,31.70551452128264,103.78405084262565,215.28188352614467,215.28188352614467,215.28188352614467,215.28188352614467,22.851690687150352,22.851690687150352,-7.71378184089339,,0.9953764042383184,22.683916667584263,28.40587744328957,28.40587744328957,103.30419534501954
2026-01-02 22:00:00,NODE_04,2026-01-02,27.55,88.6,0.6839677527748091,20.64406283377656,30.540254592895508,2002.0,18.609391354423916,0.0333313941728445,1.7197467510239846,0.1888701867628544,0.6953542507318696,0,0,15.85275726064132,31.70551452128264,104.13728792511633,215.9658512789195,215.9658512789195,215.9658512789195,215.9658512789195,22.851690687150352,22.851690687150352,-7.691275428686865,,0.9953909797596928,19.965296920221437,28.22629062364982,28.22629062364982,103.65731705729876
2026-01-02 23:00:00,NODE_04,2026-01-02,27.55,88.6,9.176419496927911,63.90808804451848,30.540254592895508,2002.0,18.609391354423916,-0.0674962818930636,3.9655581990631146,0.7011411313835769,0.1057245604311348,0,0,15.85275726064132,31.70551452128264,108.78351732713496,225.1422707758474,225.1422707758474,225.1422707758474,225.1422707758474,22.851690687150352,22.851690687150352,-7.575236121577447,,0.995578004958696,26.146921879116128,28.18297044147204,28.18297044147204,108.30247715293878
2026-01-03 00:00:00,NODE_04,2026-01-03,27.55,88.6,6.704516199484894,42.1462785171378,30.540254592895508,2002.0,18.609391354423916,-0.0227599452408079,12.396824039495884,0.2906429693065311,0.6648077585802445,0,0,15.85275726064132,31.70551452128264,110.8701784967546,231.8467869753323,231.8467869753323,231.8467869753323,231.8467869753323,22.851690687150352,22.851690687150352,-8.175814037440645,,0.9957053304750736,28.929399796733605,28.198203693620236,28.198203693620236,110.39402771994143
2026-01-03 01:00:00,NODE_04,2026-01-03,27.55,88.6,0.7891409786546617,88.1201297998836,30.540254592895508,2002.0,18.609391354423916,-0.0673626958790674,7.028995823438744,0.2974926699926682,0.2861808707979073,0,0,15.85275726064132,31.70551452128264,105.52712568004672,232.63592795398696,232.63592795398696,232.63592795398696,232.63592795398696,22.851690687150352,22.851690687150352,3.200630037639314,,0.9957198363763772,25.379130805878223,28.141822235865387,28.141822235865387,105.07545231540551
2026-01-03 02:00:00,NODE_04,2026-01-03,27.55,88.6,0.4125338635661452,33.56019355434085,30.540254592895508,2002.0,18.609391354423916,-0.0449399905121918,8.366278929607367,0.2963480768805807,0.1989168137372247,0,0,15.85275726064132,31.70551452128264,99.77637321541356,233.0484618175531,233.0484618175531,233.0484618175531,233.0484618175531,22.851690687150352,22.851690687150352,-8.650326167023536,,0.9957273805935988,21.98479504856264,28.021096212584943,28.021096212584943,99.35006674691309
2026-01-03 03:00:00,NODE_04,2026-01-03,27.55,88.6,2.2416956461168,44.20799992167157,30.540254592895508,2002.0,18.609391354423916,0.0275508530113149,3.493469989721766,0.7255682475599482,0.9363525578249854,0,0,15.85275726064132,31.70551452128264,89.07381373426878,235.2901574636699,235.2901574636699,235.2901574636699,235.2901574636699,22.851690687150352,22.851690687150352,-29.578505248249,,0.9957679151314048,20.92877143739504,27.8847053515236,27.8847053515236,88.69684579497591
2026-01-03 04:00:00,NODE_04,2026-01-03,27.55,88.6,0.6507742334444184,45.04888110490732,30.540254592895508,2002.0,18.609391354423916,-0.0366741033339139,0.5492117667328671,0.229826041792536,0.0185245767459558,0,0,15.85275726064132,31.70551452128264,83.61041908443772,235.9409316971143,235.9409316971143,235.9409316971143,235.9409316971143,22.851690687150352,22.851690687150352,-37.671616286250654,,0.9957795388376444,18.440229955230205,27.70650770253693,27.70650770253693,83.25754455792358
2026-01-03 05:00:00,NODE_04,2026-01-03,27.55,88.6,2.158144272780545,20.59160472437224,30.540254592895508,2002.0,18.609391354423916,-0.0150412978016149,7.648285458763198,0.0009058352460902,0.4377772718895689,0,0,15.85275726064132,31.70551452128264,84.76782160901037,238.09907596989487,238.09907596989487,238.09907596989487,238.09907596989487,22.851690687150352,22.851690687150352,-35.60794384837435,,0.9958176333557812,17.83233973472622,27.523652740170068,27.523652740170068,84.41329149940977
2026-01-03 06:00:00,NODE_04,2026-01-03,27.55,88.6,6.35687104856881,78.74455671276212,30.540254592895508,2002.0,18.609391354423916,-0.0813655863973657,5.072351736827275,0.7152368534826331,0.0216269924617937,0,0,15.85275726064132,31.70551452128264,90.5408313415068,244.4559470184637,244.4559470184637,244.4559470184637,244.4559470184637,22.851690687150352,22.851690687150352,-25.542126434994746,,0.9959259491890624,21.514359823086096,27.41439286895036,27.41439286895036,90.171963394157
2026-01-03 07:00:00,NODE_04,2026-01-03,27.55,88.6,2.809902447116828,22.23961221010273,30.540254592895508,2002.0,18.609391354423916,0.0093495104862332,2.634721126454751,0.1711847438351252,0.483593048104329,0,0,15.85275726064132,31.70551452128264,79.6551243759044,247.2658494655805,247.2658494655805,247.2658494655805,247.2658494655805,22.851690687150352,22.851690687150352,-43.85202393684976,,0.9959720597812683,21.097108296740007,27.30158421587517,27.30158421587517,79.33427829680262
2026-01-03 08:00:00,NODE_04,2026-01-03,27.55,88.6,8.415186513153605,85.81258843104689,30.540254592895508,2002.0,18.609391354423916,-0.0022136659922324,4.92041212753099,0.1044823953078346,0.5010473777944182,0,0,15.85275726064132,31.70551452128264,84.7591804477838,255.6810359787341,255.6810359787341,255.6810359787341,255.6810359787341,22.851690687150352,22.851690687150352,-38.7739734292515,,0.9961041142124624,26.34772856538261,27.284849906217406,27.284849906217406,84.42896836131393
2026-01-03 09:00:00,NODE_04,2026-01-03,27.55,88.6,2.405362376648586,82.44520457655345,30.540254592895508,2002.0,18.609391354423916,-0.0364479625016581,2.208359845995321,0.2375161205940601,0.321662471394747,0,0,15.85275726064132,31.70551452128264,77.47781480431898,258.0863983553827,258.0863983553827,258.0863983553827,258.0863983553827,22.851690687150352,22.851690687150352,-46.78604504858686,,0.996140283680086,24.800931657223803,27.24202372951062,27.24202372951062,77.17877241808748
2026-01-03 10:00:00,NODE_04,2026-01-03,27.55,88.6,7.968464803298277,57.486534126017446,30.540254592895508,2002.0,18.609391354423916,-0.0094507148841237,2.264107825185558,0.379900522322704,0.1321617775250236,1,0,15.85275726064132,31.70551452128264,84.11127131643866,266.054863158681,266.054863158681,266.054863158681,266.054863158681,22.851690687150352,22.851690687150352,-40.72562184434777,,0.996255451077834,29.04925671193851,27.2726547970094,27.2726547970094,83.79631254608869
2026-01-03 11:00:00,NODE_04,2026-01-03,27.55,88.6,2.0404187796578346,58.051690243790446,30.540254592895508,2002.0,18.609391354423916,0.0090147440251722,6.677086312318091,0.4759063274732007,0.3763875377344753,0,0,15.85275726064132,31.70551452128264,80.1986709229624,268.0952819383388,268.0952819383388,268.0952819383388,268.0952819383388,22.851690687150352,22.851690687150352,-45.91494632209752,,0.9962838441729752,26.73228698480557,27.263648666806,27.263648666806,79.9006401646924
2026-01-03 12:00:00,NODE_04,2026-01-03,27.55,88.6,4.615344922051444,65.76445460693094,30.540254592895508,2002.0,18.609391354423916,-0.0407434074454672,7.335620740958912,0.0445700407126308,0.672262939932566,0,0,15.85275726064132,31.70551452128264,83.49697957054781,272.7106268603902,272.7106268603902,272.7106268603902,272.7106268603902,22.851690687150352,22.851690687150352,-42.403463525101046,,0.9963465064858076,27.33778885913617,27.264864079795025,27.264864079795025,83.19192389723214
2026-01-03 13:00:00,NODE_04,2026-01-03,27.55,88.6,0.2011834771254468,47.093500835442086,30.540254592895508,2002.0,18.609391354423916,-0.0738131272000889,0.5497247063312188,0.9705733326273605,0.7823958086444591,0,0,15.85275726064132,31.70551452128264,83.64964794930987,272.9118103375157,272.9118103375157,272.9118103375157,272.9118103375157,22.851690687150352,22.851690687150352,-37.88784743127405,,0.9963491899134695,23.4383040073912,27.2031453689498,27.2031453689498,83.3442589708418
2026-01-03 14:00:00,NODE_04,2026-01-03,27.55,88.6,1.7369847884859313,65.30555983784988,30.540254592895508,2002.0,18.609391354423916,0.0902787216343407,3.7086102255828175,0.7160630534195581,0.5307506023881423,0,0,15.85275726064132,31.70551452128264,77.07748109985556,274.64879512600163,274.64879512600163,274.64879512600163,274.64879512600163,22.851690687150352,22.851690687150352,-49.093891655538414,,0.996372195280074,21.65954319476845,27.115151683645333,27.115151683645333,76.7978590501215
2026-01-03 15:00:00,NODE_04,2026-01-03,27.55,88.6,3.1924056610169687,23.13378720819408,30.540254592895508,2002.0,18.609391354423916,-0.0316636352355136,2.918228753407825,0.3231940653243361,0.5898343944397556,0,0,15.85275726064132,31.70551452128264,79.4690097901189,277.8412007870186,277.8412007870186,277.8412007870186,277.8412007870186,22.851690687150352,22.851690687150352,-46.04621650071513,,0.996413729401618,21.603017376570147,27.02902458509729,27.02902458509729,79.18401241682608
2026-01-03 16:00:00,NODE_04,2026-01-03,27.55,88.6,3.8376997758189617,23.78333391448086,30.540254592895508,2002.0,18.609391354423916,-0.0048380051593444,14.904850911403624,0.3186972572853973,0.2006163711246527,0,0,15.85275726064132,31.70551452128264,82.63925446208792,281.67890056283755,281.67890056283755,281.67890056283755,281.67890056283755,22.851690687150352,22.851690687150352,-40.48256705498984,,0.9964624172585612,22.200264545903583,26.95473596910969,26.95473596910969,82.34691126173746
2026-01-03 17:00:00,NODE_04,2026-01-03,27.55,88.6,5.252765350936496,52.0061293733681,30.540254592895508,2002.0,18.609391354423916,0.0505419867510156,9.236078304732803,0.4485425493684594,0.2873303332276494,0,0,15.85275726064132,31.70551452128264,84.94054720151254,286.93166591377405,286.93166591377405,286.93166591377405,286.93166591377405,22.851690687150352,22.851690687150352,-39.71518902905434,,0.996526953724154,24.122990214954545,26.91183073041037,26.91183073041037,84.645544750386
2026-01-03 18:00:00,NODE_04,2026-01-03,27.55,88.6,0.411996845648114,58.473561077422445,30.540254592895508,2002.0,18.609391354423916,0.1764527593785242,8.401223751605894,0.626244822763033,0.1618956100523584,0,0,15.85275726064132,31.70551452128264,82.34187322441974,287.34366275942216,287.34366275942216,287.34366275942216,287.34366275942216,22.851690687150352,22.851690687150352,-31.881959358875747,,0.9965319161502282,20.91653852835948,26.82234875724543,26.82234875724543,82.05630470373018
2026-01-03 19:00:00,NODE_04,2026-01-03,27.55,88.6,1.095652846804701,82.14723482350733,30.540254592895508,2002.0,18.609391354423916,-0.0622243224944432,2.5133445419763087,0.1463730665889677,0.2492953500046113,0,0,15.85275726064132,31.70551452128264,79.18408734748905,288.43931560622684,288.43931560622684,288.43931560622684,288.43931560622684,22.851690687150352,22.851690687150352,-33.47403044473843,,0.9965450443458052,18.87471059591025,26.705471725461088,26.705471725461088,78.9105098371856
2026-01-03 20:00:00,NODE_04,2026-01-03,27.55,88.6,2.360987602518243,27.32624437355274,30.540254592895508,2002.0,18.609391354423916,0.0224913606863255,1.342103801744224,0.1889298137649523,0.2248867802255317,0,0,15.85275726064132,31.70551452128264,76.8438749035408,290.8003032087451,290.8003032087451,290.8003032087451,290.8003032087451,22.851690687150352,22.851690687150352,-26.856710807604628,,0.9965729987631828,18.40449160904196,26.58516766580284,26.58516766580284,76.58053084920454
2026-01-03 21:00:00,NODE_04,2026-01-03,27.55,88.6,5.323558288216243,77.58535490357225,30.540254592895508,2002.0,18.609391354423916,-0.0353776142647053,2.04894339264959,0.8594345828335509,0.5194487863912376,0,0,15.85275726064132,31.70551452128264,80.84197797081667,296.1238614969613,296.1238614969613,296.1238614969613,296.1238614969613,22.851690687150352,22.851690687150352,-22.94207287180897,,0.9966344002297164,20.967376155901903,26.50491350137568,26.50491350137568,80.56989622832882
2026-01-03 22:00:00,NODE_04,2026-01-03,27.55,88.6,4.055432021567684,34.70331361044487,30.540254592895508,2002.0,18.609391354423916,-0.0269395152288355,11.699485936601086,0.2562549238890725,0.5626887557907294,0,0,15.85275726064132,31.70551452128264,84.21344223960955,300.17929351852905,300.17929351852905,300.17929351852905,300.17929351852905,22.851690687150352,22.851690687150352,-19.92384568550676,,0.996679718621033,21.877701754084303,26.43974150493496,26.43974150493496,83.93382991548266
2026-01-03 23:00:00,NODE_04,2026-01-03,27.55,88.6,1.0626142371735965,47.58585539570223,30.540254592895508,2002.0,18.609391354423916,-0.0360106010503395,1.1848136989983749,0.3801949979751775,0.9449474208215044,0,0,15.85275726064132,31.70551452128264,76.09963697985523,301.24190775570264,301.24190775570264,301.24190775570264,301.24190775570264,22.851690687150352,22.851690687150352,-32.68388034727974,,0.9966913919799358,19.658660728145257,26.345559827479548,26.345559827479548,75.84785311061971
2026-01-04 00:00:00,NODE_04,2026-01-04,27.55,88.6,7.819175854433608,42.1621704379189,30.540254592895508,2002.0,18.609391354423916,-0.0562827483900292,19.612194820771396,0.871271850950117,0.195570647101523,0,0,15.85275726064132,31.70551452128264,77.21429663480394,307.13046766575377,309.0610836101362,309.0610836101362,309.0610836101362,22.851690687150352,22.851690687150352,-33.65588186195065,75.28368069042148,0.9967748290486612,24.52903747335708,26.32067595961486,26.32067595961486,76.96526732826932
2026-01-04 01:00:00,NODE_04,2026-01-04,27.55,88.6,0.4416879444755724,48.01086910057793,30.540254592895508,2002.0,18.609391354423916,-0.002064568089233,5.223365462407324,0.6631478293998225,0.6416757101614959,0,0,15.85275726064132,31.70551452128264,76.86684360062486,284.72046492307896,309.5027715546118,309.5027715546118,309.5027715546118,13.695609412719223,22.851690687150352,-28.66028207942186,52.08453696909204,0.9967794168309893,21.291369796829088,26.252712362820454,26.252712362820454,76.6192875378697
2026-01-04 02:00:00,NODE_04,2026-01-04,27.55,88.6,4.388150717502124,30.53468486508099,30.540254592895508,2002.0,18.609391354423916,-0.0737251343524117,18.59590614125116,0.3417118793416883,0.8172592689875229,0,0,15.85275726064132,31.70551452128264,80.84246045456084,289.0455330524115,313.8909222721139,313.8909222721139,313.8909222721139,13.695609412719223,22.851690687150352,-18.93391276085273,55.99707123485841,0.9968242971477728,22.48581504480685,26.202487065246935,26.202487065246935,80.58572882231422
2026-01-04 03:00:00,NODE_04,2026-01-04,27.55,88.6,1.3233208129804397,55.24990520824885,30.540254592895508,2002.0,18.609391354423916,0.0473403783255935,11.898761888315462,0.6836995457246208,0.5602414637830525,0,0,15.85275726064132,31.70551452128264,79.92408562142448,287.65021833821106,315.2142430850944,315.2142430850944,315.2142430850944,13.695609412719223,22.851690687150352,-9.1497281128443,52.36006087454116,0.9968375871047312,20.436263601066265,26.126615703876144,26.126615703876144,79.67133266241271
2026-01-04 04:00:00,NODE_04,2026-01-04,27.55,88.6,6.517758371234557,76.11498128819571,30.540254592895508,2002.0,18.609391354423916,0.0027501468016687,0.3366719761006203,0.0196832153814137,0.2550036525010757,0,0,15.85275726064132,31.70551452128264,85.79106975921461,290.6835242143407,321.73200145632893,321.73200145632893,321.73200145632893,13.695609412719223,22.851690687150352,2.180650674776885,54.74259251722639,0.9969014538518416,23.88858243214088,26.09755033671075,26.09755033671075,85.52524217046579
2026-01-04 05:00:00,NODE_04,2026-01-04,27.55,88.6,1.7303432868084458,50.90738072652279,30.540254592895508,2002.0,18.609391354423916,0.021121748645072,2.2504591538022907,0.7356426600113652,0.2625502300200002,0,0,15.85275726064132,31.70551452128264,85.36326877324251,290.50685583963764,323.4623447431374,323.4623447431374,323.4623447431374,13.695609412719223,22.851690687150352,0.5954471642321408,52.407779869742726,0.9969179782609546,22.035638354128192,26.04547454206225,26.04547454206225,85.1001773231674
2026-01-04 06:00:00,NODE_04,2026-01-04,27.55,88.6,4.481685504622618,54.34295031287394,30.540254592895508,2002.0,18.609391354423916,-0.0233094305973111,6.697048756013764,0.4870160405162395,0.0392530530709999,0,0,15.85275726064132,31.70551452128264,83.48808322929632,290.11187234730465,327.94403024776,327.94403024776,327.94403024776,13.695609412719223,22.851690687150352,-7.05274811221048,45.655925328841,0.9969599691496246,23.21197810563158,26.00960749856313,26.00960749856313,83.23427688064055
2026-01-04 07:00:00,NODE_04,2026-01-04,27.55,88.6,9.998694763895196,79.413730969692,30.540254592895508,2002.0,18.609391354423916,-0.0183601967105874,2.619527114326364,0.8131821472844613,0.3054442265484817,0,0,15.85275726064132,31.70551452128264,90.6768755460747,293.8391482347333,337.9427250116552,337.9427250116552,337.9427250116552,13.695609412719223,22.851690687150352,11.02175117017029,46.57329876915277,0.9970496490226612,29.72887615368204,26.05609835675212,26.05609835675212,90.40934693768531
2026-01-04 08:00:00,NODE_04,2026-01-04,27.55,88.6,13.107402146978592,69.42406802466216,30.540254592895508,2002.0,18.609391354423916,0.0143781952583664,7.993258284927058,0.9546376520064684,0.7446036790033801,0,0,15.85275726064132,31.70551452128264,95.36909117989968,303.6614255047188,351.0501271586338,351.0501271586338,351.0501271586338,13.695609412719223,22.851690687150352,10.609910732115878,47.98038952598469,0.9971594954159768,38.376946877608326,26.20820759775034,26.20820759775034,95.09819483922908
2026-01-04 09:00:00,NODE_04,2026-01-04,27.55,88.6,2.4843421237342413,54.33180859638493,30.540254592895508,2002.0,18.609391354423916,-0.0582025316202912,26.04609638591498,0.9257885494945683,0.0475177572071103,0,0,15.85275726064132,31.70551452128264,95.44807092698532,297.18974558421013,353.53446928236804,353.53446928236804,353.53446928236804,13.695609412719223,22.851690687150352,17.970256122666342,39.103347228827445,0.9971793997857976,35.10474696970132,26.31670198033511,26.31670198033511,95.17885007768344
2026-01-04 10:00:00,NODE_04,2026-01-04,27.55,88.6,2.8836445107590314,38.038695373242575,30.540254592895508,2002.0,18.609391354423916,-0.0178995217206667,16.94059216283306,0.9092650434553408,0.2192952825048306,0,0,15.85275726064132,31.70551452128264,90.36325063444608,299.3114151116712,356.4181137931271,356.4181137931271,356.4181137931271,13.695609412719223,22.851690687150352,6.251979318007429,33.25655195299021,0.9972021563501988,32.72267943500515,26.3938824315962,26.3938824315962,90.11042838748313
2026-01-04 11:00:00,NODE_04,2026-01-04,27.55,88.6,9.251400080562192,81.94487227914766,30.540254592895508,2002.0,18.609391354423916,-0.0429806756939227,2.598339551084556,0.5121699559338871,0.7062324985317819,0,0,15.85275726064132,31.70551452128264,97.57423193535044,303.8865201033728,365.66951387368925,365.66951387368925,365.66951387368925,13.695609412719223,22.851690687150352,17.375561012388047,35.79123816503399,0.9972727484501356,37.06567760031656,26.5209276121762,26.5209276121762,97.30812246007795
2026-01-04 12:00:00,NODE_04,2026-01-04,27.55,88.6,3.502336525205223,60.391428118339086,30.540254592895508,2002.0,18.609391354423916,-0.0445284405295507,20.746456441447595,0.360142114138938,0.7826515628228766,0,0,15.85275726064132,31.70551452128264,96.46122353850424,305.8586462047009,369.1718503988945,369.1718503988945,369.1718503988945,13.695609412719223,22.851690687150352,12.96424396795642,33.14801934431063,0.9972985520132812,35.0081624854743,26.620777434215004,26.620777434215004,96.20063856037972
2026-01-04 13:00:00,NODE_04,2026-01-04,27.55,88.6,1.010576897476093,35.48033270774854,30.540254592895508,2002.0,18.609391354423916,-0.105491912031282,3.056435729524713,0.4650353247306727,0.4553184100619284,0,0,15.85275726064132,31.70551452128264,97.27061695885487,302.45776028874866,370.1824272963706,370.1824272963706,370.1824272963706,13.695609412719223,22.851690687150352,13.620969009545009,29.54594995123297,0.9973059069436992,30.767515010129248,26.6689953130047,26.6689953130047,97.00856086512393
2026-01-04 14:00:00,NODE_04,2026-01-04,27.55,88.6,0.3635377227601282,38.83838268466072,30.540254592895508,2002.0,18.609391354423916,0.0669663294739999,4.287676224990142,0.6898960033133608,0.6980743384786489,0,0,15.85275726064132,31.70551452128264,95.89716989312906,299.1460237483786,370.5459650191307,370.5459650191307,370.5459650191307,13.695609412719223,22.851690687150352,18.8196887932735,24.49722862237697,0.9973085429687052,26.515925481369987,26.66723588965258,26.66723588965258,95.63906678093892
2026-01-04 15:00:00,NODE_04,2026-01-04,27.55,88.6,3.953566167537267,76.21931622553721,30.540254592895508,2002.0,18.609391354423916,-0.0343269376576884,7.146491849484312,0.8839977768711867,0.387952168654892,0,0,15.85275726064132,31.70551452128264,96.65833039964936,301.64256648060234,374.499531186668,374.499531186668,374.499531186668,13.695609412719223,22.851690687150352,17.18932060953047,23.80136569358372,0.9973368808295452,26.49210282670176,26.66524574120996,26.66524574120996,96.40091774697792
2026-01-04 16:00:00,NODE_04,2026-01-04,27.55,88.6,1.7915308197649706,23.09018934612188,30.540254592895508,2002.0,18.609391354423916,0.0581688027581775,5.305252680473066,0.2069863030001195,0.1599132450241275,0,0,15.85275726064132,31.70551452128264,94.61216144359538,300.37323742276106,376.2910620064329,376.2910620064329,376.2910620064329,13.695609412719223,22.851690687150352,11.972906981507464,18.69433685992351,0.9973495263983144,24.309818222461463,26.638780263471208,26.638780263471208,94.3613944072907
2026-01-04 17:00:00,NODE_04,2026-01-04,27.55,88.6,6.308241624015293,89.4464530920174,30.540254592895508,2002.0,18.609391354423916,0.0534396160697146,16.27425175361015,0.918193158461703,0.3981494935229065,0,0,15.85275726064132,31.70551452128264,95.66763771667416,305.2639211487536,382.5993036304482,382.5993036304482,382.5993036304482,13.695609412719223,22.851690687150352,10.72709051516162,18.33225523497954,0.9973931130986532,26.97158711310754,26.642478117356056,26.642478117356056,95.41824300502776
2026-01-04 18:00:00,NODE_04,2026-01-04,27.55,88.6,2.053441183334109,29.124617580035423,30.540254592895508,2002.0,18.609391354423916,-0.0642999853258246,19.51396634330348,0.8151802319698891,0.5799678202031429,0,1,15.85275726064132,31.70551452128264,97.30908205436018,293.87478786207544,384.6527448137824,384.6527448137824,384.6527448137824,13.695609412719223,22.851690687150352,14.967208829940432,6.531125102653249,0.9974069936919993,24.97929022947552,26.62420132737935,26.62420132737935,97.05675899076743
2026-01-04 19:00:00,NODE_04,2026-01-04,27.55,88.6,12.665194798585356,75.72479677778561,30.540254592895508,2002.0,18.609391354423916,-0.0544205617836422,8.028536755465783,0.9788560151782346,0.9480532818528904,0,0,15.85275726064132,31.70551452128264,108.87862400614084,300.7208291458573,397.3179396123677,397.3179396123677,397.3179396123677,13.695609412719223,22.851690687150352,29.69453665865177,12.281513539630495,0.9974894427276532,33.897591493639545,26.703259916143047,26.703259916143047,108.6052779848391
2026-01-04 20:00:00,NODE_04,2026-01-04,27.55,88.6,1.195537383146573,47.6342721740178,30.540254592895508,2002.0,18.609391354423916,0.1280251479677842,0.8865787180093528,0.8802517732816871,0.0687509520886773,0,0,15.85275726064132,31.70551452128264,107.71317378676916,288.2576344014554,398.5134769955143,398.5134769955143,398.5134769955143,13.695609412719223,22.851690687150352,30.869298883228367,-2.542668807289729,0.997496955528208,30.008490152740183,26.738800026213983,26.738800026213983,107.44356292258304
2026-01-04 21:00:00,NODE_04,2026-01-04,27.55,88.6,0.7059270576946494,54.45513283012268,30.540254592895508,2002.0,18.609391354423916,0.0875462970963571,16.940264020455242,0.2799373296919066,0.5073940938449606,0,0,15.85275726064132,31.70551452128264,103.09554255624757,287.72157136968985,399.2194040532089,399.2194040532089,399.2194040532089,13.695609412719223,22.851690687150352,22.25356458543089,-8.40229012727147,0.9975013705235865,26.213143687523804,26.733207937504517,26.733207937504517,102.83794499472968
2026-01-04 22:00:00,NODE_04,2026-01-04,27.55,88.6,2.8431172980514408,81.64554042252045,30.540254592895508,2002.0,18.609391354423916,-0.0015759256664052,5.0449188664373485,0.1059559113440476,0.3289197782107244,0,0,15.85275726064132,31.70551452128264,101.88322783273132,290.23395799745714,402.06252135126033,402.06252135126033,402.06252135126033,13.695609412719223,22.851690687150352,17.669785593121773,-9.945335521071854,0.9975189953244784,25.124289432446677,26.716271953240746,26.716271953240746,101.63045506812108
2026-01-04 23:00:00,NODE_04,2026-01-04,27.55,88.6,5.839943331557126,48.903783271244926,30.540254592895508,2002.0,18.609391354423916,0.0128686553208674,0.5794716124780435,0.1122410719915886,0.5083116942766945,0,0,15.85275726064132,31.70551452128264,106.66055692711484,291.54371123410505,407.9024646828175,407.9024646828175,407.9024646828175,13.695609412719223,22.851690687150352,30.56091994725962,-9.698196521597566,0.9975544290231272,27.1955893491368,26.721264842781327,26.721264842781327,106.39971096471682
2026-01-05 00:00:00,NODE_04,2026-01-05,27.55,88.6,6.760746023487579,57.62456275712641,30.540254592895508,2002.0,18.609391354423916,-0.0315423201473594,0.5412622309507209,0.2912233185782761,0.0239754473765316,0,0,15.85275726064132,31.70551452128264,105.60212709616884,293.6866022277273,414.66321070630505,414.66321070630505,414.66321070630505,13.695609412719223,22.851690687150352,28.387830461364885,-13.443865438026409,0.9975942061403492,29.876996970253856,26.753798163683108,26.753798163683108,105.3480701472348
2026-01-05 01:00:00,NODE_04,2026-01-05,27.55,88.6,3.508114642871053,23.450976368641896,30.540254592895508,2002.0,18.609391354423916,0.021617635710017,1.3059824884330309,0.6141837239845392,0.3130253547015813,0,0,15.85275726064132,31.70551452128264,108.6685537945643,291.0625230752359,418.1713253491761,418.1713253491761,418.1713253491761,13.695609412719223,22.851690687150352,31.80171019393944,6.342058152156895,0.9976143406298916,28.90356206758683,26.775734530049476,26.775734530049476,108.40930764096818
2026-01-05 02:00:00,NODE_04,2026-01-05,27.55,88.6,13.243811631541211,20.164323170721723,30.540254592895508,2002.0,18.609391354423916,-0.0358590950361235,4.629028899126118,0.8043203260971725,0.819868147527005,0,0,15.85275726064132,31.70551452128264,117.52421470860338,298.14304837857776,431.4151369807173,431.4151369807173,431.4151369807173,13.695609412719223,22.851690687150352,36.68175425404255,9.097515326166274,0.99768740750617,37.811839388990016,26.88721033670544,26.88721033670544,117.25242909182502
2026-01-05 03:00:00,NODE_04,2026-01-05,27.55,88.6,3.1594924891054843,37.13599111012081,30.540254592895508,2002.0,18.609391354423916,-0.1016176882149192,15.936587099576174,0.8992503069815647,0.5539417338546375,0,0,15.85275726064132,31.70551452128264,119.36038638472844,288.3582857404217,434.5746294698228,434.5746294698228,434.5746294698228,13.695609412719223,22.851690687150352,39.43630076330395,0.708067402210645,0.997704182171452,35.299555969747,26.97133379303585,26.97133379303585,119.086356681644
2026-01-05 04:00:00,NODE_04,2026-01-05,27.55,88.6,2.411768877260303,67.6408165043137,30.540254592895508,2002.0,18.609391354423916,-0.0660777893255525,11.050944884390294,0.6237533843692328,0.4505824928161174,0,0,15.85275726064132,31.70551452128264,115.25439689075418,284.6558857344065,436.9863983470832,436.9863983470832,436.9863983470832,13.695609412719223,22.851690687150352,29.46332713153957,-6.027638479934197,0.9977168240754192,32.41639145154525,27.02524525500129,27.02524525500129,114.99125082657112
2026-01-05 05:00:00,NODE_04,2026-01-05,27.55,88.6,4.537679475261639,28.48854253513957,30.540254592895508,2002.0,18.609391354423916,0.0010546373925293,12.518058115952922,0.0056313127480537,0.2855250717153396,0,0,15.85275726064132,31.70551452128264,118.06173307920736,288.19282346146025,441.5240778223448,441.5240778223448,441.5240778223448,13.695609412719223,22.851690687150352,32.69846430596486,-2.3140323781773446,0.997740235955248,32.0916122090751,27.07491551925692,27.07491551925692,117.79494141973387
2026-01-05 06:00:00,NODE_04,2026-01-05,27.55,88.6,0.8717592626910761,27.96333711631846,30.540254592895508,2002.0,18.609391354423916,-0.0565533617751293,8.055259925309013,0.1863167765185335,0.2980425227913559,0,0,15.85275726064132,31.70551452128264,114.45180683727584,288.480721408079,442.3958370850359,442.3958370850359,442.3958370850359,13.695609412719223,22.851690687150352,30.963723607979503,-1.6311509392257193,0.9977446788707486,28.14962964040491,27.085349636937966,27.085349636937966,114.19368125903472
2026-01-05 07:00:00,NODE_04,2026-01-05,27.55,88.6,7.918086293227931,48.76724256251323,30.540254592895508,2002.0,18.609391354423916,-0.0033638732456767,6.181769618192222,0.0997262038533679,0.3831014335905844,0,0,15.85275726064132,31.70551452128264,112.37119836660855,282.70319828858766,450.3139233782638,450.3139233782638,450.3139233782638,13.243811631541211,22.851690687150352,21.694322820533856,-11.135949946145615,0.997784247398098,31.845271487572106,27.13111811627099,27.13111811627099,112.1222115914489
2026-01-05 08:00:00,NODE_04,2026-01-05,27.55,88.6,9.081668770892495,65.34859270257586,30.540254592895508,2002.0,18.609391354423916,-0.0537330519716431,6.026126136777084,0.36332447556901,0.8355707099645604,0,0,15.85275726064132,31.70551452128264,108.34546499052249,288.473736618206,459.3955921491562,459.3955921491562,459.3955921491562,13.243811631541211,22.851690687150352,12.976373810622787,-15.18768888651283,0.997827954878256,36.15014953532878,27.217013653595348,27.217013653595348,108.11013375182672
2026-01-05 09:00:00,NODE_04,2026-01-05,27.55,88.6,3.8144746178949713,69.84503945735513,30.540254592895508,2002.0,18.609391354423916,-0.0391176961250996,1.5487445544163607,0.5013509936337459,0.9672132068082684,0,0,15.85275726064132,31.70551452128264,109.6755974846832,282.6014832159875,463.2100667670512,463.2100667670512,463.2100667670512,13.243811631541211,22.851690687150352,14.227526557697884,-14.58826236822263,0.9978458028560984,34.54210172292444,27.286118258022977,27.286118258022977,109.439334625826
2026-01-05 10:00:00,NODE_04,2026-01-05,27.55,88.6,1.101341734851272,32.49154718688624,30.540254592895508,2002.0,18.609391354423916,0.0426582653206595,1.6852023182749805,0.0433971785785608,0.4386553813503745,0,0,15.85275726064132,31.70551452128264,107.89329470877544,282.3678166596602,464.3114085019025,464.3114085019025,464.3114085019025,13.243811631541211,22.851690687150352,17.53004407432934,-16.943598452011003,0.9978509016075502,30.46212819933704,27.31580059392311,27.31580059392311,107.66142140256068
2026-01-05 11:00:00,NODE_04,2026-01-05,27.55,88.6,4.064099885774834,25.57117031604297,30.540254592895508,2002.0,18.609391354423916,0.0123740273820052,3.900233411272583,0.3484779757956553,0.3933528387477618,0,0,15.85275726064132,31.70551452128264,102.70599451398807,280.47889737230093,468.3755083876773,468.3755083876773,468.3755083876773,13.243811631541211,22.851690687150352,5.13176257863762,-23.407622731071854,0.9978695096311372,29.95690885521132,27.34025530004615,27.34025530004615,102.48718038185156
2026-01-05 12:00:00,NODE_04,2026-01-05,27.55,88.6,12.754923854765192,85.8277923761881,30.540254592895508,2002.0,18.609391354423916,-0.0004832210656673,3.302725550900477,0.1791796746253225,0.8465507758198628,0,0,15.85275726064132,31.70551452128264,111.95858184354805,291.9167849526001,481.1304322424425,481.1304322424425,481.1304322424425,13.243811631541211,22.851690687150352,15.497358305043818,-13.941861252100807,0.9979258724753198,38.21829638169481,27.440053842079625,27.440053842079625,111.72636546732218
2026-01-05 13:00:00,NODE_04,2026-01-05,27.55,88.6,5.377022306798095,38.24664677934712,30.540254592895508,2002.0,18.609391354423916,0.0439481986535325,6.044735083029418,0.6470701662588739,0.4269053206363036,0,0,15.85275726064132,31.70551452128264,116.32502725287006,297.2452921610348,486.5074545492406,486.5074545492406,486.5074545492406,13.243811631541211,22.851690687150352,19.054410294015184,-5.212468127713862,0.997948749315178,37.86257423123869,27.534804027435616,27.534804027435616,116.08641546105568
2026-01-05 14:00:00,NODE_04,2026-01-05,27.55,88.6,6.554549547092318,79.73425483261067,30.540254592895508,2002.0,18.609391354423916,0.0240304296673673,13.50760504887946,0.46427236932434,0.5520181722956512,0,0,15.85275726064132,31.70551452128264,122.51603907720224,295.4906900701869,493.06200409633294,493.06200409633294,493.06200409633294,13.243811631541211,22.851690687150352,26.618869184073176,-3.655333678191738,0.9979759625478,38.7377376436452,27.63573135731138,27.63573135731138,122.26806202561478
2026-01-05 15:00:00,NODE_04,2026-01-05,27.55,88.6,7.508107884090776,80.44440153239728,30.540254592895508,2002.0,18.609391354423916,0.0723281645625683,1.680772663365147,0.4953176469339088,0.2309416645987444,0,0,15.85275726064132,31.70551452128264,126.07058079375574,302.197920983524,500.5701119804237,500.5701119804237,500.5701119804237,13.243811631541211,22.851690687150352,29.41225039410637,0.555354502921702,0.9980062607876464,40.4351848811892,27.750012192346,27.750012192346,125.81922893330302
2026-01-05 16:00:00,NODE_04,2026-01-05,27.55,88.6,0.8444060610526667,74.07658142337812,30.540254592895508,2002.0,18.609391354423916,-0.022992963115757,3.767719324971357,0.4276917880334611,0.7435025357790752,0,0,15.85275726064132,31.70551452128264,125.12345603504345,302.37487194072673,501.4145180414764,501.4145180414764,501.4145180414764,13.243811631541211,22.851690687150352,30.51129459144805,2.0016345179656696,0.9980096116571268,35.21431321006349,27.81606795356474,27.81606795356474,124.87441176673128
2026-01-05 17:00:00,NODE_04,2026-01-05,27.55,88.6,2.6555743932279183,31.818352465679904,30.540254592895508,2002.0,18.609391354423916,-0.0214817489263754,10.22248683356929,0.956019710486567,0.5319883182707819,0,0,15.85275726064132,31.70551452128264,121.47078880425606,302.07897372244275,504.0700924347043,504.0700924347043,504.0700924347043,13.243811631541211,22.851690687150352,25.80315108758189,-3.184947426310828,0.998020076787403,32.58774062178188,27.85792473135612,27.85792473135612,121.23028596985004
2026-01-05 18:00:00,NODE_04,2026-01-05,27.55,88.6,6.011191783872532,77.52610214779402,30.540254592895508,2002.0,18.609391354423916,-0.0650554633195672,9.990309024874175,0.2147351251215632,0.8090345502403417,0,0,15.85275726064132,31.70551452128264,125.42853940479448,305.0794946835744,510.0812842185768,510.0812842185768,510.0812842185768,13.243811631541211,22.851690687150352,28.11945735043432,11.204706821499002,0.998043364077538,33.71077131238713,27.90881904945204,27.90881904945204,125.18312141889317
2026-01-05 19:00:00,NODE_04,2026-01-05,27.55,88.6,0.5437879350591284,73.84753914691107,30.540254592895508,2002.0,18.609391354423916,-0.0214490358686209,6.819306082098541,0.5166642598438743,0.7807327300286697,0,0,15.85275726064132,31.70551452128264,113.30713254126826,301.3698438948981,510.6250721536359,510.6250721536359,510.6250721536359,13.243811631541211,22.851690687150352,4.428508535127435,0.6490147490407736,0.9980454437156674,29.19794355058819,27.919932191703214,27.919932191703214,113.0856673733
2026-01-05 20:00:00,NODE_04,2026-01-05,27.55,88.6,8.665700025875275,61.7706093074352,30.540254592895508,2002.0,18.609391354423916,0.0482384947151222,6.623560507109589,0.7360173683653359,0.2150047682700285,0,0,15.85275726064132,31.70551452128264,120.77729518399696,305.3343438743069,519.2907721795112,519.2907721795112,519.2907721795112,13.243811631541211,22.851690687150352,13.064121397227794,17.076709472851533,0.9980779978168536,33.483952043875234,27.96748791693545,27.96748791693545,120.54516095897878
2026-01-05 21:00:00,NODE_04,2026-01-05,27.55,88.6,0.604959265317486,43.60414246182669,30.540254592895508,2002.0,18.609391354423916,0.0649993686131067,5.03771060990457,0.5568444131345626,0.7156355505577624,0,0,15.85275726064132,31.70551452128264,120.6763273916198,304.61384791868403,519.8957314448287,519.8957314448287,519.8957314448287,13.243811631541211,22.851690687150352,17.580784835372228,16.892276548994147,0.9980802299968436,29.066318502611438,27.97680004054288,27.97680004054288,120.44465659820229
2026-01-05 22:00:00,NODE_04,2026-01-05,27.55,88.6,1.938325932513768,38.37560229865809,30.540254592895508,2002.0,18.609391354423916,0.0480152584043334,5.661515965698717,0.9290208857168012,0.8000544079513714,0,0,15.85275726064132,31.70551452128264,119.77153602608212,305.868206098423,521.8340573773424,521.8340573773424,521.8340573773424,13.243811631541211,22.851690687150352,17.888308193350795,15.634248100965806,0.9980873472454792,26.644696659733484,27.965605894485652,27.965605894485652,119.54245466778866
2026-01-05 23:00:00,NODE_04,2026-01-05,27.55,88.6,8.408343918303364,28.53224484562513,30.540254592895508,2002.0,18.609391354423916,-0.0897095933274718,20.95055670746848,0.3779683556412841,0.3461072407823951,0,0,15.85275726064132,31.70551452128264,122.33993661282835,305.1001305197984,530.2424012956459,530.2424012956459,530.2424012956459,13.243811631541211,22.851690687150352,15.679379685713512,13.556419285693394,0.9981176201343096,31.05633607907682,27.991361979357247,27.991361979357247,122.10964637937852
2026-01-06 00:00:00,NODE_04,2026-01-06,27.55,88.6,2.923425274313733,55.682994683061,30.540254592895508,2002.0,18.609391354423916,0.0541572606330367,1.1483363885663758,0.463675805773178,0.1726091129022745,0,0,15.85275726064132,31.70551452128264,118.50261586365453,301.31903959462727,533.1658265699596,533.1658265699596,533.1658265699596,13.243811631541211,22.851690687150352,12.900488767485683,7.6324373668999215,0.998127922172743,29.32131094152903,28.00235329309421,28.00235329309421,118.2807697440242
2026-01-06 01:00:00,NODE_04,2026-01-06,27.55,88.6,3.966118363231624,60.96826128568926,30.540254592895508,2002.0,18.609391354423916,-0.0919259311636035,4.675945808677194,0.0885223152147284,0.0026321555795881,0,0,15.85275726064132,31.70551452128264,118.96061958401508,304.4960169792043,537.1319449331912,537.1319449331912,537.1319449331912,13.243811631541211,22.851690687150352,10.292065789450788,13.433493903968367,0.998141719685264,28.889232663531303,28.00962279613057,28.00962279613057,118.73955740641333
2026-01-06 02:00:00,NODE_04,2026-01-06,27.55,88.6,14.439006449595894,45.15372933610511,30.540254592895508,2002.0,18.609391354423916,0.0449058662061173,1.9627213105464352,0.6089991110519285,0.4509036530931481,0,0,15.85275726064132,31.70551452128264,120.15581440206978,318.522489565234,551.5709513827871,551.5709513827871,551.5709513827871,14.439006449595894,22.851690687150352,2.6315996934663985,20.37944118665621,0.9981902776512274,38.9948542135975,28.098933620662827,28.098933620662827,119.93836573941138
2026-01-06 03:00:00,NODE_04,2026-01-06,27.55,88.6,7.3281613278198865,53.2751347376608,30.540254592895508,2002.0,18.609391354423916,-0.0183892263285527,9.27445468404864,0.288211968448106,0.3524327315388416,0,0,15.85275726064132,31.70551452128264,124.32448324078418,323.60895524693706,558.899112710607,558.899112710607,558.899112710607,14.439006449595894,22.851690687150352,4.964096856055747,35.25066950651539,0.9982139639494002,40.47378740937776,28.198730828636336,28.198730828636336,124.10243523174394
2026-01-06 04:00:00,NODE_04,2026-01-06,27.55,88.6,3.0823642117486827,45.446012015848666,30.540254592895508,2002.0,18.609391354423916,0.0351266656966927,5.43674732435723,0.1603090395155688,0.5549098338254089,0,0,15.85275726064132,31.70551452128264,124.99507857527256,326.0405452252414,561.9814769223557,561.9814769223557,561.9814769223557,14.439006449595894,22.851690687150352,9.740681684518378,41.38465949083484,0.9982237426256604,37.48508350971977,28.273021650085,28.273021650085,124.77305514519706
2026-01-06 05:00:00,NODE_04,2026-01-06,27.55,88.6,7.666710829685476,64.87042401244909,30.540254592895508,2002.0,18.609391354423916,-0.0666224173947283,3.398998996968776,0.5445312929045081,0.1880410925887857,0,0,15.85275726064132,31.70551452128264,128.1241099296964,331.5491117821463,569.6481877520412,569.6481877520412,569.6481877520412,14.439006449595894,22.851690687150352,10.06237685048903,43.35628832068603,0.9982476068066748,39.52903181294728,28.36235506407597,28.36235506407597,127.89958611155475
2026-01-06 06:00:00,NODE_04,2026-01-06,27.55,88.6,3.153129443017736,83.08814454575943,30.540254592895508,2002.0,18.609391354423916,0.0585583816353073,4.384954714295028,0.5323102633799106,0.8596655476664752,0,0,15.85275726064132,31.70551452128264,130.40548011002306,328.3453701765952,572.8013171950589,572.8013171950589,572.8013171950589,14.439006449595894,22.851690687150352,15.953673272747238,39.86464876851626,0.998257236485813,36.752806484022926,28.42842161068973,28.42842161068973,130.17821419723728
2026-01-06 07:00:00,NODE_04,2026-01-06,27.55,88.6,2.6378846803133715,31.474418343286143,30.540254592895508,2002.0,18.609391354423916,-0.0732487373052444,9.545419247555316,0.0758716412240475,0.2577552156281096,0,0,15.85275726064132,31.70551452128264,125.1252784971085,328.17335240979173,575.4392018753723,575.4392018753723,575.4392018753723,14.439006449595894,22.851690687150352,12.754080130499943,45.47015412120409,0.9982652116706382,33.87777019173286,28.470994646479127,28.470994646479127,124.90821262426356
2026-01-06 08:00:00,NODE_04,2026-01-06,27.55,88.6,3.360834737221941,46.69861669321864,30.540254592895508,2002.0,18.609391354423916,-0.0334227455426588,4.004138244494093,0.6982154534944728,0.2264296050876499,0,0,15.85275726064132,31.70551452128264,119.40444446343793,323.1190006338601,578.8000366125942,578.8000366125942,578.8000366125942,14.439006449595894,22.851690687150352,11.058979472915452,34.64526401565412,0.9982752674424747,32.156939400194865,28.49956786162421,28.49956786162421,119.19850373055864
2026-01-06 09:00:00,NODE_04,2026-01-06,27.55,88.6,2.320852171140705,29.860802276560293,30.540254592895508,2002.0,18.609391354423916,-0.0499047313884517,8.439669777055276,0.6237721906508529,0.4807140564843559,0,0,15.85275726064132,31.70551452128264,117.91082201668368,323.03449042835217,581.1208887837349,581.1208887837349,581.1208887837349,14.439006449595894,22.851690687150352,8.235224532000458,40.433007212364686,0.9982821437621155,29.65425066130634,28.50845003700638,28.50845003700638,117.70826817556822
2026-01-06 10:00:00,NODE_04,2026-01-06,27.55,88.6,1.6394923072720389,63.74606392854824,30.540254592895508,2002.0,18.609391354423916,-0.0877142426411249,3.954001788418767,0.1890172827464972,0.4988510237442742,0,0,15.85275726064132,31.70551452128264,118.44897258910444,316.705517932326,582.7603810910069,582.7603810910069,582.7603810910069,14.439006449595894,22.851690687150352,10.555677880329014,34.33770127266578,0.9982869683651174,26.845605369382422,28.49575656626116,28.49575656626116,118.24606575193997
2026-01-06 11:00:00,NODE_04,2026-01-06,27.55,88.6,2.0885895939402555,71.0209356642017,30.540254592895508,2002.0,18.609391354423916,0.0047263783794234,16.68155310831504,0.4694348621540438,0.2150852287850928,0,0,15.85275726064132,31.70551452128264,116.47346229726986,316.7536887466084,584.8489706849472,584.8489706849472,584.8489706849472,14.439006449595894,22.851690687150352,13.767467783281788,36.274791374307455,0.9982930754340475,24.90735415791532,28.468571699531267,28.468571699531267,116.27465088319312
2026-01-06 12:00:00,NODE_04,2026-01-06,27.55,88.6,1.85943589562339,85.23389128182191,30.540254592895508,2002.0,18.609391354423916,0.090304455891848,16.40444933606617,0.72032291647856,0.2718607267259157,0,0,15.85275726064132,31.70551452128264,105.57797433812806,313.99777972018035,586.7084065805706,586.7084065805706,586.7084065805706,14.439006449595894,22.851690687150352,-6.380607505419988,22.08099476758025,0.9982984759298948,23.030686929851413,28.42768534787954,28.42768534787954,105.3983308735188
2026-01-06 13:00:00,NODE_04,2026-01-06,27.55,88.6,1.1203901887605223,39.521034838267546,30.540254592895508,2002.0,18.609391354423916,0.1333452611160004,3.3805833370120952,0.5294357405412765,0.1697052391552449,0,0,15.85275726064132,31.70551452128264,101.32134222009049,314.9169864318154,587.8287967693311,587.8287967693311,587.8287967693311,14.439006449595894,22.851690687150352,-15.003685032779572,17.67169427078062,0.998301713493826,20.69647407913422,28.369989741396363,28.369989741396363,101.14926955181068
2026-01-06 14:00:00,NODE_04,2026-01-06,27.55,88.6,5.774869458428318,86.5147844105801,30.540254592895508,2002.0,18.609391354423916,0.0048577893543123,4.628034806265017,0.3954890761835702,0.7184601783231668,0,0,15.85275726064132,31.70551452128264,100.54166213142648,318.9548711017578,593.6036662277594,593.6036662277594,593.6036662277594,14.439006449595894,22.851690687150352,-21.974376945775745,23.46418103157093,0.9983182074770172,23.366872425692407,28.33292961313189,28.33292961313189,100.3725719158056
2026-01-06 15:00:00,NODE_04,2026-01-06,27.55,88.6,6.430341208624395,24.42838702744724,30.540254592895508,2002.0,18.609391354423916,0.0558340637533761,1.6534902755868182,0.3223384580809436,0.7700890312540819,0,0,15.85275726064132,31.70551452128264,99.46389545596011,322.19280664936525,600.0340074363838,600.0340074363838,600.0340074363838,14.439006449595894,22.851690687150352,-26.606685337795625,19.99488566584121,0.9983362006348604,26.29218277046294,28.31792412164168,28.31792412164168,99.29840748984616
2026-01-06 16:00:00,NODE_04,2026-01-06,27.55,88.6,2.6718585379946123,62.21097043552117,30.540254592895508,2002.0,18.609391354423916,0.0116047318964268,11.136119194116349,0.6103938666440536,0.4623284974592826,0,0,15.85275726064132,31.70551452128264,101.29134793290206,321.02696541154086,602.7058659743784,602.7058659743784,602.7058659743784,14.439006449595894,22.851690687150352,-23.832108102141376,18.652093470814137,0.9983435642150238,25.020213892888112,28.29385324405953,28.29385324405953,101.12356531947752
2026-01-06 17:00:00,NODE_04,2026-01-06,27.55,88.6,15.258626427690048,23.9992903540331,30.540254592895508,2002.0,18.609391354423916,0.0249441597384106,11.003435409911582,0.9391086983102406,0.7140870226850174,0,0,15.85275726064132,31.70551452128264,113.89439996736418,331.0328264882944,617.9644924020685,617.9644924020685,617.9644924020685,15.258626427690048,22.851690687150352,-7.57638883689188,28.95385276585164,0.9983843984392072,36.52580823664494,28.35350509183189,28.35350509183189,113.71039199701136
2026-01-06 18:00:00,NODE_04,2026-01-06,27.55,88.6,9.601961001608288,82.56419314333614,30.540254592895508,2002.0,18.609391354423916,-0.0171074325563619,4.570261176291569,0.6717448404774834,0.7359353919374455,0,0,15.85275726064132,31.70551452128264,117.48516918509992,340.2227906442546,627.5664534036767,627.5664534036767,627.5664534036767,15.258626427690048,22.851690687150352,-7.943370219694557,35.14329596068019,0.9984090783168827,40.64889800275648,28.441961155939264,28.441961155939264,117.29825948199866
2026-01-06 19:00:00,NODE_04,2026-01-06,27.55,88.6,5.6749585724372364,57.086633994903785,30.540254592895508,2002.0,18.609391354423916,0.0097538462711301,9.475576950946603,0.0747459036363155,0.1382755276778086,0,0,15.85275726064132,31.70551452128264,122.61633982247804,344.8020963698872,633.241411976114,633.241411976114,633.241411976114,15.258626427690048,22.851690687150352,9.30920728120978,43.432252474988985,0.99842331329819,40.22652187478024,28.526136589645272,28.526136589645272,122.42301227005532
2026-01-06 20:00:00,NODE_04,2026-01-06,27.55,88.6,7.101948131526069,66.85438455339573,30.540254592895508,2002.0,18.609391354423916,0.0268739352303214,4.025297443114904,0.4606849734821338,0.9661780248345369,0,0,15.85275726064132,31.70551452128264,121.05258792812884,349.543056898895,640.34336010764,640.34336010764,640.34336010764,15.258626427690048,22.851690687150352,0.2752927441318888,44.20871302458805,0.998440772818117,41.29449172508927,28.61669229982573,28.61669229982573,120.86383944259404
2026-01-06 21:00:00,NODE_04,2026-01-06,27.55,88.6,0.702129876502031,78.21017481373168,30.540254592895508,2002.0,18.609391354423916,-0.0289229864438165,4.389407800472026,0.8908241315106276,0.821031947096431,0,0,15.85275726064132,31.70551452128264,121.14975853931338,344.9216284871807,641.0454899841421,641.0454899841421,641.0454899841421,15.258626427690048,22.851690687150352,0.4734311476935886,40.30778056849671,0.998442477962076,35.80244784282791,28.66729621210039,28.66729621210039,120.96106512049924
2026-01-06 22:00:00,NODE_04,2026-01-06,27.55,88.6,8.90871568905006,30.521743573877817,30.540254592895508,2002.0,18.609391354423916,-0.0038747149946493,10.670761038604248,0.0944624258010868,0.2044834611958235,0,0,15.85275726064132,31.70551452128264,128.12014829584967,349.7749121546631,649.9542056731922,649.9542056731922,649.9542056731922,15.258626427690048,22.851690687150352,8.348612269767557,43.906706056240125,0.9984637936259037,39.34079635545378,28.741936073242723,28.741936073242723,127.92332930738742
2026-01-06 23:00:00,NODE_04,2026-01-06,27.55,88.6,1.702577295124227,22.701409335669368,30.540254592895508,2002.0,18.609391354423916,-0.0029215059498744,2.134141757162596,0.9888757121375432,0.1861650357460702,0,0,15.85275726064132,31.70551452128264,121.41438167267054,350.41487521261377,651.6567829683164,651.6567829683164,651.6567829683164,15.258626427690048,22.851690687150352,-0.9255549401578236,45.31474469281531,0.9984678011075716,35.142254197259945,28.78638272688173,28.78638272688173,121.22835069154678
2026-01-07 00:00:00,NODE_04,2026-01-07,27.55,88.6,12.908212550617607,81.52168021389966,30.540254592895508,2002.0,18.609391354423916,0.0413201658665262,7.151510094749295,0.9490693936454212,0.1256611455795827,0,0,15.85275726064132,31.70551452128264,131.39916894897442,355.50391190879776,664.564995518934,664.564995518934,664.564995518934,15.258626427690048,22.851690687150352,12.896553085319908,54.18487231417048,0.9984975171369698,42.77912861828856,28.882884422684533,28.882884422684533,131.20174394941216
2026-01-07 01:00:00,NODE_04,2026-01-07,27.55,88.6,22.51450198812579,42.04532592212527,30.540254592895508,2002.0,18.609391354423916,-0.053301608581384,2.534500385127631,0.0782744807298758,0.1383785625419183,1,0,15.85275726064132,31.70551452128264,149.94755257386856,377.576725952448,687.0794975070598,687.0794975070598,687.0794975070598,22.51450198812579,22.851690687150352,30.98693298985347,73.0807089732437,0.998546679557198,58.87676131367107,29.0883219356365,29.0883219356365,149.72963073036482
2026-01-07 02:00:00,NODE_04,2026-01-07,27.55,88.6,17.69418171906115,29.028523554901568,30.540254592895508,2002.0,18.609391354423916,-0.0025771104303825,19.50512179019003,0.9334133204495548,0.7481617990286962,0,0,15.85275726064132,31.70551452128264,153.20272784333383,390.882756954007,704.773679226121,704.773679226121,704.773679226121,22.51450198812579,22.851690687150352,33.04691344126405,72.360267388773,0.9985831151976416,67.73942883568157,29.3512546356368,29.3512546356368,152.98565722657278
2026-01-07 03:00:00,NODE_04,2026-01-07,27.55,88.6,5.842286430907926,52.792286596096055,30.540254592895508,2002.0,18.609391354423916,0.0956002734526348,4.990118731684567,0.3631325902594622,0.4696542569516235,0,0,15.85275726064132,31.70551452128264,151.71685294642188,395.4017225719345,710.6159656570288,710.6159656570288,710.6159656570288,22.51450198812579,22.851690687150352,27.392369705637705,71.7927673249974,0.998594747661294,63.42080094123725,29.581454272836808,29.581454272836808,151.50365248399785
2026-01-07 04:00:00,NODE_04,2026-01-07,27.55,88.6,6.593700191464473,61.88142529872132,30.540254592895508,2002.0,18.609391354423916,0.0582030076292968,4.488052659240831,0.8447091670758625,0.7829341727398672,0,0,15.85275726064132,31.70551452128264,155.22818892613768,395.4776643921644,717.2096658484934,717.2096658484934,717.2096658484934,22.51450198812579,22.851690687150352,30.23311035086512,69.43711916692307,0.998607648925445,60.501380991516136,29.788970559539354,29.788970559539354,155.01205679048513
2026-01-07 05:00:00,NODE_04,2026-01-07,27.55,88.6,6.916560765434831,22.16794223957571,30.540254592895508,2002.0,18.609391354423916,0.0674589524444352,4.273583315890292,0.4183833377132715,0.7462548943502054,0,0,15.85275726064132,31.70551452128264,154.478038861887,400.6638818707908,724.1262266139281,724.1262266139281,724.1262266139281,22.51450198812579,22.851690687150352,26.3539289321906,69.11477008864449,0.9986209297591268,58.342734608223545,29.979328986530582,29.979328986530582,154.2650027956241
2026-01-07 06:00:00,NODE_04,2026-01-07,27.55,88.6,2.506432037394795,39.24269607799614,30.540254592895508,2002.0,18.609391354423916,0.0012215920089017,1.5262895452070382,0.4408551127025158,0.6046127135052216,0,0,15.85275726064132,31.70551452128264,153.83134145626408,398.688628403563,726.6326586513229,726.6326586513229,726.6326586513229,22.51450198812579,22.851690687150352,23.42586134624102,70.34325822696776,0.9986256801586484,52.09775645438481,30.125808638635576,30.125808638635576,153.619927991479
2026-01-07 07:00:00,NODE_04,2026-01-07,27.55,88.6,5.533568224636964,22.29599119938272,30.540254592895508,2002.0,18.609391354423916,0.0160498781843011,1.313355551062119,0.6342430909775426,0.6863666065786795,0,0,15.85275726064132,31.70551452128264,156.72702500058767,394.2235018643048,732.1662268759599,732.1662268759599,732.1662268759599,22.51450198812579,22.851690687150352,31.601746503479177,66.05014945451298,0.9986360528303916,49.81666121086405,30.255353721347607,30.255353721347607,156.51325761843697
2026-01-07 08:00:00,NODE_04,2026-01-07,27.55,88.6,1.432647507135948,49.42347724368493,30.540254592895508,2002.0,18.609391354423916,0.0501118083351462,14.295615236180362,0.7744774192759833,0.0183557243791417,0,0,15.85275726064132,31.70551452128264,154.79883777050168,382.548747224462,733.5988743830959,733.5988743830959,733.5988743830959,22.51450198812579,22.851690687150352,35.39439330706375,59.429746590602,0.9986387128610292,43.77680953637039,30.343729249550368,30.343729249550368,154.5881121035171
2026-01-07 09:00:00,NODE_04,2026-01-07,27.55,88.6,12.684373724044086,82.6570020346371,30.540254592895508,2002.0,18.609391354423916,0.0780127764765465,2.0079656916496327,0.0337891509482486,0.3117776468050219,0,0,15.85275726064132,31.70551452128264,165.16235932340507,392.74877882477193,746.2832481071399,746.2832481071399,746.2832481071399,22.51450198812579,22.851690687150352,47.2515373067214,69.71428839641975,0.998661819326831,49.89466182995891,30.47068335721536,30.47068335721536,164.94134224622348
2026-01-07 10:00:00,NODE_04,2026-01-07,27.55,88.6,6.48140731143811,88.78566880454984,30.540254592895508,2002.0,18.609391354423916,-0.0975801456441443,3.070321008521261,0.5931559955271343,0.6378221792594102,0,0,15.85275726064132,31.70551452128264,170.00427432757112,396.346541625451,752.7646554185781,752.7646554185781,752.7646554185781,22.51450198812579,22.851690687150352,51.55530173846668,79.64102369312504,0.9986733259608136,48.89186986690319,30.589529721793987,30.589529721793987,169.77873407027002
2026-01-07 11:00:00,NODE_04,2026-01-07,27.55,88.6,9.503901425763104,64.59332874525393,30.540254592895508,2002.0,18.609391354423916,-0.0657720653524922,4.826147392068795,0.1867329940973709,0.0093449534862442,0,0,15.85275726064132,31.70551452128264,177.419586159394,396.5990429706519,762.2685568443412,762.2685568443412,762.2685568443412,22.51450198812579,22.851690687150352,60.946123862124125,79.84535422404353,0.998689845152099,51.06199081263081,30.720763446735248,30.720763446735248,177.18713902847466
2026-01-07 12:00:00,NODE_04,2026-01-07,27.55,88.6,3.681405108242595,31.314638564921427,30.540254592895508,2002.0,18.609391354423916,0.0654722050701323,5.0559899488350935,0.3459495178632029,0.0329769436825934,0,0,15.85275726064132,31.70551452128264,179.24155537201318,396.77811155368926,765.9499619525837,765.9499619525837,765.9499619525837,22.51450198812579,22.851690687150352,73.66358103388512,82.78033183350895,0.9986961339727378,47.08409729897878,30.824988503118966,30.824988503118966,179.00784839729
2026-01-07 13:00:00,NODE_04,2026-01-07,27.55,88.6,2.172127383647624,83.4094572999514,30.540254592895508,2002.0,18.609391354423916,-0.0138444677884401,5.46617501421971,0.3479686661552165,0.8518879824703832,0,0,15.85275726064132,31.70551452128264,180.29329256690028,397.9396620398608,768.1220893362314,768.1220893362314,768.1220893362314,22.51450198812579,22.851690687150352,78.97195034680979,83.0226756080454,0.9986998163050252,42.19361008777959,30.896941804287703,30.896941804287703,180.05887816759147
2026-01-07 14:00:00,NODE_04,2026-01-07,27.55,88.6,0.7552003814491095,56.13734762400424,30.540254592895508,2002.0,18.609391354423916,-0.0335860394629038,8.405943042717396,0.4690603402211536,0.6840248616920718,0,0,15.85275726064132,31.70551452128264,175.27362348992108,398.33132469854985,768.8772897176805,768.8772897176805,768.8772897176805,22.51450198812579,22.851690687150352,74.73196135849459,79.37645359679202,0.9987010917020728,36.61976895606176,30.93293442788377,30.93293442788377,175.04595912596224
2026-01-07 15:00:00,NODE_04,2026-01-07,27.55,88.6,1.7731167459035058,30.762451847204268,30.540254592895508,2002.0,18.609391354423916,-0.0627080493497801,14.3386269248262,0.3341364118761734,0.2653697331203439,0,0,15.85275726064132,31.70551452128264,170.61639902720017,396.150875276916,770.650406463584,770.650406463584,770.650406463584,22.51450198812579,22.851690687150352,71.15250357124006,73.9580686275508,0.9987040763646028,32.899920358555995,30.945228089950472,30.945228089950472,170.39529320311448
2026-01-07 16:00:00,NODE_04,2026-01-07,27.55,88.6,3.0789559984978827,84.5208668616163,30.540254592895508,2002.0,18.609391354423916,-0.0277508350772054,4.957385972603968,0.1073611184506677,0.687962840118709,0,0,15.85275726064132,31.70551452128264,171.02349648770343,397.43830045564897,773.7293624620819,773.7293624620819,773.7293624620819,22.51450198812579,22.851690687150352,69.7321485548014,76.41133504410807,0.9987092266687532,31.04388830327048,30.94584088630649,30.94584088630649,170.80274391942052
2026-01-07 17:00:00,NODE_04,2026-01-07,27.55,88.6,6.646442925103292,73.02283355061721,30.540254592895508,2002.0,18.609391354423916,-0.0701184641711912,0.6894995478376815,0.1456287385254514,0.7924566691392633,0,0,15.85275726064132,31.70551452128264,162.4113129851167,397.7765017567369,780.3758053871852,780.3758053871852,780.3758053871852,22.51450198812579,22.851690687150352,48.51691301775252,66.74367526844253,0.99872020608636,33.0337479828832,30.958729201717464,30.958729201717464,162.2034599752521
2026-01-07 18:00:00,NODE_04,2026-01-07,27.55,88.6,4.956387352912503,71.2193690906206,30.540254592895508,2002.0,18.609391354423916,0.1045547136366238,7.885055775798041,0.0334379855610976,0.3067942831101012,0,1,15.85275726064132,31.70551452128264,157.76573933642092,400.6794479263153,785.3321927400976,785.3321927400976,785.3321927400976,22.51450198812579,22.851690687150352,40.28057015132099,60.456657282060746,0.998728272847999,33.035073138363224,30.971467508077254,30.971467508077254,157.5651043620513
2026-01-07 19:00:00,NODE_04,2026-01-07,27.55,88.6,4.3569434968916685,69.64264926560833,30.540254592895508,2002.0,18.609391354423916,-0.0011218025990286,5.065429775370247,0.4702490853287543,0.0360373774991874,0,0,15.85275726064132,31.70551452128264,156.44772426087533,392.3711966246216,789.6891362369894,789.6891362369894,789.6891362369894,22.51450198812579,22.851690687150352,33.83138443839729,47.56910025473451,0.9987352804608406,32.43675566450041,30.98040219195788,30.98040219195788,156.24986176714555
2026-01-07 20:00:00,NODE_04,2026-01-07,27.55,88.6,6.309431452724251,34.02378747675096,30.540254592895508,2002.0,18.609391354423916,-0.0028975270881358,3.5895350046940693,0.9544476948529884,0.9327791246877344,0,0,15.85275726064132,31.70551452128264,155.65520758207353,397.4850906941993,795.9985676897136,795.9985676897136,795.9985676897136,22.51450198812579,22.851690687150352,34.602619653944686,47.94203379530437,0.9987452926008402,33.880673767549595,30.99797959544632,30.99797959544632,155.45990584140256
2026-01-07 21:00:00,NODE_04,2026-01-07,27.55,88.6,3.11840166572022,34.77046841952682,30.540254592895508,2002.0,18.609391354423916,0.0294038337583915,2.935482134964316,0.1156752236481165,0.3451798382956305,0,0,15.85275726064132,31.70551452128264,158.07147937129173,399.8975653022249,799.1169693554339,799.1169693554339,799.1169693554339,22.51450198812579,22.851690687150352,36.92172083197835,54.975936815044165,0.9987501827378994,31.91697436813737,31.003515708534817,31.003515708534817,157.8739189077277
2026-01-07 22:00:00,NODE_04,2026-01-07,27.55,88.6,6.323446775865336,68.18050988990785,30.540254592895508,2002.0,18.609391354423916,0.0481172584633284,16.27835507939204,0.946264493003082,0.1064817632847063,0,0,15.85275726064132,31.70551452128264,155.486210458107,403.3778947800389,805.4404161312991,805.4404161312991,805.4404161312991,22.51450198812579,22.851690687150352,27.36606216225732,53.60298262537568,0.9987599827836044,33.452874988782106,31.01818253057223,31.01818253057223,155.29340488022683
2026-01-07 23:00:00,NODE_04,2026-01-07,27.55,88.6,4.291974874153423,35.38059250772778,30.540254592895508,2002.0,18.609391354423916,0.0472944078277319,4.818915844842898,0.7333615147320935,0.4918568713931474,0,0,15.85275726064132,31.70551452128264,158.0756080371362,401.8299263226351,809.7323910054525,809.7323910054525,809.7323910054525,22.51450198812579,22.851690687150352,36.66122636446565,51.41505111002134,0.9987665473698912,32.726918614618214,31.028353578691547,31.028353578691547,157.88062926264675
2026-01-08 00:00:00,NODE_04,2026-01-08,27.55,88.6,4.11664738251216,50.70701877621342,30.540254592895508,2002.0,18.609391354423916,0.0536810971953785,2.1345092879821244,0.6374988029341632,0.7684677956641338,0,0,15.85275726064132,31.70551452128264,149.28404286903074,399.1858276816597,811.9184224435822,813.8490383879647,813.8490383879647,22.51450198812579,22.851690687150352,17.88487392005632,43.68191577286191,0.9987727788180516,31.93452820493764,31.20694829452819,31.033715558728503,149.10083832949496
2026-01-08 01:00:00,NODE_04,2026-01-08,27.55,88.6,1.6248371221144322,74.7401277915759,30.540254592895508,2002.0,18.609391354423916,-0.0315422775395428,7.259133302035937,0.6452777553235629,0.2216473146175591,0,0,15.85275726064132,31.70551452128264,128.3943780030194,397.302550160903,790.6915688785464,815.4738755100792,815.4738755100792,22.51450198812579,22.51450198812579,-21.55317457084917,19.72582420845509,0.9987752210695348,28.769186096311422,31.23240348414983,31.02039479718488,128.23712327405113
2026-01-08 02:00:00,NODE_04,2026-01-08,27.55,88.6,2.497448875465479,74.87667626684886,30.540254592895508,2002.0,18.609391354423916,-0.014893340247843,13.046776278526703,0.8267276483962821,0.2694900501333633,0,0,15.85275726064132,31.70551452128264,113.19764515942371,386.55618740482737,793.1259351658423,817.9713243855447,817.9713243855447,22.51450198812579,22.51450198812579,-40.00508268391012,-4.326569549179666,0.9987789560266348,26.95125705733019,31.26853067084784,30.99659867005122,113.05942585700264
2026-01-08 03:00:00,NODE_04,2026-01-08,27.55,88.6,0.2635862567356561,51.728324076810175,30.540254592895508,2002.0,18.609391354423916,0.0384515827721137,1.6381343197471856,0.1069198643798213,0.2427149867985831,0,0,15.85275726064132,31.70551452128264,107.61894498525146,383.6602811724575,790.670885895397,818.2349106422803,818.2349106422803,22.51450198812579,22.51450198812579,-44.09790796117042,-11.741441399476969,0.998779348893694,23.17215475546632,31.2846253910266,30.951107717059447,107.48757980099572
2026-01-08 04:00:00,NODE_04,2026-01-08,27.55,88.6,1.3720401391376786,75.45329567926716,30.540254592895508,2002.0,18.609391354423916,-0.026369453081981,14.153648887499369,0.5047543235655417,0.9916730528316782,0,0,15.85275726064132,31.70551452128264,102.39728493292466,382.62055243433485,788.5584735394297,819.6069507814179,819.6069507814179,22.51450198812579,22.51450198812579,-52.83090399321301,-12.857111957829517,0.9987813898005036,21.068371681284045,31.285732020107314,30.89398207523416,102.27250255710464
2026-01-08 05:00:00,NODE_04,2026-01-08,27.55,88.6,8.202468565112792,78.70352573386397,30.540254592895508,2002.0,18.609391354423916,-0.0002553316013612,1.048849349059492,0.6970911382607585,0.1974037337305425,0,0,15.85275726064132,31.70551452128264,103.6831927326026,386.2853415241861,794.853930443031,827.8094193465308,827.8094193465308,22.51450198812579,22.51450198812579,-50.7948461292844,-14.378540346604764,0.9987934500059272,26.11058449420423,31.324145612585443,30.866491284538583,103.55809377702565
2026-01-08 06:00:00,NODE_04,2026-01-08,27.55,88.6,1.5662031389230266,65.83430258989821,30.540254592895508,2002.0,18.609391354423916,0.0199381882212407,5.93516936497609,0.5868204450735637,0.575520216966124,0,0,15.85275726064132,31.70551452128264,102.74296383413083,386.97978540041794,791.5434645849986,829.3756224854538,829.3756224854538,22.51450198812579,22.51450198812579,-51.08837762213324,-11.708843003144978,0.9987957257258988,23.76019995899662,31.337092012275,30.825883905535488,102.6192331259405
2026-01-08 07:00:00,NODE_04,2026-01-08,27.55,88.6,4.90354367319434,35.98980966158941,30.540254592895508,2002.0,18.609391354423916,0.0392592541155188,9.699784876751126,0.8327790710232946,0.9252646416569644,0,0,15.85275726064132,31.70551452128264,102.11293928268822,383.9652427803844,790.1755893817262,834.2791661586482,834.2791661586482,22.51450198812579,22.51450198812579,-54.61408571789946,-10.258259083920336,0.9988027954718434,25.099713638341463,31.33995433770593,30.79334884719916,101.9906892093956
2026-01-08 08:00:00,NODE_04,2026-01-08,27.55,88.6,1.4116986839339718,39.180824626988326,30.540254592895508,2002.0,18.609391354423916,-0.08888404811851,2.476069361854784,0.0722717090113514,0.1468965688777792,0,0,15.85275726064132,31.70551452128264,102.09199045948624,376.2952726934259,788.3021631886671,835.6908648425821,835.6908648425821,22.51450198812579,22.51450198812579,-52.70684731101544,-6.2534745310362325,0.9988048154437684,22.746455276524213,31.33123596793496,30.74788617165862,101.96997168917412
2026-01-08 09:00:00,NODE_04,2026-01-08,27.55,88.6,7.212978083972789,42.03888087861147,30.540254592895508,2002.0,18.609391354423916,0.0357372824944472,1.3257837436043314,0.690701039499166,0.9708541978677002,0,0,15.85275726064132,31.70551452128264,96.62059481941496,379.69377615950367,786.5591192283971,842.903842926555,842.903842926555,22.51450198812579,22.51450198812579,-68.54176450399012,-13.055002665268262,0.9988150308730293,26.54746506901837,31.313450091961364,30.724288300295477,96.5061023975244
2026-01-08 10:00:00,NODE_04,2026-01-08,27.55,88.6,5.221749486095647,28.17628754137664,30.540254592895508,2002.0,18.609391354423916,-0.0116862028925862,3.357300252054679,0.5340277303847177,0.9474772343956246,0,0,15.85275726064132,31.70551452128264,95.36093699407247,383.81418391074806,791.0188937311947,848.1255924126506,848.1255924126506,22.51450198812579,22.51450198812579,-74.64333733349865,-12.532357714702954,0.9988223179127615,27.78709479476126,31.324878374186174,30.70787939802992,95.2486321267523
2026-01-08 11:00:00,NODE_04,2026-01-08,27.55,88.6,0.8326102309807502,39.12117342589616,30.540254592895508,2002.0,18.609391354423916,0.035372885543219,14.821320922134827,0.3791608639799434,0.8845719870582626,0,0,15.85275726064132,31.70551452128264,86.68964579929015,380.582694255954,787.1752088733149,848.9582026436314,848.9582026436314,22.51450198812579,22.51450198812579,-90.72994036010384,-16.016348714697926,0.9988234715579076,24.45164080652782,31.311713337542265,30.673122516966018,86.58765296537236
2026-01-08 12:00:00,NODE_04,2026-01-08,27.55,88.6,7.570442845144377,34.66634570187725,30.540254592895508,2002.0,18.609391354423916,0.0388465846177414,7.541678033505669,0.3402749822340308,0.2145565213300022,0,0,15.85275726064132,31.70551452128264,90.57868353619192,375.3982132463332,793.215441294582,856.5286454887756,856.5286454887756,22.51450198812579,22.51450198812579,-88.66287183582126,-21.37989830735613,0.998833858197903,28.354337530693023,31.33647682080725,30.660311550191032,90.47305594694146
2026-01-08 13:00:00,NODE_04,2026-01-08,27.55,88.6,9.448457268344022,51.87301248660215,30.540254592895508,2002.0,18.609391354423916,0.0803957530559578,1.1251576418577476,0.6208326327741929,0.6340550560109833,0,0,15.85275726064132,31.70551452128264,97.85501342088833,379.4696482078791,798.2524357494979,865.9771027571197,865.9771027571197,22.51450198812579,22.51450198812579,-82.43827914601195,-18.47001383198173,0.9988465670006512,33.549644169433094,31.38750789143317,30.67618700414291,97.74214421925694
2026-01-08 14:00:00,NODE_04,2026-01-08,27.55,88.6,1.4526269157350378,83.59062835105854,30.540254592895508,2002.0,18.609391354423916,0.0676726823810601,19.530220267944063,0.8909953746442648,0.7608914729612402,0,0,15.85275726064132,31.70551452128264,98.55243995517424,374.3677255765218,796.0297884021026,867.4297296728547,867.4297296728547,22.51450198812579,22.51450198812579,-76.72118353474684,-23.963599122028,0.9988484963540152,29.969824459753166,31.41765425773071,30.67232709952876,98.43895646124514
2026-01-08 15:00:00,NODE_04,2026-01-08,27.55,88.6,2.7427586388240144,27.313622172777063,30.540254592895508,2002.0,18.609391354423916,0.0673285831305148,2.997673901753636,0.4961759261011152,0.9860279281964296,0,0,15.85275726064132,31.70551452128264,99.52208184809474,369.6023763312551,797.3155236056131,870.1724883116788,870.1724883116788,22.51450198812579,22.51450198812579,-71.09431717910543,-26.548498945660995,0.9988521216941344,28.217109429614204,31.4509318548188,30.658983525235747,99.40784260938672
2026-01-08 16:00:00,NODE_04,2026-01-08,27.55,88.6,1.150807852859989,70.41875467631769,30.540254592895508,2002.0,18.609391354423916,0.0721835159583119,6.478579980568007,0.8247231640769201,0.1804238220813704,0,0,15.85275726064132,31.70551452128264,97.59393370245688,369.9087781230624,795.4054715808669,871.3232961645388,871.3232961645388,22.51450198812579,22.51450198812579,-73.42956278524659,-27.529522332586566,0.998853636026463,25.13535086803206,31.467848455053524,30.629126051413024,97.48205553282462
2026-01-08 17:00:00,NODE_04,2026-01-08,27.55,88.6,6.961540026032601,68.10981030891894,30.540254592895508,2002.0,18.609391354423916,0.0145689492407972,9.743614512806683,0.4021563818439675,0.7660258995192964,0,0,15.85275726064132,31.70551452128264,97.90903080338616,374.2147437558671,800.9494537088767,878.2848361905714,878.2848361905714,22.51450198812579,22.51450198812579,-64.50228218173054,-23.5617580008699,0.9988627121055192,28.32658826385985,31.51522745887214,30.61674681599607,97.79768004789312
2026-01-08 18:00:00,NODE_04,2026-01-08,27.55,88.6,3.5930446543639745,26.70279390643504,30.540254592895508,2002.0,18.609391354423916,0.0016092543518419,9.358118854332885,0.1023944627931765,0.3388011699271129,0,0,15.85275726064132,31.70551452128264,96.54568810483764,371.7965966263585,791.0999238932285,881.8778808449354,881.8778808449354,22.51450198812579,22.51450198812579,-61.22005123158328,-28.88285129995685,0.99886734052161,27.670644678644848,31.49687145845339,30.60099225911184,96.436334716108
2026-01-08 19:00:00,NODE_04,2026-01-08,27.55,88.6,3.5708848245231333,84.580068343406,30.540254592895508,2002.0,18.609391354423916,0.0436408541589167,3.33901662692892,0.0615057364586385,0.1756264655680023,0,0,15.85275726064132,31.70551452128264,95.7596294324691,374.8236935158225,788.8516552029481,885.4487656694585,885.4487656694585,22.51450198812579,22.51450198812579,-60.68809482840624,-17.547503108799162,0.9988719032179544,27.09093280137125,31.4678863063696,30.582321730081304,95.65160330265644
2026-01-08 20:00:00,NODE_04,2026-01-08,27.55,88.6,3.048086663817249,59.79305415097737,30.540254592895508,2002.0,18.609391354423916,0.0366040475716511,7.361228523570765,0.0513343713236775,0.4213769412138549,0,0,15.85275726064132,31.70551452128264,92.4982846435621,369.2060801537645,778.2410097392168,888.4968523332757,888.4968523332757,22.51450198812579,22.51450198812579,-63.15692293851143,-28.279010540434854,0.9988757689278192,26.075379544982813,31.380090323147588,30.55847547513369,92.3942951978424
2026-01-08 21:00:00,NODE_04,2026-01-08,27.55,88.6,9.805242332938436,45.4607864794979,30.540254592895508,2002.0,18.609391354423916,-0.015453311836913,6.930437978024067,0.3801501419576699,0.7938359121486164,0,0,15.85275726064132,31.70551452128264,99.18512531078032,378.4063632213855,786.804261982695,898.3020946662141,898.3020946662141,22.51450198812579,22.51450198812579,-58.88635406051142,-21.49120208083949,0.9988880266087102,31.969314946173824,31.3564354769534,30.565900946033903,99.074834090623
2026-01-08 22:00:00,NODE_04,2026-01-08,27.55,88.6,16.64819110267676,72.95770084467146,30.540254592895508,2002.0,18.609391354423916,0.0202411704404134,5.641709620955344,0.337237750835842,0.4648498037040521,0,0,15.85275726064132,31.70551452128264,109.50986963759172,393.1162283915484,803.1217224150878,914.9502857688908,914.9502857688908,22.51450198812579,22.51450198812579,-45.97634082051526,-10.261666388490385,0.9989082376898212,43.8221088069245,31.43345659835733,30.635305175672077,109.39031088932882
2026-01-08 23:00:00,NODE_04,2026-01-08,27.55,88.6,9.568478126378196,38.01558208811439,30.540254592895508,2002.0,18.609391354423916,-0.0017548233392297,19.37374225296553,0.7179370236225695,0.5375231002030485,0,0,15.85275726064132,31.70551452128264,114.7863728898165,394.27636259962327,808.1600104465567,924.5187638952692,924.5187638952692,22.51450198812579,22.51450198812579,-43.28923514731969,-7.553563723011862,0.9989195248772792,46.817270612264025,31.52891436126181,30.719586245654323,114.66234906948172
2026-01-09 00:00:00,NODE_04,2026-01-09,27.55,88.6,7.1185379002666735,68.54568859324243,30.540254592895508,2002.0,18.609391354423916,-0.0426966454230028,2.4688324912966766,0.7428215015848658,0.9951594102001212,0,0,15.85275726064132,31.70551452128264,117.78826340757102,398.4714752255762,810.6606933169581,931.6373017955358,931.6373017955358,22.51450198812579,22.51450198812579,-31.49577946145972,-0.7143524560834891,0.9989277718164664,46.913217920691096,31.624938476816336,30.803491072986123,117.66196751185592
2026-01-09 01:00:00,NODE_04,2026-01-09,27.55,88.6,2.1425694342453943,22.779784530057302,30.540254592895508,2002.0,18.609391354423916,0.0645230370688175,1.8006836062595468,0.0508539688337398,0.399109299557426,0,0,15.85275726064132,31.70551452128264,118.305995719702,396.64792629659,806.671068955841,933.7798712297812,933.7798712297812,22.51450198812579,22.51450198812579,-10.0883822833174,-0.6546238643130948,0.998930229425368,42.01880466683283,31.682811210983417,30.861301967799765,118.17943544667853
2026-01-09 02:00:00,NODE_04,2026-01-09,27.55,88.6,1.859900865881988,78.75856263264903,30.540254592895508,2002.0,18.609391354423916,0.0027599621265044,7.573103588825275,0.2211232628890149,0.6154007547092398,0,0,15.85275726064132,31.70551452128264,117.6684477101185,384.06882071287606,802.3676834935236,935.6397720956631,935.6397720956631,22.51450198812579,22.51450198812579,4.470802550694785,-2.48736669195128,0.9989323536862388,37.57588483268989,31.70638764536878,30.89573572608125,117.5428194256748
2026-01-09 03:00:00,NODE_04,2026-01-09,27.55,88.6,1.6520553062604884,51.371959291492296,30.540254592895508,2002.0,18.609391354423916,0.1024354128849425,7.739664299247869,0.2742618501588997,0.3652442016153718,0,0,15.85275726064132,31.70551452128264,119.05691675964331,378.3927146913167,791.0754836725225,937.2918274019236,937.2918274019236,22.51450198812579,22.51450198812579,11.437971774391867,-5.267566481140847,0.9989342334966628,33.591557414046896,31.659212139471336,30.90948991836679,118.9300298857703
2026-01-09 04:00:00,NODE_04,2026-01-09,27.55,88.6,2.49794288668672,64.56850400505593,30.540254592895508,2002.0,18.609391354423916,-0.0812746135099916,9.156023383075084,0.5476119841428094,0.3927856463287049,0,0,15.85275726064132,31.70551452128264,120.18281950719236,377.8082933662547,787.4592576759338,939.7897702886104,939.7897702886104,22.51450198812579,22.51450198812579,17.7855345742677,-4.812259068080195,0.9989370632721768,31.05076668862658,31.597587804716905,30.91020705933257,120.05507277428484
2026-01-09 05:00:00,NODE_04,2026-01-09,27.55,88.6,2.260090196311532,35.48664738646786,30.540254592895508,2002.0,18.609391354423916,-0.0278389386421683,1.4245210832769994,0.1445152239069502,0.6956407534454081,0,0,15.85275726064132,31.70551452128264,114.24044113839112,372.4016727328808,788.7186061240374,942.049860484922,942.049860484922,22.51450198812579,22.51450198812579,10.557248405788512,-13.883668791305285,0.9989396106803028,28.653241881644124,31.552703241890544,30.898808245303844,114.11930179473048
2026-01-09 06:00:00,NODE_04,2026-01-09,27.55,88.6,6.016348763870751,67.39515988609136,30.540254592895508,2002.0,18.609391354423916,0.0016319418345435,8.212151418022724,0.1339412194000003,0.9378869760948836,0,0,15.85275726064132,31.70551452128264,118.69058676333884,375.2648920537338,794.1510935718358,948.0662092487928,948.0662092487928,22.51450198812579,22.51450198812579,15.947622929207997,-11.71489334668422,0.9989463327318424,30.37160436326825,31.546887598296458,30.896158979564973,118.56552637702788
2026-01-09 07:00:00,NODE_04,2026-01-09,27.55,88.6,0.558866725306832,74.05681931252936,30.540254592895508,2002.0,18.609391354423916,0.0568690548814457,0.4866831052087325,0.943788889207958,0.5423589504923214,0,0,15.85275726064132,31.70551452128264,114.34590981545134,373.1858740987272,781.0143508844234,948.6250759740994,948.6250759740994,22.51450198812579,22.51450198812579,12.23297053276312,-10.77936868165716,0.9989469528287528,26.37473043408485,31.463749404292603,30.87355183683757,114.22549817857649
2026-01-01 00:00:00,NODE_05,2026-01-01,27.7,88.8,2.8081095883302254,51.59357076078681,57.33339309692383,5347.0,47.51734619466599,0.0327934089573124,1.2389495628882203,0.3980431741040957,0.415078129007799,0,0,8.571419789848761,17.142839579697522,2.8081095883302254,2.8081095883302254,2.8081095883302254,2.8081095883302254,2.8081095883302254,2.8081095883302254,2.8081095883302254,,,0.7374025151312732,2.8081095883302254,2.8081095883302254,2.8081095883302254,2.0707070731989523
2026-01-01 01:00:00,NODE_05,2026-01-01,27.7,88.8,4.008431284819329,46.89359294481842,57.33339309692383,5347.0,47.51734619466599,0.0928196849162442,5.341918283186498,0.3319062848974967,0.1490956786714339,0,0,8.571419789848761,17.142839579697522,6.816540873149554,6.816540873149554,6.816540873149554,6.816540873149554,6.816540873149554,4.008431284819329,4.008431284819329,,,0.8720661714397119,6.3953244349000204,4.601717011615123,4.601717011615123,5.944474701709843
2026-01-01 02:00:00,NODE_05,2026-01-01,27.7,88.8,2.4977494499619097,50.26337299150657,57.33339309692383,5347.0,47.51734619466599,-0.0247495099454032,11.76713610640161,0.6244249271843925,0.9578193238132592,0,0,8.571419789848761,17.142839579697522,9.314290323111464,9.314290323111464,9.314290323111464,9.314290323111464,9.314290323111464,4.008431284819329,4.008431284819329,,,0.9030471347350696,7.933775219626927,5.712403080952392,5.712403080952392,8.411243188376394
2026-01-01 03:00:00,NODE_05,2026-01-01,27.7,88.8,3.5402205777039293,88.54833059260497,57.33339309692383,5347.0,47.51734619466599,-0.0439819466361468,3.588979210072137,0.825608672507594,0.4043124312197588,0,0,8.571419789848761,17.142839579697522,12.854510900815391,12.854510900815391,12.854510900815391,12.854510900815391,12.854510900815391,4.008431284819329,4.008431284819329,,,0.9278213422935668,10.283929514386816,6.855284689310997,6.855284689310997,11.926689558521826
2026-01-01 04:00:00,NODE_05,2026-01-01,27.7,88.8,6.554344067966678,26.20430823247065,57.33339309692383,5347.0,47.51734619466599,0.0149429231875289,5.576901334243058,0.936773949523002,0.875329082637908,0,0,8.571419789848761,17.142839579697522,19.408854968782077,19.408854968782077,19.408854968782077,19.408854968782077,19.408854968782077,6.554344067966678,6.554344067966678,,,0.951001660723758,15.295684155195472,8.543364582487893,8.543364582487893,18.457853308058315
2026-01-01 05:00:00,NODE_05,2026-01-01,27.7,88.8,3.9365993718112113,84.55616088871109,57.33339309692383,5347.0,47.51734619466599,0.0317626532424035,28.57745771846601,0.8031241661790386,0.189356227680665,0,0,8.571419789848761,17.142839579697522,23.34545434059328,23.34545434059328,23.34545434059328,23.34545434059328,23.34545434059328,6.554344067966678,6.554344067966678,,,0.958924570229416,16.937930903727363,9.942458969361136,9.942458969361136,22.386529770363865
2026-01-01 06:00:00,NODE_05,2026-01-01,27.7,88.8,2.492775828058025,53.61656994297187,57.33339309692383,5347.0,47.51734619466599,-0.0182145047946205,2.1676386576848654,0.4266739806158047,0.5478708106372198,0,0,8.571419789848761,17.142839579697522,25.838230168651307,25.838230168651307,25.838230168651307,25.838230168651307,25.838230168651307,6.554344067966678,6.554344067966678,,,0.9627397189115674,16.890017096226284,10.934967273199016,10.934967273199016,24.87549044973974
2026-01-01 07:00:00,NODE_05,2026-01-01,27.7,88.8,2.664385150457125,63.66195718496788,57.33339309692383,5347.0,47.51734619466599,0.1012545541745976,4.077735298166742,0.6349142353120641,0.0239613851242698,0,0,8.571419789848761,17.142839579697522,28.502615319108436,28.502615319108436,28.502615319108436,28.502615319108436,28.502615319108436,6.554344067966678,6.554344067966678,,,0.9661046998991878,17.020899682249464,11.69570882433032,11.69570882433032,27.536510619209245
2026-01-01 08:00:00,NODE_05,2026-01-01,27.7,88.8,6.203129295992872,78.11280766323857,57.33339309692383,5347.0,47.51734619466599,0.0450842561070839,6.996093585911353,0.856299326716117,0.7642204838423086,0,0,8.571419789848761,17.142839579697522,34.7057446151013,34.7057446151013,34.7057446151013,34.7057446151013,34.7057446151013,6.554344067966678,6.554344067966678,,,0.9719933021764496,20.670894025904914,12.692951624505277,12.692951624505277,33.73375131292485
2026-01-01 09:00:00,NODE_05,2026-01-01,27.7,88.8,6.917355206826196,45.23241204044789,57.33339309692383,5347.0,47.51734619466599,-0.0190635353015833,3.8012559454129096,0.4906096883117394,0.5809138982462784,0,0,8.571419789848761,17.142839579697522,41.6230998219275,41.6230998219275,41.6230998219275,41.6230998219275,41.6230998219275,6.917355206826196,6.917355206826196,,,0.9765385435555404,24.48761512884537,13.872417974939284,13.872417974939284,40.64656127837196
2026-01-01 10:00:00,NODE_05,2026-01-01,27.7,88.8,1.154250336634975,50.12953356615768,57.33339309692383,5347.0,47.51734619466599,-0.0796241486139102,18.21288190384316,0.2166866437053927,0.6255895834697527,0,0,8.571419789848761,17.142839579697522,42.77735015856248,42.77735015856248,42.77735015856248,42.77735015856248,42.77735015856248,6.917355206826196,6.917355206826196,,,0.9771571372781136,21.968723196153537,14.6084457223224,14.6084457223224,41.800193021284365
2026-01-01 11:00:00,NODE_05,2026-01-01,27.7,88.8,3.78941127522832,48.66629361950998,57.33339309692383,5347.0,47.51734619466599,0.0659710893907436,5.962933642951348,0.1697234397478729,0.0517208825546534,0,0,8.571419789848761,17.142839579697522,46.5667614337908,46.5667614337908,46.5667614337908,46.5667614337908,46.5667614337908,6.917355206826196,6.917355206826196,,,0.9789769164463316,22.462825991958827,15.262977411458769,15.262977411458769,45.58778451734447
2026-01-01 12:00:00,NODE_05,2026-01-01,27.7,88.8,6.769690678616842,46.23117157750319,57.33339309692383,5347.0,47.51734619466599,0.0595965618107536,12.596345628172788,0.0001577445780567,0.2110383302086154,0,0,8.571419789848761,17.142839579697522,53.33645211240764,53.33645211240764,53.33645211240764,53.33645211240764,53.33645211240764,6.917355206826196,6.917355206826196,,,0.981596148421114,25.863092771781844,16.07837090071439,16.07837090071439,52.35485596398652
2026-01-01 13:00:00,NODE_05,2026-01-01,27.7,88.8,11.907859582853357,84.78705251528265,57.33339309692383,5347.0,47.51734619466599,-0.0151376434980883,5.183466397636134,0.7182379949812843,0.0743308723535801,0,0,8.571419789848761,17.142839579697522,65.24431169526099,65.24431169526099,65.24431169526099,65.24431169526099,65.24431169526099,11.907859582853357,11.907859582853357,,,0.9849043642479036,33.891488438867924,17.350736439153927,17.350736439153927,64.2594073310131
2026-01-01 14:00:00,NODE_05,2026-01-01,27.7,88.8,9.63006827638592,78.02509238351085,57.33339309692383,5347.0,47.51734619466599,0.0175287728806272,0.8735190843511257,0.1110972088459905,0.2889143158038117,0,0,8.571419789848761,17.142839579697522,74.87437997164692,74.87437997164692,74.87437997164692,74.87437997164692,74.87437997164692,11.907859582853357,11.907859582853357,,,0.9868203206355864,38.43783344942365,18.75654290650524,18.75654290650524,73.88755965101133
2026-01-01 15:00:00,NODE_05,2026-01-01,27.7,88.8,0.6396115220512817,27.62999929040833,57.33339309692383,5347.0,47.51734619466599,-0.0075234948741254,4.2011823989735175,0.2438390996959404,0.627439007682151,0,0,8.571419789848761,17.142839579697522,75.5139914936982,75.5139914936982,75.5139914936982,75.5139914936982,75.5139914936982,11.907859582853357,11.907859582853357,,,0.9869304949267697,33.31176995406138,19.666244596977503,19.666244596977503,74.52706099877143
2026-01-01 16:00:00,NODE_05,2026-01-01,27.7,88.8,3.408969210803984,27.568634673396723,57.33339309692383,5347.0,47.51734619466599,0.0260299440554483,13.095492392524635,0.2978763315227933,0.5661859843173752,0,0,8.571419789848761,17.142839579697522,78.92296070450217,78.92296070450217,78.92296070450217,78.92296070450217,78.92296070450217,11.907859582853357,11.907859582853357,,,0.9874879510070044,31.72397367175616,20.37552277784684,20.37552277784684,77.93547275349518
2026-01-01 17:00:00,NODE_05,2026-01-01,27.7,88.8,0.619034167275337,49.95086603970938,57.33339309692383,5347.0,47.51734619466599,-0.0512474765565841,4.051534470003099,0.5603798601367683,0.6121498216133903,0,0,8.571419789848761,17.142839579697522,79.54199487177752,79.54199487177752,79.54199487177752,79.54199487177752,79.54199487177752,11.907859582853357,11.907859582853357,,,0.9875841168127012,27.58441178826807,20.776016611759125,20.776016611759125,78.55441075496482
2026-01-01 18:00:00,NODE_05,2026-01-01,27.7,88.8,11.230546415062353,26.906016371296637,57.33339309692383,5347.0,47.51734619466599,-0.0583759560038423,2.2736398225723,0.3979572772957692,0.5492512713778943,0,0,8.571419789848761,17.142839579697522,90.77254128683988,90.77254128683988,90.77254128683988,90.77254128683988,90.77254128683988,11.907859582853357,11.907859582853357,,,0.9891034945096,34.67729643509021,21.507662918250237,21.507662918250237,89.78343779233026
2026-01-01 19:00:00,NODE_05,2026-01-01,27.7,88.8,4.21774777208112,63.336516668978376,57.33339309692383,5347.0,47.51734619466599,0.0405431866380261,10.228109027610351,0.6746739920231618,0.2730287956758593,0,0,8.571419789848761,17.142839579697522,94.990289058921,94.990289058921,94.990289058921,94.990289058921,94.990289058921,11.907859582853357,11.907859582853357,,,0.9895822795221902,33.6934497419078,22.116952259433116,22.116952259433116,94.0007067793988
2026-01-01 20:00:00,NODE_05,2026-01-01,27.7,88.8,6.890918869157934,30.05841250832137,57.33339309692383,5347.0,47.51734619466599,0.0468807421754798,2.006775209575024,0.0556386593287027,0.2445074973444252,0,0,8.571419789848761,17.142839579697522,101.88120792807892,101.88120792807892,101.88120792807892,101.88120792807892,101.88120792807892,11.907859582853357,11.907859582853357,,,0.9902800519148348,35.53035114977956,22.755685539925803,22.755685539925803,100.89092787616408
2026-01-01 21:00:00,NODE_05,2026-01-01,27.7,88.8,1.299315003637726,56.56612847767608,57.33339309692383,5347.0,47.51734619466599,-0.0245396012810803,3.548327361410407,0.1239391942644394,0.1370596835365812,0,0,8.571419789848761,17.142839579697522,103.18052293171664,103.18052293171664,103.18052293171664,103.18052293171664,103.18052293171664,11.907859582853357,11.907859582853357,,,0.9904012768235436,31.500113480950358,23.1531595372451,23.1531595372451,102.1901216548931
2026-01-01 22:00:00,NODE_05,2026-01-01,27.7,88.8,1.8154926617316915,20.505396290260244,57.33339309692383,5347.0,47.51734619466599,-0.0374560537980512,4.4536844382119485,0.4992115035332667,0.8490708749034921,0,0,8.571419789848761,17.142839579697522,104.99601559344836,104.99601559344836,104.99601559344836,104.99601559344836,104.99601559344836,11.907859582853357,11.907859582853357,,,0.9905656831117544,28.59058912053949,23.389569519127463,23.389569519127463,104.0054499103366
2026-01-01 23:00:00,NODE_05,2026-01-01,27.7,88.8,4.753512675145358,42.16174438888527,57.33339309692383,5347.0,47.51734619466599,0.0573783226072349,3.5964198317181792,0.3369647878468298,0.6164793585412445,0,0,8.571419789848761,17.142839579697522,109.74952826859368,109.74952826859368,109.74952826859368,109.74952826859368,109.74952826859368,11.907859582853357,11.907859582853357,,,0.9909706161675492,29.055513427603927,23.625650515313986,23.625650515313986,108.75855765242612
2026-01-02 00:00:00,NODE_05,2026-01-02,27.7,88.8,9.05661110726952,67.40335065708588,57.33339309692383,5347.0,47.51734619466599,-0.0357631259657589,4.9718489665234165,0.2958133627513597,0.1865110125040597,0,0,8.571419789848761,17.142839579697522,115.998029787533,118.8061393758632,118.8061393758632,118.8061393758632,118.8061393758632,11.907859582853357,11.907859582853357,113.18992019920276,,0.9916531823393228,33.75379752073286,24.030776395530737,24.030776395530737,115.02981538389868
2026-01-02 01:00:00,NODE_05,2026-01-02,27.7,88.8,0.3368816079409357,53.88272581594939,57.33339309692383,5347.0,47.51734619466599,0.0027705627992883,3.9670334611511016,0.0670280790375227,0.1772093798212395,0,0,8.571419789848761,17.142839579697522,112.3264801106546,119.14302098380416,119.14302098380416,119.14302098380416,119.14302098380416,11.907859582853357,11.907859582853357,105.50993923750504,,0.991676586856137,29.027609500563862,24.22296228418586,24.22296228418586,111.39154040969773
2026-01-02 02:00:00,NODE_05,2026-01-02,27.7,88.8,8.25544870261262,88.47886401992916,57.33339309692383,5347.0,47.51734619466599,-0.0035707489186326,1.7725761486743556,0.8957191747480014,0.8730356015261367,0,0,8.571419789848761,17.142839579697522,118.08417936330532,127.39846968641676,127.39846968641676,127.39846968641676,127.39846968641676,11.907859582853357,11.907859582853357,108.76988904019385,,0.9922117451832388,32.9289167780919,24.545405043219414,24.545405043219414,117.16450968459576
2026-01-02 03:00:00,NODE_05,2026-01-02,27.7,88.8,4.257247900054851,81.18726572463476,57.33339309692383,5347.0,47.51734619466599,-0.0733452972675959,3.2646466273098427,0.6918185861250508,0.7427308637633193,0,0,8.571419789848761,17.142839579697522,118.80120668565624,131.6557175864716,131.6557175864716,131.6557175864716,131.6557175864716,11.907859582853357,11.907859582853357,105.94669578484084,,0.9924616894153232,32.24682716143297,24.820455833155616,24.820455833155616,117.90564629182536
2026-01-02 04:00:00,NODE_05,2026-01-02,27.7,88.8,0.2425044521870392,45.13495453302058,57.33339309692383,5347.0,47.51734619466599,0.0096057133539334,7.24839921022131,0.1216181568196493,0.6593990799053714,0,0,8.571419789848761,17.142839579697522,112.4893670698766,131.89822203865867,131.89822203865867,131.89822203865867,131.89822203865867,11.907859582853357,11.907859582853357,93.08051210109451,,0.9924754448580274,27.65230753940506,24.9181058919918,24.9181058919918,111.64293462447372
2026-01-02 05:00:00,NODE_05,2026-01-02,27.7,88.8,6.238062074052847,23.184057903059223,57.33339309692383,5347.0,47.51734619466599,0.004720347670208,12.423970411512617,0.0650459577371406,0.4068641075392998,0,0,8.571419789848761,17.142839579697522,114.79082977211824,138.1362841127115,138.1362841127115,138.1362841127115,138.1362841127115,11.907859582853357,11.907859582853357,91.44537543152497,,0.9928128021646034,29.74252348254715,25.078919811676982,25.078919811676982,113.96580536885668
2026-01-02 06:00:00,NODE_05,2026-01-02,27.7,88.8,6.549450144209166,79.19384100805132,57.33339309692383,5347.0,47.51734619466599,0.0180095639050803,1.1836213410964604,0.974872533431243,0.2619755642785175,0,0,8.571419789848761,17.142839579697522,118.84750408826936,144.68573425692068,144.68573425692068,144.68573425692068,144.68573425692068,11.907859582853357,11.907859582853357,93.00927391961808,,0.9931359099427232,31.83059510437424,25.29671578886076,25.29671578886076,118.03172411712492
2026-01-02 07:00:00,NODE_05,2026-01-02,27.7,88.8,3.6230026942610314,83.786401722027,57.33339309692383,5347.0,47.51734619466599,0.0079115434826643,1.4782521651232443,0.6811725504395049,0.9794507631128238,0,0,8.571419789848761,17.142839579697522,119.80612163207329,148.30873695118171,148.30873695118171,148.30873695118171,148.30873695118171,11.907859582853357,11.907859582853357,91.30350631296484,,0.99330246829208,30.67900853297913,25.464912437114464,25.464912437114464,119.00371633363956
2026-01-02 08:00:00,NODE_05,2026-01-02,27.7,88.8,2.004906112636496,77.44391753933257,57.33339309692383,5347.0,47.51734619466599,0.1067843704706686,8.190830792736934,0.4174560710937415,0.7972395750228002,0,0,8.571419789848761,17.142839579697522,115.6078984487169,150.3136430638182,150.3136430638182,150.3136430638182,150.3136430638182,11.907859582853357,11.907859582853357,80.90215383361559,,0.9933912106023496,28.08206336566876,25.54422004101005,25.54422004101005,114.84387019516438
2026-01-02 09:00:00,NODE_05,2026-01-02,27.7,88.8,1.430894796356775,28.95649586438354,57.33339309692383,5347.0,47.51734619466599,0.0580839115661615,17.05758762327709,0.7017310407557849,0.3017792231362765,0,0,8.571419789848761,17.142839579697522,110.12143803824748,151.74453786017497,151.74453786017497,151.74453786017497,151.74453786017497,11.907859582853357,11.907859582853357,68.49833821631998,,0.993453121047671,25.30064865717522,25.53705617677961,25.53705617677961,109.40048631335468
2026-01-02 10:00:00,NODE_05,2026-01-02,27.7,88.8,5.178860212530892,89.85405940886014,57.33339309692383,5347.0,47.51734619466599,0.00194045002274,2.590125170065106,0.7563317864801591,0.8475647962784947,0,0,8.571419789848761,17.142839579697522,114.1460479141434,156.92339807270588,156.92339807270588,156.92339807270588,156.92339807270588,11.907859582853357,11.907859582853357,71.36869775558091,,0.993667816091827,26.68441157112983,25.56983775947533,25.56983775947533,113.42325414635992
2026-01-02 11:00:00,NODE_05,2026-01-02,27.7,88.8,0.7244090656994483,38.100895508694165,57.33339309692383,5347.0,47.51734619466599,0.0065119541924769,1.6937126166916785,0.7799622023887793,0.7589319486146815,0,0,8.571419789848761,17.142839579697522,111.08104570461452,157.6478071384053,157.6478071384053,157.6478071384053,157.6478071384053,11.907859582853357,11.907859582853357,64.51428427082371,,0.9936967297686782,23.4061589011598,25.50973556896657,25.50973556896657,110.38087185596052
2026-01-02 12:00:00,NODE_05,2026-01-02,27.7,88.8,10.41481537670876,70.6943438965859,57.33339309692383,5347.0,47.51734619466599,0.0881809603875395,11.466548436968395,0.4778773056530576,0.2970805498779983,0,0,8.571419789848761,17.142839579697522,114.72617040270644,168.06262251511407,168.06262251511407,168.06262251511407,168.06262251511407,11.907859582853357,11.907859582853357,61.3897182902988,,0.9940850320128533,30.310050442694592,25.639473808797053,25.639473808797053,114.04756877748646
2026-01-02 13:00:00,NODE_05,2026-01-02,27.7,88.8,1.4543595207470383,83.56244134350051,57.33339309692383,5347.0,47.51734619466599,0.0431543893002623,11.10930501170084,0.429882758124848,0.4265528542416397,0,0,8.571419789848761,17.142839579697522,104.27267034060011,169.5169820358611,169.5169820358611,169.5169820358611,169.5169820358611,11.907859582853357,11.907859582853357,39.02835864533914,,0.9941354814748616,27.21790239703744,25.68101140322443,25.68101140322443,103.66116133372203
2026-01-02 14:00:00,NODE_05,2026-01-02,27.7,88.8,7.646142508641633,36.49809800314966,57.33339309692383,5347.0,47.51734619466599,-0.0614501430247223,0.2090478848360536,0.0110280842689003,0.1859534453910266,0,0,8.571419789848761,17.142839579697522,102.28874457285583,177.16312454450275,177.16312454450275,177.16312454450275,177.16312454450275,11.907859582853357,11.907859582853357,27.41436460120892,,0.9943871662412936,30.78135954612345,25.811789560734663,25.811789560734663,101.71461485418162
2026-01-02 15:00:00,NODE_05,2026-01-02,27.7,88.8,6.3952826697415865,83.57809882739463,57.33339309692383,5347.0,47.51734619466599,0.0474474111403548,0.5041471626561768,0.926557115141838,0.1110524443781093,0,0,8.571419789848761,17.142839579697522,108.04441572054614,183.55840721424437,183.55840721424437,183.55840721424437,183.55840721424437,11.907859582853357,11.907859582853357,32.53042422684794,,0.9945816610844548,32.55943828394652,25.98048077881496,25.98048077881496,107.45899445824014
2026-01-02 16:00:00,NODE_05,2026-01-02,27.7,88.8,4.6409451949132166,41.66371054364069,57.33339309692383,5347.0,47.51734619466599,0.0621400541029971,1.4328879424547991,0.6033078783889431,0.7227620328396968,0,0,8.571419789848761,17.142839579697522,109.27639170465538,188.19935240915757,188.19935240915757,188.19935240915757,188.19935240915757,11.907859582853357,11.907859582853357,30.353431000153208,,0.994714569646954,32.31646773626776,26.135017046069905,26.135017046069905,108.69881894706826
2026-01-02 17:00:00,NODE_05,2026-01-02,27.7,88.8,8.115368675681742,88.34892556688393,57.33339309692383,5347.0,47.51734619466599,0.0808858537887892,8.457358538534319,0.2031539371899681,0.2675118573538666,0,0,8.571419789848761,17.142839579697522,116.77272621306176,196.3147210848393,196.3147210848393,196.3147210848393,196.3147210848393,11.907859582853357,11.907859582853357,37.230731341284255,,0.994931954420319,35.58436625150934,26.36000155096132,26.36000155096132,116.18091671415036
2026-01-02 18:00:00,NODE_05,2026-01-02,27.7,88.8,1.1788794665268836,39.68820142663322,57.33339309692383,5347.0,47.51734619466599,-0.0200745840803744,4.54602069989007,0.9196034194214366,0.8200593657462536,0,0,8.571419789848761,17.142839579697522,106.7210592645263,197.49360055136617,197.49360055136617,197.49360055136617,197.49360055136617,11.907859582853357,11.907859582853357,15.948517977686436,,0.9949620542061696,31.42559078030982,26.477805951643845,26.477805951643845,106.18340435289149
2026-01-02 19:00:00,NODE_05,2026-01-02,27.7,88.8,7.712866414736849,86.74050773304846,57.33339309692383,5347.0,47.51734619466599,-0.0237225247734483,5.748961857162044,0.9149319017702964,0.995608711514426,0,0,8.571419789848761,17.142839579697522,110.21617790718204,205.20646696610305,205.20646696610305,205.20646696610305,205.20646696610305,11.907859582853357,11.907859582853357,15.225888848261036,,0.9951504915693824,34.42461857800019,26.65841532951558,26.65841532951558,109.68168362323068
2026-01-02 20:00:00,NODE_05,2026-01-02,27.7,88.8,7.465882483046018,23.74812556248724,57.33339309692383,5347.0,47.51734619466599,-0.0470907510723665,14.194592557729852,0.989184164366096,0.0766198139296486,0,0,8.571419789848761,17.142839579697522,110.79114152107012,212.67234944914904,212.67234944914904,212.67234944914904,212.67234944914904,11.907859582853357,11.907859582853357,8.909933592991194,,0.995319937265734,36.72680827434618,26.882157394956263,26.882157394956263,110.27263202835056
2026-01-02 21:00:00,NODE_05,2026-01-02,27.7,88.8,7.490517320470846,69.64904081688691,57.33339309692383,5347.0,47.51734619466599,0.0154063732168066,2.323308604327708,0.8740565631389788,0.4730351250837002,0,0,8.571419789848761,17.142839579697522,116.98234383790324,220.16286676961988,220.16286676961988,220.16286676961988,220.16286676961988,11.907859582853357,11.907859582853357,13.801820906186592,,0.995478445298678,38.7083043536651,27.139247546232536,27.139247546232536,116.45340177115132
2026-01-02 22:00:00,NODE_05,2026-01-02,27.7,88.8,5.419014985921776,57.24777936859026,57.33339309692383,5347.0,47.51734619466599,0.0366433791227849,6.299810428912334,0.9977843878200648,0.8020625593108031,0,0,8.571419789848761,17.142839579697522,120.58586616209332,225.58188175554167,225.58188175554167,225.58188175554167,225.58188175554167,11.907859582853357,11.907859582853357,15.589850568644962,,0.9955865844512718,38.32107368653711,27.377158740707102,27.377158740707102,120.05367062541669
2026-01-02 23:00:00,NODE_05,2026-01-02,27.7,88.8,1.1322152860234944,53.451395398591146,57.33339309692383,5347.0,47.51734619466599,-0.0256664593338752,8.673791956638924,0.2446861881232725,0.7889508965412335,0,0,8.571419789848761,17.142839579697522,116.96456877297146,226.7140970415652,226.7140970415652,226.7140970415652,226.7140970415652,11.907859582853357,11.907859582853357,7.215040504377768,,0.9956085283564264,33.70512791958004,27.508991431933623,27.508991431933623,116.45092218590214
2026-01-03 00:00:00,NODE_05,2026-01-03,27.7,88.8,2.4394817175289623,35.6446019979088,57.33339309692383,5347.0,47.51734619466599,-0.007090764883458,2.957783098077164,0.8422495851992341,0.7599971583309685,0,0,8.571419789848761,17.142839579697522,110.34743938323088,229.15357875909413,229.15357875909413,229.15357875909413,229.15357875909413,11.907859582853357,11.907859582853357,-5.650590404302108,,0.995655075165932,31.088840449171997,27.58204957514257,27.58204957514257,109.8679880534789
2026-01-03 01:00:00,NODE_05,2026-01-03,27.7,88.8,8.330096353830786,69.39170528435443,57.33339309692383,5347.0,47.51734619466599,-0.1026858897809532,1.6109137566709684,0.8230283087957645,0.3489949353019109,0,0,8.571419789848761,17.142839579697522,118.34065412912076,237.4836751129249,237.4836751129249,237.4836751129249,237.4836751129249,11.907859582853357,11.907859582853357,6.014174018466164,,0.9958068408685564,34.75561073562698,27.72552079835226,27.72552079835226,117.84443293463822
2026-01-03 02:00:00,NODE_05,2026-01-03,27.7,88.8,2.505558452182769,33.356664401241495,57.33339309692383,5347.0,47.51734619466599,0.0754724525201325,10.956287543584915,0.2309403592207337,0.4538532556850523,0,0,8.571419789848761,17.142839579697522,112.59076387869092,239.98923356510767,239.98923356510767,239.98923356510767,239.98923356510767,11.907859582853357,11.907859582853357,-5.4934154846144025,,0.9958504370290476,32.0478275774657,27.81027191166821,27.81027191166821,112.12356141402864
2026-01-03 03:00:00,NODE_05,2026-01-03,27.7,88.8,1.1569229483062564,58.69892571893378,57.33339309692383,5347.0,47.51734619466599,-0.0782488185750048,6.061986010122826,0.0984375490009907,0.5949683573414702,0,0,8.571419789848761,17.142839579697522,109.4904389269423,241.14615651341396,241.14615651341396,241.14615651341396,241.14615651341396,11.907859582853357,11.907859582853357,-9.310767758713922,,0.9958702627603152,28.397576389152103,27.8215662285429,27.8215662285429,109.03827218391628
2026-01-03 04:00:00,NODE_05,2026-01-03,27.7,88.8,16.505797620894825,37.72717541281756,57.33339309692383,5347.0,47.51734619466599,0.0187389876096402,0.831367018941088,0.9794205136775996,0.9739405835732572,0,0,8.571419789848761,17.142839579697522,125.7537320956501,257.6519541343088,257.6519541343088,257.6519541343088,257.6519541343088,16.505797620894825,16.505797620894825,13.2643650257735,,0.9961338007155331,40.64373755167411,28.063493989356694,28.063493989356694,125.26754310660289
2026-01-03 05:00:00,NODE_05,2026-01-03,27.7,88.8,0.3901391821622781,86.89349658469493,57.33339309692383,5347.0,47.51734619466599,0.0119127416686173,14.200371901796416,0.2960245515206103,0.3275472709384929,0,0,8.571419789848761,17.142839579697522,119.90580920375952,258.04209331647104,258.04209331647104,258.04209331647104,258.04209331647104,16.505797620894825,16.505797620894825,5.114979431641302,,0.9961396235368656,34.93731610108527,28.190786991425743,28.190786991425743,119.44292764011624
2026-01-03 06:00:00,NODE_05,2026-01-03,27.7,88.8,2.1173279712149218,22.00418356849569,57.33339309692383,5347.0,47.51734619466599,0.0022903984265798,6.825373998319168,0.8708917904678061,0.9231438877168576,0,0,8.571419789848761,17.142839579697522,115.47368703076528,260.159421287686,260.159421287686,260.159421287686,260.159421287686,16.505797620894825,16.505797620894825,-3.373817057504098,,0.9961709212132982,31.814046657137403,28.25666443989323,28.25666443989323,115.03152918533353
2026-01-03 07:00:00,NODE_05,2026-01-03,27.7,88.8,6.040422094307766,33.98097960778656,57.33339309692383,5347.0,47.51734619466599,0.0034398439169844,9.285537679964872,0.0041271546746038,0.2693569181804941,0,0,8.571419789848761,17.142839579697522,117.89110643081204,266.19984338199373,266.19984338199373,266.19984338199373,266.19984338199373,16.505797620894825,16.505797620894825,-1.915015201261241,,0.9962574828362816,33.08236175287456,28.342837606196465,28.342837606196465,117.44989694154496
2026-01-03 08:00:00,NODE_05,2026-01-03,27.7,88.8,17.601330024104424,36.96174244712134,57.33339309692383,5347.0,47.51734619466599,-0.0505890587861417,5.200804015933669,0.0210248072196022,0.9890744654737046,0,0,8.571419789848761,17.142839579697522,133.48753034227994,283.80117340609814,283.80117340609814,283.80117340609814,283.80117340609814,17.601330024104424,17.601330024104424,17.879631893563044,,0.9964887785115474,45.7213375140478,28.647723569492104,28.647723569492104,133.01882605730165
2026-01-03 09:00:00,NODE_05,2026-01-03,27.7,88.8,2.8352790463838877,48.98474780374715,57.33339309692383,5347.0,47.51734619466599,-0.0164032602097247,2.1723821256922173,0.4658713086963684,0.6702636868275917,0,0,8.571419789848761,17.142839579697522,134.89191459230707,286.63645245248205,286.63645245248205,286.63645245248205,286.63645245248205,17.601330024104424,17.601330024104424,24.7704765540596,,0.9965233891898136,41.69841593332452,28.87273550679956,28.87273550679956,134.4229479038287
2026-01-03 10:00:00,NODE_05,2026-01-03,27.7,88.8,2.5621724547201463,36.29111693090375,57.33339309692383,5347.0,47.51734619466599,0.0484475326126085,5.579781802856572,0.2387146839350635,0.4635114803585509,1,0,8.571419789848761,17.142839579697522,132.2752268344963,289.1986249072022,289.1986249072022,289.1986249072022,289.1986249072022,17.601330024104424,17.601330024104424,18.1291789203529,,0.9965540842920266,38.00582599804599,29.02753365071899,29.02753365071899,131.81941755257157
2026-01-03 11:00:00,NODE_05,2026-01-03,27.7,88.8,3.2833298885908224,54.39443631881497,57.33339309692383,5347.0,47.51734619466599,0.0632577750218318,12.108010131524097,0.6898412834359643,0.6133904280636049,0,0,8.571419789848761,17.142839579697522,134.8341476573877,292.481954795793,292.481954795793,292.481954795793,292.481954795793,17.601330024104424,17.601330024104424,23.75310195277318,,0.9965926354801072,35.58828198692991,29.136879456322504,29.136879456322504,134.3747185665899
2026-01-03 12:00:00,NODE_05,2026-01-03,27.7,88.8,1.1840988256806515,81.07258662809772,57.33339309692383,5347.0,47.51734619466599,-0.021045046928747,3.5732193454272085,0.5655643255679543,0.2725311690402068,0,0,8.571419789848761,17.142839579697522,125.6034311063596,293.6660536214737,293.6660536214737,293.6660536214737,293.6660536214737,17.601330024104424,17.601330024104424,10.877260703653164,,0.9966063277811952,31.434138514571075,29.174539440883954,29.174539440883954,125.1771742316274
2026-01-03 13:00:00,NODE_05,2026-01-03,27.7,88.8,0.7942690567444756,69.84443949864196,57.33339309692383,5347.0,47.51734619466599,-0.0780209765238456,1.6184102011770336,0.0774857974504914,0.2741738575114666,0,0,8.571419789848761,17.142839579697522,124.943340642357,294.4603226782181,294.4603226782181,294.4603226782181,294.4603226782181,17.601330024104424,17.601330024104424,20.67067030175689,,0.9966154507957772,27.51328679412989,29.147745043355663,29.147745043355663,124.52046375821295
2026-01-03 14:00:00,NODE_05,2026-01-03,27.7,88.8,7.667145680105531,60.597338637457774,57.33339309692383,5347.0,47.51734619466599,-0.0389336925648523,27.00319416661669,0.162628296315717,0.1135545438434938,0,0,8.571419789848761,17.142839579697522,124.96434381382092,302.12746835832365,302.12746835832365,302.12746835832365,302.12746835832365,17.601330024104424,17.601330024104424,22.675599240965084,,0.996701057791246,31.05343945511593,29.17799416100265,29.17799416100265,124.55209366542428
2026-01-03 15:00:00,NODE_05,2026-01-03,27.7,88.8,3.7906721555356793,26.230222458787576,57.33339309692383,5347.0,47.51734619466599,0.0926348547426441,5.461865346322943,0.3880492700584143,0.1140502977053987,0,0,8.571419789848761,17.142839579697522,122.359733299615,305.9181405138593,305.9181405138593,305.9181405138593,305.9181405138593,17.601330024104424,17.601330024104424,14.31531757906886,,0.9967418022332412,30.18609569238422,29.19374574743049,29.19374574743049,121.961061089837
2026-01-03 16:00:00,NODE_05,2026-01-03,27.7,88.8,0.3351906088265381,68.57944758724929,57.33339309692383,5347.0,47.51734619466599,-0.0359572244993613,5.520064531068633,0.1856040639554331,0.3476717414689113,0,0,8.571419789848761,17.142839579697522,118.05397871352832,306.2533311226859,306.2533311226859,306.2533311226859,306.2533311226859,17.601330024104424,17.601330024104424,8.777587008872942,,0.996745356685488,25.99337194735313,29.1445092274293,29.1445092274293,117.6697551209568
2026-01-03 17:00:00,NODE_05,2026-01-03,27.7,88.8,1.11187211062144,31.64899990176579,57.33339309692383,5347.0,47.51734619466599,-0.0048601835129889,3.750237390362532,0.7922223472439286,0.7628554778963716,0,0,8.571419789848761,17.142839579697522,111.05048214846803,307.36520323330734,307.36520323330734,307.36520323330734,307.36520323330734,17.601330024104424,17.601330024104424,-5.722244064593738,,0.9967570919496924,23.2062382658716,29.054535424981456,29.054535424981456,110.69035564591825
2026-01-03 18:00:00,NODE_05,2026-01-03,27.7,88.8,11.48709816994399,75.04571701731886,57.33339309692383,5347.0,47.51734619466599,0.0707956181009912,6.23793983321758,0.41607023555328,0.6079711675981625,0,0,8.571419789848761,17.142839579697522,121.35870085188516,318.8523014032513,318.8523014032513,318.8523014032513,318.8523014032513,17.601330024104424,17.601330024104424,14.637641587358845,,0.9968735569648466,31.212400695934846,29.086742369324043,29.086742369324043,120.9792797868515
2026-01-03 19:00:00,NODE_05,2026-01-03,27.7,88.8,9.46191360908391,37.50397309571072,57.33339309692383,5347.0,47.51734619466599,-0.0263448002668554,9.272004620192034,0.0934318668424992,0.1025845603310208,0,0,8.571419789848761,17.142839579697522,123.1077480462322,328.31421501233524,328.31421501233524,328.31421501233524,328.31421501233524,17.601330024104424,17.601330024104424,12.891570139050174,,0.9969633864728172,35.99245420062853,29.188296955078524,29.188296955078524,122.733917393214
2026-01-03 20:00:00,NODE_05,2026-01-03,27.7,88.8,1.5081890637429192,49.19341098246306,57.33339309692383,5347.0,47.51734619466599,-0.0082767694823838,7.7573994546405425,0.4843429022721248,0.852236524975911,0,0,8.571419789848761,17.142839579697522,117.1500546269291,329.82240407607816,329.82240407607816,329.82240407607816,329.82240407607816,17.601330024104424,17.601330024104424,6.3589131058589885,,0.9969772301159808,32.10177513427717,29.230521276516185,29.230521276516185,116.79593696989164
2026-01-03 21:00:00,NODE_05,2026-01-03,27.7,88.8,5.2908790006974,44.53291416225496,57.33339309692383,5347.0,47.51734619466599,0.0397249145378155,11.185035444719848,0.0908381810614141,0.6013676269900664,0,0,8.571419789848761,17.142839579697522,114.95041630715563,335.1132830767756,335.1132830767756,335.1132830767756,335.1132830767756,17.601330024104424,17.601330024104424,-2.031927530747595,,0.9970248126142292,32.57738786483299,29.27833365634928,29.27833365634928,114.6084172785695
2026-01-03 22:00:00,NODE_05,2026-01-03,27.7,88.8,0.5954163427185396,80.11697402723998,57.33339309692383,5347.0,47.51734619466599,0.0855903433764752,5.5697782425843165,0.1289373054198171,0.9608555767847796,0,0,8.571419789848761,17.142839579697522,110.12681766395242,335.70869941949405,335.70869941949405,335.70869941949405,335.70869941949405,17.601330024104424,17.601330024104424,-10.459048498140888,,0.9970300737648772,28.286196027826584,29.264359886933462,29.264359886933462,109.79974913898168
2026-01-03 23:00:00,NODE_05,2026-01-03,27.7,88.8,2.1389938889495173,28.85811210993857,57.33339309692383,5347.0,47.51734619466599,-0.0322775932347489,3.574709587797338,0.2396098320282053,0.6701854674112075,0,0,8.571419789848761,17.142839579697522,111.13359626687844,337.8476933084436,337.8476933084436,337.8476933084436,337.8476933084436,17.601330024104424,17.601330024104424,-5.830972506093019,,0.9970488215804684,26.182260512602117,29.221552951178865,29.221552951178865,110.80562119589068
2026-01-04 00:00:00,NODE_05,2026-01-04,27.7,88.8,4.554198685437775,59.5951417669352,57.33339309692383,5347.0,47.51734619466599,0.0696047622060591,11.35193472303372,0.8595277052474898,0.175174863704181,0,0,8.571419789848761,17.142839579697522,113.24831323478725,339.5937824055511,342.4018919938813,342.4018919938813,342.4018919938813,17.601330024104424,17.601330024104424,2.900873851556355,110.44020364645702,0.997087960132678,26.80912012114957,29.18850592610997,29.18850592610997,112.91852963174055
2026-01-04 01:00:00,NODE_05,2026-01-04,27.7,88.8,2.199529801695478,29.94431266101436,57.33339309692383,5347.0,47.51734619466599,-0.014076435493216,13.043391083413152,0.924612532332972,0.4737833623078222,0,0,8.571419789848761,17.142839579697522,107.11774668265194,337.7848809224273,344.60142179557687,344.60142179557687,344.60142179557687,17.601330024104424,17.601330024104424,-11.222907446468824,100.3012058095024,0.997106493385344,24.987281904672614,29.13173262852298,29.13173262852298,106.80780077407864
2026-01-04 02:00:00,NODE_05,2026-01-04,27.7,88.8,3.2197234196605966,69.33570852925307,57.33339309692383,5347.0,47.51734619466599,-0.0442964352732469,3.5157863088007124,0.8262577293320691,0.6484975975472042,0,0,8.571419789848761,17.142839579697522,107.83191165012975,338.506854892126,347.82114521523744,347.82114521523744,347.82114521523744,17.601330024104424,17.601330024104424,-4.758852228561139,98.5176213270183,0.997133201316156,24.45891303863232,29.069428367324434,29.069428367324434,107.5227792677348
2026-01-04 03:00:00,NODE_05,2026-01-04,27.7,88.8,1.7090133790171111,83.35546894561368,57.33339309692383,5347.0,47.51734619466599,0.0124778215153778,1.6570784282561852,0.3340772174178472,0.0282647010499776,0,0,8.571419789848761,17.142839579697522,108.38400208084065,336.67564769343915,349.53015859425454,349.53015859425454,349.53015859425454,17.601330024104424,17.601330024104424,-1.1064368461016727,95.52949118002525,0.9971471784225062,22.49908946185458,28.98297653962089,28.98297653962089,108.07480186104928
2026-01-04 04:00:00,NODE_05,2026-01-04,27.7,88.8,0.6248656239980857,50.42253577070774,57.33339309692383,5347.0,47.51734619466599,-0.0578784028884298,4.620407260184376,0.2724464411088316,0.0149102641548078,0,0,8.571419789848761,17.142839579697522,92.50307008394388,330.7461692494706,350.15502421825266,350.15502421825266,350.15502421825266,17.601330024104424,17.601330024104424,-33.25066201170621,73.0942151151618,0.997152254898741,19.74909166657448,28.86305595685405,28.86305595685405,92.23964491926093
2026-01-04 05:00:00,NODE_05,2026-01-04,27.7,88.8,9.634947432903024,54.16645821854832,57.33339309692383,5347.0,47.51734619466599,0.023600571573144,1.8841077980682184,0.5491556907902392,0.1294030005985679,0,0,8.571419789848761,17.142839579697522,101.74787833468464,336.4445173105624,359.78997165115567,359.78997165115567,359.78997165115567,17.601330024104424,17.601330024104424,-18.157930869074903,78.40242399409135,0.9972283043361114,26.42167534949133,28.831756205477607,28.831756205477607,101.46586418149452
2026-01-04 06:00:00,NODE_05,2026-01-04,27.7,88.8,0.2508463627188498,84.91959855379336,57.33339309692383,5347.0,47.51734619466599,0.1574824005567271,4.185749152661175,0.7218531605331123,0.2516644350454707,0,0,8.571419789848761,17.142839579697522,99.88139672618856,334.2025878452232,360.0408180138745,360.0408180138745,360.0408180138745,17.601330024104424,17.601330024104424,-15.59229030457672,74.04316655753725,0.9972302300734274,22.70927040978648,28.754256385278985,28.754256385278985,99.6047482373123
2026-01-04 07:00:00,NODE_05,2026-01-04,27.7,88.8,5.962380227537107,56.46939720545499,57.33339309692383,5347.0,47.51734619466599,0.0552800407626846,6.67792751403561,0.9933727881601748,0.4295491235206755,0,0,8.571419789848761,17.142839579697522,99.8033548594179,337.5005829223032,366.0031982414116,366.0031982414116,366.0031982414116,17.601330024104424,17.601330024104424,-18.087751571394136,71.30073954030946,0.9972752281048456,25.26526007585561,28.71064393141119,28.71064393141119,99.53141348305483
2026-01-04 08:00:00,NODE_05,2026-01-04,27.7,88.8,2.8695209337678205,54.131890663469264,57.33339309692383,5347.0,47.51734619466599,-0.0052449818895061,1.5979070941320717,0.1315707118789262,0.4874404737597884,0,0,8.571419789848761,17.142839579697522,85.07154576908128,334.16697456007813,368.8727191751794,368.8727191751794,368.8727191751794,17.601330024104424,17.601330024104424,-48.41598457319866,50.36580115397998,0.9972963672416012,24.34499199824509,28.656746993964692,28.656746993964692,84.84154355113238
2026-01-04 09:00:00,NODE_05,2026-01-04,27.7,88.8,9.764733981076953,60.48303718930129,57.33339309692383,5347.0,47.51734619466599,0.0526100953837216,4.486914174220439,0.0492919990238044,0.1380276089378967,0,0,8.571419789848761,17.142839579697522,92.00100070377437,337.0143533343289,378.6374531562564,378.6374531562564,378.6374531562564,17.601330024104424,17.601330024104424,-42.89091388853271,50.37790088184687,0.9973659079427328,30.45797717958528,28.678713215740554,28.678713215740554,91.75866159855994
2026-01-04 10:00:00,NODE_05,2026-01-04,27.7,88.8,2.925366513488225,68.24608154540664,57.33339309692383,5347.0,47.51734619466599,-0.0465760864308632,4.813020635095969,0.694355888995271,0.6733915791158308,0,0,8.571419789848761,17.142839579697522,92.36419476254244,338.78546951118216,381.5628196697446,381.5628196697446,381.5628196697446,17.601330024104424,17.601330024104424,-39.911032071953855,49.58684460397996,0.9973860502155876,28.81464711613571,28.680350973576644,28.680350973576644,92.12275939555543
2026-01-04 11:00:00,NODE_05,2026-01-04,27.7,88.8,4.043269533784299,27.4818362560922,57.33339309692383,5347.0,47.51734619466599,-0.0381837318001085,9.661598932398114,0.8322257835039055,0.5961380616965348,0,0,8.571419789848761,17.142839579697522,93.12413440773592,339.0393277697381,385.60608920352894,385.60608920352894,385.60608920352894,17.601330024104424,17.601330024104424,-41.710013249651766,46.55737297394513,0.9974133878696526,28.53571958249965,28.67862917130192,28.67862917130192,92.88325839204876
2026-01-04 12:00:00,NODE_05,2026-01-04,27.7,88.8,3.0895251850225547,77.47773694190613,57.33339309692383,5347.0,47.51734619466599,-0.0038582387605632,13.450941724237206,0.8463487798664232,0.2944640988411602,0,0,8.571419789848761,17.142839579697522,95.0295607670778,335.3591622761438,388.69561438855146,388.69561438855146,388.69561438855146,17.601330024104424,17.601330024104424,-30.573870339281783,41.693108654670176,0.997433894652448,27.34488683014726,28.662938084935394,28.662938084935394,94.7857049030179
2026-01-04 13:00:00,NODE_05,2026-01-04,27.7,88.8,5.713878682147079,50.48535192172815,57.33339309692383,5347.0,47.51734619466599,0.0043890599924918,3.474422161240613,0.6784635490771607,0.013659883435292,0,0,8.571419789848761,17.142839579697522,99.94917039248044,329.1651813754376,394.40949307069855,394.40949307069855,394.40949307069855,17.601330024104424,17.601330024104424,-24.99417024987659,34.70485869721944,0.9974709762473476,28.95703248777225,28.66635778729396,28.66635778729396,99.69639656649996
2026-01-04 14:00:00,NODE_05,2026-01-04,27.7,88.8,1.1573047062011554,25.064395692823982,57.33339309692383,5347.0,47.51734619466599,-0.0646651409604883,19.67442425791804,0.9540158041191872,0.0776479153532907,0,0,8.571419789848761,17.142839579697522,93.43932941857604,320.6924178052528,395.5667977768997,395.5667977768997,395.5667977768997,17.601330024104424,17.601330024104424,-31.52501439524488,18.56494944692912,0.997478356721728,25.77078232080757,28.63307531066768,28.63307531066768,93.20370876162144
2026-01-04 15:00:00,NODE_05,2026-01-04,27.7,88.8,2.0806248893829364,75.03278684387492,57.33339309692383,5347.0,47.51734619466599,-0.0153238746055215,8.404242953545095,0.5110047635445869,0.3916947755108394,0,0,8.571419789848761,17.142839579697522,91.72928215242332,322.13343117258444,397.6474226662826,397.6474226662826,397.6474226662826,17.601330024104424,17.601330024104424,-30.63045114719169,16.21529065872511,0.9974915177092788,23.985789862069367,28.58026524875179,28.58026524875179,91.4991808726034
2026-01-04 16:00:00,NODE_05,2026-01-04,27.7,88.8,9.345683694114449,46.38649801803905,57.33339309692383,5347.0,47.51734619466599,-0.0072294358493027,3.185334198669173,0.9138147983362124,0.1539743511656839,0,0,8.571419789848761,17.142839579697522,100.7397752377112,328.07014565589486,406.99310636039706,406.99310636039706,406.99310636039706,17.601330024104424,17.601330024104424,-17.31420347581711,21.81681453320904,0.9975489781949486,29.73360507687341,28.593224123225067,28.593224123225067,100.4928598519676
2026-01-04 17:00:00,NODE_05,2026-01-04,27.7,88.8,6.23007382854215,27.02572465665377,57.33339309692383,5347.0,47.51734619466599,0.0770986173919317,3.408494434436135,0.967812136991523,0.3768196061479708,0,0,8.571419789848761,17.142839579697522,105.85797695563193,333.6811853171617,413.2231801889392,413.2231801889392,413.2231801889392,17.601330024104424,17.601330024104424,-5.192505192836123,26.315982083854397,0.997585842493064,31.503638143884547,28.62556205678795,28.62556205678795,105.60241912589542
2026-01-04 18:00:00,NODE_05,2026-01-04,27.7,88.8,4.584258732142,64.36453276802754,57.33339309692383,5347.0,47.51734619466599,-0.0646672758167415,3.0851363768823057,0.8471574570031077,0.6281826045103551,0,1,8.571419789848761,17.142839579697522,98.95513751782993,327.03489763424136,417.80743892108126,417.80743892108126,417.80743892108126,17.601330024104424,17.601330024104424,-22.40356333405522,8.182596230990058,0.9976122678179352,31.362351154443864,28.655636662256697,28.655636662256697,98.71885915139796
2026-01-04 19:00:00,NODE_05,2026-01-04,27.7,88.8,4.056217468723805,81.60919474035492,57.33339309692383,5347.0,47.51734619466599,-0.0693024270292786,2.8824269399948,0.3097585632586206,0.5472374278792835,0,0,8.571419789848761,17.142839579697522,93.54944137746982,326.87336733088404,421.863656389805,421.863656389805,421.863656389805,17.601330024104424,17.601330024104424,-29.558306668762384,-1.4408476814511744,0.9976351715620644,30.71421595000109,28.678012524080007,28.678012524080007,93.3282129981474
2026-01-04 20:00:00,NODE_05,2026-01-04,27.7,88.8,2.434972038880129,82.14274565897904,57.33339309692383,5347.0,47.51734619466599,0.0087854471302283,12.008108679492215,0.1962156511702952,0.2311758831373942,0,0,8.571419789848761,17.142839579697522,94.47622435260703,322.4174205006062,424.2986284286852,424.2986284286852,424.2986284286852,17.601330024104424,17.601330024104424,-22.67383027432207,-7.404983575471888,0.9976487109688206,28.54205559638105,28.67655062163163,28.67655062163163,94.2540834425795
2026-01-04 21:00:00,NODE_05,2026-01-04,27.7,88.8,2.777653459649014,87.03644323662812,57.33339309692383,5347.0,47.51734619466599,0.0575438301363696,9.091316571236328,0.5481200649818184,0.3438224912587524,0,0,8.571419789848761,17.142839579697522,91.96299881155863,323.8957589566175,427.07628188833417,427.07628188833417,427.07628188833417,17.601330024104424,17.601330024104424,-22.987417495597,-11.217524120158004,0.997663967749886,27.03840071657291,28.659123494982065,28.659123494982065,91.74817028051766
2026-01-04 22:00:00,NODE_05,2026-01-04,27.7,88.8,4.567786485098447,80.73938218366816,57.33339309692383,5347.0,47.51734619466599,0.0275796507020257,3.747667917384384,0.4530147503801884,0.6140311984486506,0,0,8.571419789848761,17.142839579697522,95.93536895393856,326.64805277998425,431.6440683734326,431.6440683734326,431.6440683734326,17.601330024104424,17.601330024104424,-14.191448710013873,-9.060646639509798,0.9976886312026428,27.550427094185416,28.64745300655263,28.64745300655263,95.71362693557548
2026-01-04 23:00:00,NODE_05,2026-01-04,27.7,88.8,6.622994127431328,20.149864354183265,57.33339309692383,5347.0,47.51734619466599,0.0151338446711486,2.340653825884764,0.877758342192733,0.8608550280434487,0,0,8.571419789848761,17.142839579697522,100.41936919242036,328.5175342322703,438.267062500864,438.267062500864,438.267062500864,17.601330024104424,17.601330024104424,-10.71422707445808,-9.33015907617333,0.9977234805762428,30.04085715748893,28.661967633124885,28.661967633124885,100.19076254793237
2026-01-05 00:00:00,NODE_05,2026-01-05,27.7,88.8,4.56193572600354,46.61688164893731,57.33339309692383,5347.0,47.51734619466599,-0.0144304015000765,10.947370372232518,0.1000316710671537,0.7532134387388773,0,0,8.571419789848761,17.142839579697522,100.42710623298616,324.0228588510043,442.8289982268675,442.8289982268675,442.8289982268675,17.601330024104424,17.601330024104424,-12.8212070018011,-15.570923554546852,0.9977468799830675,30.09666430986913,28.676758320514,28.676758320514,100.20083190969
2026-01-05 01:00:00,NODE_05,2026-01-05,27.7,88.8,6.499117116611959,77.29798059338522,57.33339309692383,5347.0,47.51734619466599,0.0338052464647415,5.393736887829687,0.2577400613115186,0.5534000268334149,0,0,8.571419789848761,17.142839579697522,104.7266935479026,330.1850943596753,449.32811534347945,449.32811534347945,449.32811534347945,17.601330024104424,17.601330024104424,-2.391053134749328,-7.599786562751987,0.997779396919872,32.08128178000072,28.71149835581488,28.71149835581488,104.49413712963852
2026-01-05 02:00:00,NODE_05,2026-01-05,27.7,88.8,5.493050275153603,45.6377104198932,57.33339309692383,5347.0,47.51734619466599,0.0413444609908354,1.316593266799306,0.7517989445187085,0.3622929983164862,0,0,8.571419789848761,17.142839579697522,107.0000204033956,327.4226959322163,454.8211656186331,454.8211656186331,454.8211656186331,17.601330024104424,17.601330024104424,-0.831891246734159,-11.0841589599097,0.9978061571611252,32.762139788154215,28.752413925838518,28.752413925838518,106.76527917487417
2026-01-05 03:00:00,NODE_05,2026-01-05,27.7,88.8,2.3965102417320496,62.10839544657943,57.33339309692383,5347.0,47.51734619466599,-0.0128655433092338,0.1832466786522342,0.0949866449773121,0.3650512775418054,0,0,8.571419789848761,17.142839579697522,107.68751726611056,325.5619582738935,457.2176758603651,457.2176758603651,457.2176758603651,17.601330024104424,17.601330024104424,-0.69648481473007,-11.113689419545665,0.9978176311114092,30.24432906166313,28.76733307719676,28.76733307719676,107.45250337873942
2026-01-05 04:00:00,NODE_05,2026-01-05,27.7,88.8,2.112668012252773,62.44218631621724,57.33339309692383,5347.0,47.51734619466599,-0.0474312255093215,3.868082736743916,0.3207644140217002,0.8794173102643961,0,0,8.571419789848761,17.142839579697522,109.17531965436524,327.43212183395923,459.3303438726179,459.3303438726179,459.3303438726179,17.601330024104424,17.601330024104424,16.67224957042137,-3.3140474155113395,0.9978276470076092,27.820347714666436,28.75795698449844,28.75795698449844,108.93815232201888
2026-01-05 05:00:00,NODE_05,2026-01-05,27.7,88.8,0.7121894677330648,45.55177128271762,57.33339309692383,5347.0,47.51734619466599,-0.0471061047676404,5.854385599591092,0.3871553940539831,0.0392435760405464,0,0,8.571419789848761,17.142839579697522,100.25256168919528,321.9062492276394,460.0425333403509,460.0425333403509,460.0425333403509,17.601330024104424,17.601330024104424,-1.4953166454893392,-14.53826808292294,0.9978310027216908,24.359485025199533,28.714834710387667,28.714834710387667,100.03511415574788
2026-01-05 06:00:00,NODE_05,2026-01-05,27.7,88.8,5.801824999192933,83.31317490969013,57.33339309692383,5347.0,47.51734619466599,0.0439367139023832,7.088607143655312,0.62259379656269,0.987982644420261,0,0,8.571419789848761,17.142839579697522,105.80354032566936,321.1586240826232,465.8443583395439,465.8443583395439,465.8443583395439,17.601330024104424,17.601330024104424,5.922143599480819,-13.0439637626,0.9978579584777316,26.507387270612533,28.69340318184616,28.69340318184616,105.5769047490888
2026-01-05 07:00:00,NODE_05,2026-01-05,27.7,88.8,7.353204375971629,55.22598417702823,57.33339309692383,5347.0,47.51734619466599,-0.0772136660548777,14.220719125235302,0.1581326457193645,0.6643754108515623,0,0,8.571419789848761,17.142839579697522,107.19436447410388,324.88882576433383,473.1975627155155,473.1975627155155,473.1975627155155,17.601330024104424,17.601330024104424,7.3910096146859985,-12.61175715796938,0.9978911743150398,29.884483555992283,28.70485587775141,28.70485587775141,106.96831024501792
2026-01-05 08:00:00,NODE_05,2026-01-05,27.7,88.8,3.217421151614328,52.534894415625054,57.33339309692383,5347.0,47.51734619466599,0.0838529587648556,0.6936863443755038,0.8606044903497095,0.6811376990723905,0,0,8.571419789848761,17.142839579697522,107.5422646919504,326.10134080331164,476.4149838671298,476.4149838671298,476.4149838671298,17.601330024104424,17.601330024104424,22.470718922869125,-8.065633756766488,0.9979053862283505,28.619232174207767,28.70404041390813,28.70404041390813,107.31700518329224
2026-01-05 09:00:00,NODE_05,2026-01-05,27.7,88.8,0.9014906191053697,89.82596219633271,57.33339309692383,5347.0,47.51734619466599,-0.0228062846747301,5.443064019324488,0.4475422354662742,0.0379978373047421,0,0,8.571419789848761,17.142839579697522,98.6790213299788,325.5719366260602,477.3164744862352,477.3164744862352,477.3164744862352,17.601330024104424,17.601330024104424,6.678020626204443,-11.442416708268668,0.9979093339800305,25.227837967181973,28.671246051203173,28.671246051203173,98.47271645320038
2026-01-05 10:00:00,NODE_05,2026-01-05,27.7,88.8,0.9717704865418793,54.545025485083166,57.33339309692383,5347.0,47.51734619466599,0.0154765965152119,4.5177027689315485,0.9170217118805564,0.6055292748912722,0,0,8.571419789848761,17.142839579697522,96.72542530303248,321.3648469000712,478.2882449727771,478.2882449727771,478.2882449727771,17.601330024104424,17.601330024104424,4.361230540490027,-17.42062261111093,0.997913572864578,22.415432758646556,28.612780506412925,28.612780506412925,96.52361475099498
2026-01-05 11:00:00,NODE_05,2026-01-05,27.7,88.8,1.3985362945008095,32.48787763500067,57.33339309692383,5347.0,47.51734619466599,0.0350855028988546,1.6718073269362177,0.4678699136339316,0.484778060090447,0,0,8.571419789848761,17.142839579697522,94.08069206374898,322.0389741288726,479.6867812672779,479.6867812672779,479.6867812672779,17.601330024104424,17.601330024104424,0.9565576560130608,-17.000353640865526,0.9979196432292904,20.45165413935038,28.53721452153272,28.53721452153272,93.88497065902112
2026-01-05 12:00:00,NODE_05,2026-01-05,27.7,88.8,2.0049896364053703,55.91485960044066,57.33339309692383,5347.0,47.51734619466599,-0.0341842857514542,9.920898893750332,0.2750402589407333,0.1057789068940669,0,0,8.571419789848761,17.142839579697522,92.9961565151318,313.6291483885692,481.6917709036833,481.6917709036833,481.6917709036833,17.601330024104424,17.601330024104424,-2.03340425194601,-21.73001388757463,0.9979282845486928,19.388895654853197,28.45328499064575,28.45328499064575,92.80349494076722
2026-01-05 13:00:00,NODE_05,2026-01-05,27.7,88.8,2.3042045515901237,76.9811714863951,57.33339309692383,5347.0,47.51734619466599,-0.0229948921327622,3.737707419806888,0.1418288286876748,0.2779220107693591,0,0,8.571419789848761,17.142839579697522,89.58648238457485,314.4789934194123,483.9959754552734,483.9959754552734,483.9959754552734,17.601330024104424,17.601330024104424,-10.362688007905575,-14.68618795602528,0.997938127220414,18.784765858215337,28.365389362169108,28.365389362169108,89.40176645512723
2026-01-05 14:00:00,NODE_05,2026-01-05,27.7,88.8,3.576601434959983,74.3802228828797,57.33339309692383,5347.0,47.51734619466599,0.0065985000972787,4.469134579738587,0.0037450947112848,0.8903144562136512,0,0,8.571419789848761,17.142839579697522,92.00577911333367,310.40945234573064,487.5725768902334,487.5725768902334,487.5725768902334,17.601330024104424,17.601330024104424,-1.4335503052423633,-10.28296545952216,0.9979532211849363,19.543652414443017,28.28591425453193,28.28591425453193,91.81746363378107
2026-01-05 15:00:00,NODE_05,2026-01-05,27.7,88.8,12.064308231749951,75.20072355759297,57.33339309692383,5347.0,47.51734619466599,-0.0426860409607803,2.1386978248749515,0.5321574849848356,0.5499884158659529,0,0,8.571419789848761,17.142839579697522,101.98946245570068,316.078477907739,499.6368851219833,499.6368851219833,499.6368851219833,17.601330024104424,17.601330024104424,10.260180303277366,-6.054953264845466,0.9980025442996348,28.676412784026517,28.28940084854528,28.28940084854528,101.78574302254135
2026-01-05 16:00:00,NODE_05,2026-01-05,27.7,88.8,5.422118068956738,69.56166487985382,57.33339309692383,5347.0,47.51734619466599,-0.0533820881666287,5.298397429686751,0.1071566969269234,0.4134165751739087,0,0,8.571419789848761,17.142839579697522,98.06589683054298,316.85965078178253,505.0590031909401,505.0590031909401,505.0590031909401,17.601330024104424,17.601330024104424,-2.673878407168232,-11.2104948741124,0.9980239458369586,29.79706893537928,28.30274304400399,28.30274304400399,97.8721133068586
2026-01-05 17:00:00,NODE_05,2026-01-05,27.7,88.8,8.728561461816243,37.79524803466818,57.33339309692383,5347.0,47.51734619466599,-0.0488891122339872,7.395043505262303,0.3917277636311782,0.0726821558408109,0,0,8.571419789848761,17.142839579697522,100.56438446381708,317.47284356791704,513.7875646527563,513.7875646527563,513.7875646527563,17.601330024104424,17.601330024104424,-5.2935924918148345,-16.208341749244696,0.9980574511338972,34.05607005688863,28.353210824818763,28.353210824818763,100.36903323280656
2026-01-05 18:00:00,NODE_05,2026-01-05,27.7,88.8,1.3864955926509002,80.3458860088162,57.33339309692383,5347.0,47.51734619466599,0.0604573143045105,5.249871135391025,0.5892717612370867,0.7141215274023056,0,0,8.571419789848761,17.142839579697522,97.36662132432596,317.680459694041,515.1740602454072,515.1740602454072,515.1740602454072,17.601330024104424,17.601330024104424,-1.5885161935039631,-9.35443794020034,0.998062669016098,30.33415514100623,28.370436427568222,28.370436427568222,97.17798995203648
2026-01-05 19:00:00,NODE_05,2026-01-05,27.7,88.8,1.780405421179692,82.54104257633855,57.33339309692383,5347.0,47.51734619466599,0.0198962423357666,3.0329145036488403,0.2756858969027003,0.7028508233960326,0,0,8.571419789848761,17.142839579697522,95.09080927678184,311.74799870048383,516.9544656665869,516.9544656665869,516.9544656665869,17.601330024104424,17.601330024104424,1.5413678993120357,-15.125368630400176,0.998069328355509,27.56443729103499,28.36348815914983,28.36348815914983,94.90722014765949
2026-01-05 20:00:00,NODE_05,2026-01-05,27.7,88.8,3.6977527964036048,33.59068876329843,57.33339309692383,5347.0,47.51734619466599,-0.0396583529438174,7.90671484297317,0.1752242923661152,0.6140436069725635,0,0,8.571419789848761,17.142839579697522,96.35359003430533,307.97986901384144,520.6522184629905,520.6522184629905,520.6522184629905,17.601330024104424,17.601330024104424,1.877365681698293,-14.43755148676479,0.998083013999353,27.127524493783348,28.35292436713815,28.35292436713815,96.16888155109748
2026-01-05 21:00:00,NODE_05,2026-01-05,27.7,88.8,4.659050013426207,29.131894558597573,57.33339309692383,5347.0,47.51734619466599,0.0436379728117048,8.08987258820959,0.7747216226093416,0.5102626462206492,0,0,8.571419789848761,17.142839579697522,98.23498658808252,305.14840170679685,525.3112684764167,525.3112684764167,525.3112684764167,17.601330024104424,17.601330024104424,6.271987776523872,-18.747357249820723,0.9980999836790596,27.71744583314205,28.347538955833095,28.347538955833095,98.04833851027782
2026-01-05 22:00:00,NODE_05,2026-01-05,27.7,88.8,2.082860824286026,88.29234780123784,57.33339309692383,5347.0,47.51734619466599,-0.0368877623416441,7.229593634508908,0.9467911722816206,0.4337844022073727,0,0,8.571419789848761,17.142839579697522,95.75006092727013,301.8122475451611,527.3941293007027,527.3941293007027,527.3941293007027,17.601330024104424,17.601330024104424,-0.1853080266684372,-24.8358052348232,0.9981074732958836,25.64268978245677,28.32480913084675,28.32480913084675,95.56885138004446
2026-01-05 23:00:00,NODE_05,2026-01-05,27.7,88.8,3.489400517142295,80.78267745552576,57.33339309692383,5347.0,47.51734619466599,-0.0975206100828703,9.744059090216474,0.100440417861966,0.5932710929879923,0,0,8.571419789848761,17.142839579697522,92.61646731698109,304.1694327762799,530.883529817845,530.883529817845,530.883529817845,17.601330024104424,17.601330024104424,-7.802901875439289,-24.34810145599039,0.9981198891412516,25.285686832230542,28.29948311169161,28.29948311169161,92.44233809107948
2026-01-06 00:00:00,NODE_05,2026-01-06,27.7,88.8,10.90084827618636,82.52653030469627,57.33339309692383,5347.0,47.51734619466599,0.0348404495580176,3.1051387888790027,0.1555903243850078,0.2333954517284067,0,0,8.571419789848761,17.142839579697522,98.95537986716388,312.6307993349373,541.7843780940314,541.7843780940314,541.7843780940314,17.601330024104424,17.601330024104424,-1.4717263658222637,-11.392059516067008,0.998157647787301,32.39368208358233,28.333319466831203,28.333319466831203,98.77306920410714
2026-01-06 01:00:00,NODE_05,2026-01-06,27.7,88.8,2.157342263470264,82.04634692370766,57.33339309692383,5347.0,47.51734619466599,0.0823115475904953,2.6774023640736755,0.9600126572527188,0.9412590641776476,0,0,8.571419789848761,17.142839579697522,94.6136050140222,306.45804524457674,543.9417203575017,543.9417203575017,543.9417203575017,17.601330024104424,17.601330024104424,-10.113088533880417,-23.727049115098566,0.9981649413824584,29.69197203451524,28.34445596328763,28.34445596328763,94.43998350280454
2026-01-06 02:00:00,NODE_05,2026-01-06,27.7,88.8,2.352325847754314,57.91807768236099,57.33339309692383,5347.0,47.51734619466599,0.0279019835759508,2.2449527851989983,0.0377842218122462,0.5887945291802296,0,0,8.571419789848761,17.142839579697522,91.47288058662292,306.3048126401483,546.294046205256,546.294046205256,546.294046205256,17.601330024104424,17.601330024104424,-15.527139816772689,-21.117883292067987,0.9981728286522872,27.590502077092268,28.3383262568958,28.3383262568958,91.3057439601223
2026-01-06 03:00:00,NODE_05,2026-01-06,27.7,88.8,1.0614796007586516,65.24812156660597,57.33339309692383,5347.0,47.51734619466599,-0.0943668475717542,1.477186117564966,0.9776323365504722,0.3111924443543765,0,0,8.571419789848761,17.142839579697522,90.1378499456495,306.2093692926007,547.3555258060146,547.3555258060146,547.3555258060146,17.601330024104424,17.601330024104424,-17.549667320461054,-19.3525889812928,0.9981763656005288,24.51340636628708,28.307480128745727,28.307480128745727,89.97347146179423
2026-01-06 04:00:00,NODE_05,2026-01-06,27.7,88.8,9.877299614302354,58.17539964935492,57.33339309692383,5347.0,47.51734619466599,-0.0011777700110377,2.6530193259177044,0.0046444830849887,0.4496798508851573,0,0,8.571419789848761,17.142839579697522,97.9024815476991,299.58087128600823,557.232825420317,557.232825420317,557.232825420317,17.601330024104424,17.601330024104424,-11.272838106666155,-27.851250547951,0.9982086327523878,30.713695025646373,28.32672984792093,28.32672984792093,97.7271022487946
2026-01-06 05:00:00,NODE_05,2026-01-06,27.7,88.8,0.3335524849619369,23.58444444332304,57.33339309692383,5347.0,47.51734619466599,-0.0137288999876481,2.9272414882828435,0.8736686556513313,0.8056847888768923,0,0,8.571419789848761,17.142839579697522,97.52384456492796,299.52428458880786,557.566377905279,557.566377905279,557.566377905279,17.601330024104424,17.601330024104424,-2.728717124267334,-22.381964638831576,0.9982097024820036,26.440193256761354,28.311757335292683,28.311757335292683,97.3492478680579
2026-01-06 06:00:00,NODE_05,2026-01-06,27.7,88.8,4.12881857205588,72.18521597469409,57.33339309692383,5347.0,47.51734619466599,0.0189106081321946,2.2604508669382493,0.3073251809877495,0.1616160607302974,0,0,8.571419789848761,17.142839579697522,95.8508381377909,301.5357751896488,561.6951964773348,561.6951964773348,561.6951964773348,17.601330024104424,17.601330024104424,-9.952702187878472,-19.62284889297437,0.998222838925478,26.60298284030303,28.2983024180093,28.2983024180093,95.68049575929211
2026-01-06 07:00:00,NODE_05,2026-01-06,27.7,88.8,3.647193062368377,55.37324233351162,57.33339309692383,5347.0,47.51734619466599,-0.0423634638434397,4.42484822836102,0.9385888581772964,0.2928356224602604,0,0,8.571419789848761,17.142839579697522,92.14482682418766,299.14254615770943,565.3423895397032,565.3423895397032,565.3423895397032,17.601330024104424,17.601330024104424,-15.049537649916232,-25.74627960662437,0.9982342836798552,26.259728476625952,28.282376059092243,28.282376059092243,91.98212519964729
2026-01-06 08:00:00,NODE_05,2026-01-06,27.7,88.8,1.6298842564617684,65.33963523531608,57.33339309692383,5347.0,47.51734619466599,-0.0166738625046769,1.01162958276038,0.3169452886355854,0.6795080227365554,0,0,8.571419789848761,17.142839579697522,90.5572899290351,283.1711003900668,566.9722737961649,566.9722737961649,566.9722737961649,12.064308231749951,17.601330024104424,-16.984974762915314,-42.930240413244846,0.9982393506758416,23.950653461593827,28.248796814150392,28.248796814150392,90.3978502977239
2026-01-06 09:00:00,NODE_05,2026-01-06,27.7,88.8,1.4111706195685318,55.18478634828747,57.33339309692383,5347.0,47.51734619466599,-0.0710041491511355,9.742192723310476,0.654306321534056,0.3154892064822239,0,0,8.571419789848761,17.142839579697522,91.06696992949828,281.74699196325145,568.3834444157335,568.3834444157335,568.3834444157335,12.064308231749951,17.601330024104424,-7.612051400480539,-43.8249446628088,0.998243714302185,21.769226061923284,28.198953962210183,28.198953962210183,90.90703031266774
2026-01-06 10:00:00,NODE_05,2026-01-06,27.7,88.8,2.0644352686802465,54.42679256257192,57.33339309692383,5347.0,47.51734619466599,0.0110885391220692,4.097646421047281,0.0800325697659366,0.792501681861466,0,0,8.571419789848761,17.142839579697522,92.15963471163664,281.2492547772115,570.4478796844137,570.4478796844137,570.4478796844137,12.064308231749951,17.601330024104424,-4.565790591395839,-40.11559212285967,0.9982500591295356,20.56827742131504,28.14070452296671,28.14070452296671,91.99836080024768
2026-01-06 11:00:00,NODE_05,2026-01-06,27.7,88.8,1.6217768404435853,32.02523766344368,57.33339309692383,5347.0,47.51734619466599,-0.0691447959636269,5.813647583340838,0.242329811453739,0.1304534871773608,0,0,8.571419789848761,17.142839579697522,92.3828752575794,279.5877017290643,572.0696565248574,572.0696565248574,572.0696565248574,12.064308231749951,17.601330024104424,-1.697816806169584,-42.45127239980829,0.9982550114307848,19.104812648561367,28.07225079664546,28.07225079664546,92.22166819626368
2026-01-06 12:00:00,NODE_05,2026-01-06,27.7,88.8,1.2961121315965962,39.50996005988043,57.33339309692383,5347.0,47.51734619466599,0.0218712242861467,1.5855959342000658,0.7736793464792507,0.7626861704546085,0,0,8.571419789848761,17.142839579697522,91.67399775277062,279.6997150349802,573.365768656454,573.365768656454,573.365768656454,12.064308231749951,17.601330024104424,-1.322158762361184,-33.929433353588976,0.9982589491669408,17.535202882873758,27.99302487248176,27.99302487248176,91.51438866261329
2026-01-06 13:00:00,NODE_05,2026-01-06,27.7,88.8,3.4428085142244687,31.119688436076903,57.33339309692383,5347.0,47.51734619466599,-0.0375273594501524,4.618533806108775,0.5286858536788197,0.0683517148505662,0,0,8.571419789848761,17.142839579697522,92.81260171540498,282.3482544924602,576.8085771706784,576.8085771706784,576.8085771706784,12.064308231749951,17.601330024104424,3.22611933083013,-32.130738926952034,0.9982693230258078,18.347730964667164,27.92104506719956,27.92104506719956,92.65197308270126
2026-01-06 14:00:00,NODE_05,2026-01-06,27.7,88.8,1.497720645569462,33.69664069377397,57.33339309692383,5347.0,47.51734619466599,-0.1570707270648273,7.058198426466234,0.9279690617870447,0.0125926126674947,0,0,8.571419789848761,17.142839579697522,90.73372092601446,276.17882945792417,578.3062978162478,578.3062978162478,578.3062978162478,12.064308231749951,17.601330024104424,-1.2720581873192174,-34.23062288780646,0.9982737974647098,17.09329196553655,27.840839488668724,27.840839488668724,90.57709614691564
2026-01-06 15:00:00,NODE_05,2026-01-06,27.7,88.8,4.268171944842569,88.10841662942134,57.33339309692383,5347.0,47.51734619466599,0.0396879071549566,5.321703739423188,0.4287514083413543,0.8982235188321621,0,0,8.571419789848761,17.142839579697522,82.93758463910707,276.6563292472311,582.5744697610904,582.5744697610904,582.5744697610904,12.064308231749951,17.601330024104424,-19.051877816593603,-39.42214866050793,0.998286422638726,18.79747011554864,27.774344125631075,27.774344125631075,82.79546467167076
2026-01-06 16:00:00,NODE_05,2026-01-06,27.7,88.8,5.208719631815099,30.71794120405389,57.33339309692383,5347.0,47.51734619466599,0.02470200096062,10.896279337406938,0.8698123658139231,0.5813392169322986,0,0,8.571419789848761,17.142839579697522,82.72418620196542,281.5298582702196,587.7831893929055,587.7831893929055,587.7831893929055,12.064308231749951,17.601330024104424,-15.34171062857756,-35.3297925115629,0.9983015819438882,21.18656923003144,27.726258177488013,27.726258177488013,82.58368595044286
2026-01-06 17:00:00,NODE_05,2026-01-06,27.7,88.8,2.62960577235654,38.84892970136453,57.33339309692383,5347.0,47.51734619466599,0.0676471023885349,6.0564865376594765,0.4489554374782375,0.3518268970868115,0,0,8.571419789848761,17.142839579697522,76.62523051250572,283.0475919319547,590.4127951652621,590.4127951652621,590.4127951652621,12.064308231749951,17.601330024104424,-23.939153951311354,-34.42525163596231,0.9983091336403694,20.638189617883263,27.674895361838704,27.674895361838704,76.49566748793319
2026-01-06 18:00:00,NODE_05,2026-01-06,27.7,88.8,3.407346058577912,61.34127604170095,57.33339309692383,5347.0,47.51734619466599,-0.1045059253584952,0.9545989552918528,0.9792482787019852,0.2325946369638504,0,0,8.571419789848761,17.142839579697522,78.64608097843275,274.9678398205886,593.82014122384,593.82014122384,593.82014122384,12.064308231749951,17.601330024104424,-18.72054034589321,-42.7126198734524,0.9983188195377136,20.949807233778685,27.626513432859856,27.626513432859856,78.5138627236564
2026-01-06 19:00:00,NODE_05,2026-01-06,27.7,88.8,9.821633027292984,62.71250033656493,57.33339309692383,5347.0,47.51734619466599,-0.0327274769918191,3.100322027578564,0.9598343813988768,0.6168857832608161,0,0,8.571419789848761,17.142839579697522,86.68730858454603,275.3275592387977,603.6417742511329,603.6417742511329,603.6417742511329,12.064308231749951,17.601330024104424,-8.403500692235824,-36.42043946168617,0.998346128166155,27.628969176004865,27.62653097388232,27.62653097388232,86.54393888652622
2026-01-06 20:00:00,NODE_05,2026-01-06,27.7,88.8,5.87441344856922,30.778189082068035,57.33339309692383,5347.0,47.51734619466599,0.0065796480280933,1.4099392369753976,0.3291367055560803,0.5090021835367382,0,0,8.571419789848761,17.142839579697522,88.86396923671165,279.693783623624,609.5161876997022,609.5161876997022,609.5161876997022,12.064308231749951,17.601330024104424,-7.489620797593673,-28.28608539021745,0.9983620417932442,29.35903724817336,27.63881825242339,27.63881825242339,88.71841376901548
2026-01-06 21:00:00,NODE_05,2026-01-06,27.7,88.8,0.7303177378955487,75.56021980496486,57.33339309692383,5347.0,47.51734619466599,0.0285852946518158,9.33503618861111,0.8859236704168032,0.9915977755299852,0,0,8.571419789848761,17.142839579697522,84.93523696118099,275.1332223608222,610.2465054375978,610.2465054375978,610.2465054375978,12.064308231749951,17.601330024104424,-13.29974962690153,-30.01517934597466,0.9983639988268168,25.685499398842904,27.62506248584888,27.62506248584888,84.7962828138679
2026-01-06 22:00:00,NODE_05,2026-01-06,27.7,88.8,7.1356534584417455,74.96420075389776,57.33339309692383,5347.0,47.51734619466599,-0.0731441968869716,4.579969309819773,0.8476113742156492,0.9832159866537458,0,0,8.571419789848761,17.142839579697522,89.98802959533671,281.6734594765454,617.3821588960394,617.3821588960394,617.3821588960394,12.064308231749951,17.601330024104424,-5.7620313319334,-20.13878806861571,0.9983828770193092,28.968327947458214,27.63445595061538,27.63445595061538,89.842507884691
2026-01-06 23:00:00,NODE_05,2026-01-06,27.7,88.8,14.200310238889273,36.61223929427238,57.33339309692383,5347.0,47.51734619466599,0.0215729978863607,11.39572328724022,0.2106803973275628,0.6350245661416096,0,0,8.571419789848761,17.142839579697522,100.6989393170837,293.73477582648513,631.5824691349287,631.5824691349287,631.5824691349287,14.200310238889273,17.601330024104424,8.082472000102626,-10.434656949794745,0.9984191784489894,38.82338899422875,27.71215687452936,27.71215687452936,100.53975226364734
2026-01-07 00:00:00,NODE_05,2026-01-07,27.7,88.8,6.784518213877491,40.20664118728223,57.33339309692383,5347.0,47.51734619466599,-0.0285888454304693,1.030488790839649,0.6242904007832697,0.4428705061058905,0,0,8.571419789848761,17.142839579697522,96.58260925477482,295.96509535492487,638.3669873488062,638.3669873488062,638.3669873488062,14.200310238889273,17.601330024104424,-2.3727706123890613,-16.665703980012424,0.9984359530288752,39.784398858971926,27.79541371580138,27.79541371580138,96.43154951730658
2026-01-07 01:00:00,NODE_05,2026-01-07,27.7,88.8,3.315941585018027,85.65915058216478,57.33339309692383,5347.0,47.51734619466599,-0.0927539331743369,3.233034736562789,0.0726823155898148,0.4911409691346621,1,0,8.571419789848761,17.142839579697522,97.74120857632258,297.0815071382474,641.6829289338242,641.6829289338242,641.6829289338242,14.200310238889273,17.601330024104424,3.1276035623003797,-9.376538106329363,0.9984440227754936,37.13268061514416,27.85936759867359,27.85936759867359,97.5891254818821
2026-01-07 02:00:00,NODE_05,2026-01-07,27.7,88.8,6.188810174409154,77.79700121856347,57.33339309692383,5347.0,47.51734619466599,-0.0375340493525827,6.134518995086702,0.8367107205834616,0.6824790662368619,0,0,8.571419789848761,17.142839579697522,101.57769290297742,300.05059389299595,647.8717391082334,647.8717391082334,647.8717391082334,14.200310238889273,17.601330024104424,10.104812316354495,-6.254218747152351,0.9984588633781858,37.75158869728169,27.92666161975256,27.92666161975256,101.42114780048524
2026-01-07 03:00:00,NODE_05,2026-01-07,27.7,88.8,6.142459664292454,68.84579231437667,57.33339309692383,5347.0,47.51734619466599,0.0257188568306928,2.573820055926105,0.1745458835034965,0.1015745442353813,0,0,8.571419789848761,17.142839579697522,106.65867296651122,304.4840401782713,654.0141987725259,654.0141987725259,654.0141987725259,14.200310238889273,17.601330024104424,16.520823020861712,-1.725329114329412,0.998473315537474,38.23131005698189,27.99628762270681,27.99628762270681,106.4958388276996
2026-01-07 04:00:00,NODE_05,2026-01-07,27.7,88.8,7.256560884010703,25.75632550574204,57.33339309692383,5347.0,47.51734619466599,-0.090664903618315,1.0048669973839954,0.0708147013857645,0.3283520738107182,0,0,8.571419789848761,17.142839579697522,104.03793423621956,311.1157354382839,661.2707596565366,661.2707596565366,661.2707596565366,14.200310238889273,17.601330024104424,6.135452688520473,11.534864152275688,0.9984900435578364,39.753174432445306,28.07519290330908,28.07519290330908,103.8808414871902
2026-01-07 05:00:00,NODE_05,2026-01-07,27.7,88.8,2.753176156169766,49.2784856631803,57.33339309692383,5347.0,47.51734619466599,0.0318525919804379,13.248227797123366,0.4002190955388112,0.0752722410036038,0,0,8.571419789848761,17.142839579697522,106.4575579074274,304.23396416155066,664.0239358127063,664.0239358127063,664.0239358127063,14.200310238889273,17.601330024104424,8.933713342499445,4.709679572742772,0.9984962947254252,36.54337442374828,28.131647446778672,28.131647446778672,106.29747711608368
2026-01-07 06:00:00,NODE_05,2026-01-07,27.7,88.8,0.5989002957260594,59.151131045377895,57.33339309692383,5347.0,47.51734619466599,0.0141689001200881,9.800379308455252,0.5769221385996435,0.0733607595169195,0,0,8.571419789848761,17.142839579697522,102.9276396310976,304.58201809455784,664.6228361084324,664.6228361084324,664.6228361084324,14.200310238889273,17.601330024104424,7.076801493306689,3.046242904909036,0.9984976476981372,31.660768555912096,28.155019109753063,28.155019109753063,102.7730060547725
2026-01-07 07:00:00,NODE_05,2026-01-07,27.7,88.8,2.255787423416132,33.118790158864385,57.33339309692383,5347.0,47.51734619466599,-0.0126929538572535,2.57325259084768,0.854916958559771,0.1958392418942337,0,0,8.571419789848761,17.142839579697522,101.53623399214533,300.8754252904369,666.8786235318485,666.8786235318485,666.8786235318485,14.200310238889273,17.601330024104424,9.391407167957668,1.732879132727433,0.9985027219546092,29.167440695941416,28.16167977808325,28.16167977808325,101.38420601817724
2026-01-07 08:00:00,NODE_05,2026-01-07,27.7,88.8,4.18147215589358,51.37586074757572,57.33339309692383,5347.0,47.51734619466599,-0.0817598754992124,5.053215855474841,0.9742425255217364,0.4852532545932269,0,0,8.571419789848761,17.142839579697522,104.08782189157716,302.18737651256265,671.0600956877421,671.0600956877421,671.0600956877421,14.200310238889273,17.601330024104424,13.530531962542057,19.016276122495867,0.9985120378275448,28.97379674744378,28.166987732131364,28.166987732131364,103.9329431499892
2026-01-07 09:00:00,NODE_05,2026-01-07,27.7,88.8,9.220103899268164,62.0718114242083,57.33339309692383,5347.0,47.51734619466599,-0.0777474411717074,1.526326584873623,0.4394925125698636,0.7847743211627893,0,0,8.571419789848761,17.142839579697522,111.89675517127677,301.64274643075385,680.2801995870102,680.2801995870102,680.2801995870102,14.200310238889273,17.601330024104424,20.82978524177849,19.8957544675024,0.9985321751599324,33.84783113459538,28.20387632565386,28.20387632565386,111.7325103345134
2026-01-07 10:00:00,NODE_05,2026-01-07,27.7,88.8,6.561973341222675,42.91636760807795,57.33339309692383,5347.0,47.51734619466599,-0.0199240822566177,2.9021696041292766,0.0604469229852702,0.4854958911658725,0,0,8.571419789848761,17.142839579697522,116.3942932438192,305.2793532584883,686.8421729282329,686.8421729282329,686.8421729282329,14.200310238889273,17.601330024104424,24.23465853218258,24.030098481276767,0.998546178121439,35.33262980562875,28.24986828358918,28.24986828358918,116.22507667376168
2026-01-07 11:00:00,NODE_05,2026-01-07,27.7,88.8,2.8998818859373743,74.6661373265341,57.33339309692383,5347.0,47.51734619466599,-0.0562470010942492,0.941294270259971,0.7491155790258707,0.3354766105608697,0,0,8.571419789848761,17.142839579697522,117.672398289313,304.13596561064134,689.7420548141703,689.7420548141703,689.7420548141703,14.200310238889273,17.601330024104424,25.289523031733594,24.54826388157707,0.998552281574532,32.93261722072181,28.27988590498105,28.27988590498105,117.50204179014057
2026-01-07 12:00:00,NODE_05,2026-01-07,27.7,88.8,3.4173271221733463,78.83147071471639,57.33339309692383,5347.0,47.51734619466599,-0.0166879302745318,19.08132548504766,0.5651732562239374,0.0823529903367581,0,0,8.571419789848761,17.142839579697522,119.79361327988975,304.4637675477922,693.1593819363436,693.1593819363436,693.1593819363436,14.200310238889273,17.601330024104424,28.119615527119137,24.764052512811944,0.9985594086516406,31.410051759786885,28.29982326711357,28.29982326711357,119.62103963701004
2026-01-07 13:00:00,NODE_05,2026-01-07,27.7,88.8,0.1291444565097719,42.65266286038495,57.33339309692383,5347.0,47.51734619466599,0.0453091078674149,5.077276881384333,0.4478913448444631,0.5502955231831296,0,0,8.571419789848761,17.142839579697522,116.47994922217504,298.8790333221549,693.2885263928534,693.2885263928534,693.2885263928534,14.200310238889273,17.601330024104424,23.667347506770056,16.53077882969461,0.9985596766157212,26.827688452328623,28.29050595815924,28.29050595815924,116.31218042751074
2026-01-07 14:00:00,NODE_05,2026-01-07,27.7,88.8,3.637039246516342,78.706000814472,57.33339309692383,5347.0,47.51734619466599,-0.0136510608707963,3.0655144271852377,0.3092688787921896,0.2712685864831767,0,0,8.571419789848761,17.142839579697522,118.61926782312192,301.3587678624701,696.9255656393698,696.9255656393698,696.9255656393698,14.200310238889273,17.601330024104424,27.885546897107474,25.179938404545894,0.9985671824486272,26.44057443099567,28.278871168680222,28.278871168680222,118.44930805425396
2026-01-07 15:00:00,NODE_05,2026-01-07,27.7,88.8,0.9477525394167964,27.25035962721105,57.33339309692383,5347.0,47.51734619466599,-0.0150222468865582,0.6521774965778883,0.5023985278435357,0.6149341779171474,0,0,8.571419789848761,17.142839579697522,115.29884841769616,300.22589551250394,697.8733181787866,697.8733181787866,697.8733181787866,14.200310238889273,17.601330024104424,32.36126377858909,23.56956626527285,0.9985691255138972,23.42224080576312,28.248517228911997,28.248517228911997,115.13387023721825
2026-01-07 16:00:00,NODE_05,2026-01-07,27.7,88.8,14.182291667425435,78.64103690358594,57.33339309692383,5347.0,47.51734619466599,-0.0149826387832406,3.54914305557566,0.3386796044570309,0.9771877391324184,0,0,8.571419789848761,17.142839579697522,124.2724204533065,305.06250348581494,712.055609846212,712.055609846212,712.055609846212,14.200310238889273,17.601330024104424,41.54823425134107,23.53264521559528,0.9985975848360332,34.09119635232408,28.284807161355545,28.284807161355545,124.09813892639993
2026-01-07 17:00:00,NODE_05,2026-01-07,27.7,88.8,1.0040852895154964,30.69253021673316,57.33339309692383,5347.0,47.51734619466599,0.050670096548252,3.068405731042898,0.7570118677473603,0.1113143214775501,0,0,8.571419789848761,17.142839579697522,122.64689997046544,299.83651494678827,713.0596951357275,713.0596951357275,713.0596951357275,14.200310238889273,17.601330024104424,46.02166945795973,16.788923014833543,0.9985995568622452,29.98160218899097,28.29528120473601,28.29528120473601,122.47513996103493
2026-01-07 18:00:00,NODE_05,2026-01-07,27.7,88.8,0.0754779582243057,25.804900675680823,57.33339309692383,5347.0,47.51734619466599,0.0646684943742835,2.14295901725345,0.5438936964926411,0.2121253987219399,0,1,8.571419789848761,17.142839579697522,119.31503187011184,295.3277341728705,713.1351730939518,713.1351730939518,713.1351730939518,14.200310238889273,17.601330024104424,40.66895089167909,20.359894352281916,0.9985997048770648,25.559839818866624,28.278499355742948,28.278499355742948,119.14795561289124
2026-01-07 19:00:00,NODE_05,2026-01-07,27.7,88.8,1.860718800649002,64.92427831087079,57.33339309692383,5347.0,47.51734619466599,0.0210966856086755,3.191326101895207,0.876847774154112,0.4730945380993747,0,0,8.571419789848761,17.142839579697522,111.35411764346787,293.13223550479574,714.9958918946008,714.9958918946008,714.9958918946008,14.200310238889273,17.601330024104424,24.66680905892184,17.804676265998054,0.9986033439418852,23.586582646685635,28.249890107516983,28.249890107516983,111.19859424046508
2026-01-07 20:00:00,NODE_05,2026-01-07,27.7,88.8,8.995716040199918,53.0356156028706,57.33339309692383,5347.0,47.51734619466599,0.0068295758699196,1.1996354661166595,0.5435439146494421,0.9686138153459296,0,0,8.571419789848761,17.142839579697522,114.47542023509855,299.69297950611553,723.9916079348008,723.9916079348008,723.9916079348008,14.200310238889273,17.601330024104424,25.6114509983869,19.99919588249152,0.9986206736891086,29.044311289882707,28.254704781349503,28.254704781349503,114.31752127601791
2026-01-07 21:00:00,NODE_05,2026-01-07,27.7,88.8,3.4424242874275204,83.5523420288983,57.33339309692383,5347.0,47.51734619466599,0.011478130742798,10.684072331155742,0.23826241333993,0.7718097762699956,0,0,8.571419789848761,17.142839579697522,117.18752678463052,300.35775033389405,727.4340322222282,727.4340322222282,727.4340322222282,14.200310238889273,17.601330024104424,32.252289823449544,25.224527973071886,0.9986271920918504,28.13008888382782,28.253954083171667,28.253954083171667,117.0266508211241
2026-01-07 22:00:00,NODE_05,2026-01-07,27.7,88.8,4.731550670057499,45.423243726359445,57.33339309692383,5347.0,47.51734619466599,0.0713975951126543,9.67379179773387,0.8510918822321445,0.8982291931628301,0,0,8.571419789848761,17.142839579697522,114.78342399624628,300.5215145188531,732.1655828922858,732.1655828922858,732.1655828922858,14.200310238889273,17.601330024104424,24.79539440090957,18.84805504230773,0.9986360516323542,28.642126221311145,28.256278467232384,28.256278467232384,114.62686533245382
2026-01-07 23:00:00,NODE_05,2026-01-07,27.7,88.8,1.2268458070527108,40.10065844063401,57.33339309692383,5347.0,47.51734619466599,0.023812638004361,12.177671779077352,0.5572190449300439,0.3337148484757929,0,0,8.571419789848761,17.142839579697522,101.80995956440972,295.12536619847447,733.3924286993384,733.3924286993384,733.3924286993384,14.200310238889273,17.601330024104424,1.1110202473260102,1.390590371989347,0.9986383301884374,25.572653095167183,28.24030450668437,28.24030450668437,101.67132801595444
2026-01-08 00:00:00,NODE_05,2026-01-08,27.7,88.8,2.7221458095281887,55.05144343009388,57.33339309692383,5347.0,47.51734619466599,0.0761219454878272,0.5448731533692286,0.2068410381435612,0.9920384737785946,0,0,8.571419789848761,17.142839579697522,97.74758716006042,293.2855762819991,733.3064649205364,736.1145745088667,736.1145745088667,14.200310238889273,17.601330024104424,1.1649779052855962,-2.679519072925729,0.99864335880122,24.458900940420296,28.36917826473253,28.217929337653224,97.61497875623772
2026-01-08 01:00:00,NODE_05,2026-01-08,27.7,88.8,4.843455237817733,51.91623300380629,57.33339309692383,5347.0,47.51734619466599,-0.0209542425993538,18.24392899229712,0.6235078099562221,0.1028328160641574,0,0,8.571419789848761,17.142839579697522,99.27510081286012,291.6299144032049,734.1414888735349,740.9580297466844,740.9580297466844,14.200310238889273,17.601330024104424,1.5338922365375396,-5.451592735042496,0.9986522148694296,25.633521037174983,28.48369133974607,28.202726935885707,99.14129930814865
2026-01-08 02:00:00,NODE_05,2026-01-08,27.7,88.8,1.649512934157256,44.109963235203175,57.33339309692383,5347.0,47.51734619466599,-0.0667784509850722,4.145331454797306,0.3577167649424275,0.0529729060461008,0,0,8.571419789848761,17.142839579697522,94.73580357260822,287.78637706220854,733.2932523577302,742.6075426808417,742.6075426808417,14.200310238889273,17.601330024104424,-6.841889330369199,-12.26421683078739,0.9986552046037688,23.438005815755997,28.575978426627792,28.17486306968612,94.60840330010552
2026-01-08 03:00:00,NODE_05,2026-01-08,27.7,88.8,5.974690611776392,68.561890908883,57.33339309692383,5347.0,47.51734619466599,-0.0334529741982859,0.9454243495324596,0.8444056122920658,0.8556026270540281,0,0,8.571419789848761,17.142839579697522,94.56803452009216,291.3645574322529,735.7277223918027,748.5822332926181,748.5822332926181,14.200310238889273,17.601330024104424,-12.09063844641905,-13.119482746018392,0.998665923556369,25.896995555168985,28.66891334353721,28.161619653904044,94.44187353291842
2026-01-08 04:00:00,NODE_05,2026-01-08,27.7,88.8,2.045081166352244,73.16932837397358,57.33339309692383,5347.0,47.51734619466599,-0.0281398465376015,1.33669978677219,0.4532997386465428,0.9272648702069862,0,0,8.571419789848761,17.142839579697522,89.3565548024337,291.2969705863524,731.2184594901881,750.6273144589702,750.6273144589702,14.200310238889273,17.601330024104424,-14.681379433785864,-19.818764851931547,0.9986695534066375,24.05752738824588,28.72106717230537,28.137896577223938,89.23767067850221
2026-01-08 05:00:00,NODE_05,2026-01-08,27.7,88.8,1.326288760381113,79.70887783210956,57.33339309692383,5347.0,47.51734619466599,0.0802263963868147,4.371763734550782,0.7264413581074167,0.0905853575461017,0,0,8.571419789848761,17.142839579697522,87.92966740664505,291.9110698790004,728.6081488787581,751.9536032193514,751.9536032193514,14.200310238889273,17.601330024104424,-18.52789050078235,-12.322894282550235,0.9986718969193794,21.77518704039011,28.749860363595023,28.10132928103524,87.81288774448434
2026-01-08 06:00:00,NODE_05,2026-01-08,27.7,88.8,5.887974341509233,88.099962329724,57.33339309692383,5347.0,47.51734619466599,0.0368206872268006,6.295630403476449,0.0955362076362371,0.1134274267458415,0,0,8.571419789848761,17.142839579697522,93.21874145242822,291.99721922131675,732.0033473922093,757.8415775608606,757.8415775608606,14.200310238889273,17.601330024104424,-9.708898178669372,-12.584798873241157,0.9986822018856502,24.396883325840825,28.79454409115225,28.08016101843413,93.09589797072016
2026-01-08 07:00:00,NODE_05,2026-01-08,27.7,88.8,1.8364983510654056,38.66593344927532,57.33339309692383,5347.0,47.51734619466599,-0.0318728262158806,2.583258435159324,0.3960243463023462,0.0331741577557738,0,0,8.571419789848761,17.142839579697522,92.79945238007753,286.48051319641047,731.1754605928176,759.678075911926,759.678075911926,14.200310238889273,17.601330024104424,-8.736781612067816,-14.39491209402638,0.9986853834339828,22.573849178030105,28.827597361960475,28.04887515570456,92.67745668266132
2026-01-08 08:00:00,NODE_05,2026-01-08,27.7,88.8,4.281094595611381,70.1265437742973,57.33339309692383,5347.0,47.51734619466599,0.0404205588466348,2.8667438213395284,0.9832414364723988,0.1045075626427241,0,0,8.571419789848761,17.142839579697522,92.8990748197953,287.5441866404076,729.2534258924361,763.9591705075374,763.9591705075374,14.200310238889273,17.601330024104424,-11.188747071781847,-14.643189872155103,0.9986927406866218,23.46886639693697,28.844251959407096,28.022999400005308,92.7776316390329
2026-01-08 09:00:00,NODE_05,2026-01-08,27.7,88.8,3.70195376751595,47.59807648470217,57.33339309692383,5347.0,47.51734619466599,-0.0064790555545991,2.43001693302706,0.8084602894771483,0.2094198168002808,0,0,8.571419789848761,17.142839579697522,87.3809246880431,290.3446497888181,726.0380244531258,767.6611242750533,767.6611242750533,14.200310238889273,17.601330024104424,-24.51583048323367,-11.298096641935716,0.9986990365865802,23.650490204912373,28.839269072955112,27.998434741605905,87.26724530199316
2026-01-08 10:00:00,NODE_05,2026-01-08,27.7,88.8,7.116939405907042,67.39573803657757,57.33339309692383,5347.0,47.51734619466599,0.0817275846038482,8.485937195195524,0.1599408023669286,0.970076618910001,0,0,8.571419789848761,17.142839579697522,87.93589075272746,296.4898187081833,732.0007135223979,774.7780636809604,774.7780636809604,14.200310238889273,17.601330024104424,-28.458402491091743,-8.789534550305007,0.9987109715435172,27.21985608008256,28.870525816311822,27.99408514014488,87.82253888720102
2026-01-08 11:00:00,NODE_05,2026-01-08,27.7,88.8,4.008215684071377,53.31871832444542,57.33339309692383,5347.0,47.51734619466599,-0.0166850622344522,2.054233083130414,0.2777640494772551,0.6678602222396804,0,0,8.571419789848761,17.142839579697522,89.04422455086146,299.09949809775384,732.219517931241,778.7862793650318,778.7862793650318,14.200310238889273,17.601330024104424,-28.628173738451537,-5.036467512887526,0.9987175973385756,27.14509335214155,28.89839645536054,27.98936851910042,88.93003400031296
2026-01-08 12:00:00,NODE_05,2026-01-08,27.7,88.8,5.10699113487204,89.56411719375521,57.33339309692383,5347.0,47.51734619466599,-0.0769444628539294,2.0342119523539552,0.3298158088563611,0.7785530255185421,0,0,8.571419789848761,17.142839579697522,90.73388856356016,302.2014995962205,730.5568183874962,783.8932704999038,783.8932704999038,14.200310238889273,17.601330024104424,-29.0597247163296,-2.262267951571644,0.9987259414272172,28.18032048419236,28.91218947745822,27.990423502332973,90.61828827499384
2026-01-08 13:00:00,NODE_05,2026-01-08,27.7,88.8,0.2364239473083743,71.02314950535249,57.33339309692383,5347.0,47.51734619466599,-0.0093375533250341,18.94780083734413,0.6503655604954457,0.7761394036915221,0,0,8.571419789848761,17.142839579697522,90.84116805435876,300.13371899193874,718.8853827519512,784.1296944472122,784.1296944472122,14.200310238889273,17.601330024104424,-25.63878116781628,1.2546856697839104,0.998726325080974,24.18969635887188,28.85444071507729,27.96954038616011,90.72546593699288
2026-01-08 14:00:00,NODE_05,2026-01-08,27.7,88.8,13.253538371996342,86.67439103040272,57.33339309692383,5347.0,47.51734619466599,-0.0166577166038648,1.6014659491140628,0.7569947594896556,0.5350737497792146,0,0,8.571419789848761,17.142839579697522,100.45766717983877,309.8106559289751,722.5088528475616,797.3832328192085,797.3832328192085,14.200310238889273,17.601330024104424,-18.16160064328318,8.451888066505077,0.9987474686855976,33.81478027703744,28.826922541432136,28.0014815877496,100.33184080592416
2026-01-08 15:00:00,NODE_05,2026-01-08,27.7,88.8,4.959744410568616,78.44786846368301,57.33339309692383,5347.0,47.51734619466599,-0.0671613323974159,1.0488854374278325,0.7495266088079098,0.7974889777130172,0,0,8.571419789848761,17.142839579697522,104.46965905099056,302.70609210779384,726.828985736079,802.3429772297771,802.3429772297771,14.200310238889273,17.601330024104424,-10.829189366705592,2.4801965952898968,0.9987552016656094,33.70230764605044,28.82924717055112,28.032464338066458,104.33961539340956
2026-01-08 16:00:00,NODE_05,2026-01-08,27.7,88.8,3.802516123897833,83.20307078143597,57.33339309692383,5347.0,47.51734619466599,0.0292955878639153,4.422405980143693,0.5098740563064028,0.5958075323899696,0,0,8.571419789848761,17.142839579697522,94.08988350746296,301.0864901627349,727.2225326491728,806.145493353675,806.145493353675,14.200310238889273,17.601330024104424,-30.182536945843523,-3.9760133230800103,0.9987610659933872,32.44947762304071,28.833565646451618,28.0563400855528,93.97331235110735
2026-01-08 17:00:00,NODE_05,2026-01-08,27.7,88.8,0.3629790648426375,77.00934380502724,57.33339309692383,5347.0,47.51734619466599,0.0712359415158523,2.601487186786634,0.8108205378381512,0.3145460976033576,0,0,8.571419789848761,17.142839579697522,93.4487772827901,292.7209077657613,726.9664775467401,806.5084724185176,806.5084724185176,14.200310238889273,17.601330024104424,-29.19812268767535,-7.115607181026974,0.9987616229003704,27.94503504442724,28.83571221345257,28.055741671353204,93.33305245701472
2026-01-08 18:00:00,NODE_05,2026-01-08,27.7,88.8,10.41641392948437,52.14113912631379,57.33339309692383,5347.0,47.51734619466599,-0.0561242161861433,4.9554325834432325,0.437078082757475,0.5611101087684007,0,0,8.571419789848761,17.142839579697522,103.78971325405018,301.7508261025948,726.1523450611621,816.924886348002,816.924886348002,14.200310238889273,17.601330024104424,-15.525318616061654,6.423091929724222,0.9987773938454606,34.169693717247526,28.832690768703504,28.08843660207991,103.6628193118479
2026-01-08 19:00:00,NODE_05,2026-01-08,27.7,88.8,3.112083013022022,37.62519173428191,57.33339309692383,5347.0,47.51734619466599,0.0486355196461087,9.234054111575755,0.1238805652955619,0.5335085861345135,0,0,8.571419789848761,17.142839579697522,105.0410774664232,303.0825036944371,725.046680302103,820.036969361024,820.036969361024,14.200310238889273,17.601330024104424,-6.313040177044684,9.950268189641337,0.9987820280482884,32.156322672682414,28.823541202815257,28.110074293944816,104.91314038029152
2026-01-08 20:00:00,NODE_05,2026-01-08,27.7,88.8,7.700524879952356,45.92241228153655,57.33339309692383,5347.0,47.51734619466599,-0.0303315413661068,3.861370017624122,0.5644418416538133,0.8234530537593207,0,0,8.571419789848761,17.142839579697522,103.74588630617563,307.0852757779858,725.8562863128975,827.7374942409764,827.7374942409764,14.200310238889273,17.601330024104424,-10.72953392892292,7.392296271870308,0.9987933452909404,35.033399151732404,28.820583155207835,28.14670564239872,103.62070084391874
2026-01-08 21:00:00,NODE_05,2026-01-08,27.7,88.8,2.1359713748336486,21.41653628479653,57.33339309692383,5347.0,47.51734619466599,-0.0012359278311636,5.278008035796127,0.9523013846011068,0.981727217381659,0,0,8.571419789848761,17.142839579697522,102.43943339358177,304.5621971393933,726.6929426840934,829.87346561581,829.87346561581,14.200310238889273,17.601330024104424,-14.74809339104877,4.204446805499245,0.9987964473034906,31.91436065380619,28.82304891218912,28.166535405616656,102.31614213729202
2026-01-08 22:00:00,NODE_05,2026-01-08,27.7,88.8,3.104280862717074,56.6795217225267,57.33339309692383,5347.0,47.51734619466599,-0.0064886112199229,9.94055963521612,0.7929936513925113,0.4110425654209305,0,0,8.571419789848761,17.142839579697522,100.81216358624135,305.58361717782435,727.9817308850787,832.977746478527,832.977746478527,14.200310238889273,17.601330024104424,-13.97126041000493,5.0621026589712415,0.9988009272379,30.23148741845234,28.832816163962413,28.177346672699564,100.69128246679672
2026-01-08 23:00:00,NODE_05,2026-01-08,27.7,88.8,0.5568497464570705,55.35404601892861,57.33339309692383,5347.0,47.51734619466599,-0.0012355432534462,5.70759720270212,0.5787006476922424,0.7633906784413597,0,0,8.571419789848761,17.142839579697522,100.1421675256457,302.6510664071391,723.7850679563904,833.5345962249842,833.5345962249842,14.200310238889273,17.601330024104424,-1.6677920387640055,7.525700208664631,0.9988017273285932,26.25361405214156,28.81613819148942,28.16732723196749,100.02216990304429
2026-01-09 00:00:00,NODE_05,2026-01-09,27.7,88.8,6.10579525084237,56.767532538134176,57.33339309692383,5347.0,47.51734619466599,0.0236541335997528,2.607530374346763,0.6468056603490969,0.0997630040381335,0,0,8.571419789848761,17.142839579697522,103.52581696695988,297.8560133817951,720.8342520999632,839.6403914758265,839.6403914758265,14.200310238889273,17.601330024104424,5.778229806899461,4.570437099795996,0.9988104307024264,28.42136719516269,28.7843975347896,28.168643501206844,103.40266583358977
2026-01-09 01:00:00,NODE_05,2026-01-09,27.7,88.8,3.0438844250568997,88.18218574804447,57.33339309692383,5347.0,47.51734619466599,-0.0512091320223867,10.209357551960604,0.9305620270355728,0.7768313694482886,0,0,8.571419789848761,17.142839579697522,101.72624615419906,298.74255554338174,723.5412549170793,842.6842759008834,842.6842759008834,14.200310238889273,17.601330024104424,2.4511453413389432,7.112641140176862,0.998814722487352,27.20204654094519,28.77353108860139,28.163661042648798,101.6056723221864
2026-01-09 02:00:00,NODE_05,2026-01-09,27.7,88.8,8.299736167822257,83.80178024183876,57.33339309692383,5347.0,47.51734619466599,0.0646650054553114,6.512591118464343,0.4283427944349605,0.3714169119932321,0,0,8.571419789848761,17.142839579697522,108.37646938786403,304.6899658634497,723.5855423822888,850.9840120687056,850.9840120687056,14.200310238889273,17.601330024104424,13.64066581525583,16.903588801241128,0.9988262690545426,31.42147572762567,28.764558225205764,28.18036778462304,108.2492645719841
2026-01-09 03:00:00,NODE_05,2026-01-09,27.7,88.8,3.513113784498913,31.31989448310756,57.33339309692383,5347.0,47.51734619466599,0.0251771378358381,15.036713101542164,0.3313941389426373,0.0393901628896866,0,0,8.571419789848761,17.142839579697522,105.91489256058657,307.14160004719,722.841408266733,854.4971258532046,854.4971258532046,14.200310238889273,17.601330024104424,11.346858040494396,15.77704261493706,0.9988310890010266,30.22136815298073,28.752501921584017,28.19078105180853,105.7910874777174
2026-01-09 04:00:00,NODE_05,2026-01-09,27.7,88.8,8.701863294355162,45.82177650891224,57.33339309692383,5347.0,47.51734619466599,0.0417791388169863,11.822468917720052,0.977241565000449,0.3632461785621772,0,0,8.571419789848761,17.142839579697522,112.57167468858948,305.9661637272428,731.300767108901,863.1989891475597,863.1989891475597,14.200310238889273,17.601330024104424,23.215119886155776,14.669193140890386,0.9988428590954656,34.390026224388784,28.792607389947012,28.222249301415538,112.44141339911538
2026-01-09 05:00:00,NODE_05,2026-01-09,27.7,88.8,9.155421547087082,49.676932562428334,57.33339309692383,5347.0,47.51734619466599,-0.0390032976462557,2.591912026282697,0.8634431335103334,0.6106427509216448,0,0,8.571419789848761,17.142839579697522,120.40080747529548,314.78803278936795,734.2181265819353,872.3544106946468,872.3544106946468,14.200310238889273,17.601330024104424,32.47114006865041,22.87696291036751,0.998854989466184,38.38694383781755,28.844062273014103,28.27358614250848,120.2629472824563
2026-01-09 06:00:00,NODE_05,2026-01-09,27.7,88.8,3.381821761277205,45.23730424961534,57.33339309692383,5347.0,47.51734619466599,-0.0557386930518623,4.866596981923264,0.3230435846186024,0.1192501676814665,0,0,8.571419789848761,17.142839579697522,117.89465489506344,314.04103597858926,731.0504981990033,875.736232455924,875.736232455924,14.200310238889273,17.601330024104424,24.67591344263522,22.043816757272538,0.998859406098458,36.010724023422114,28.86894399277034,28.312466232362315,117.76018497066576
2026-01-09 07:00:00,NODE_05,2026-01-09,27.7,88.8,1.9275482357012923,75.89471745227391,57.33339309692383,5347.0,47.51734619466599,0.0591356715937201,3.970740572559363,0.4637805973609228,0.9240344924302546,0,0,8.571419789848761,17.142839579697522,117.9857047796993,312.32139115192217,729.3550437404436,877.6637806916253,877.6637806916253,14.200310238889273,17.601330024104424,25.186252399621797,25.840877955511644,0.9988619082498054,32.53666365561009,28.88000146373838,28.33358721947856,117.85142622244862
