node_id,timestamp,date,latitude,longitude,rainfall,soil_moisture,slope,elevation,flow_accumulation,ground_tilt,forecast_rainfall,historical_flood_risk,historical_landslide_risk,flood_event,landslide_event
NODE_01,2026-01-01 00:00:00,2026-01-01,27.1,88.1,5.368869529478628,72.73647296812591,30.347787857055664,1719.0,40.99292907334852,-0.0289731637035035,9.066124875658772,0.1140957848879333,0.8923024981396522,0,0
NODE_01,2026-01-01 01:00:00,2026-01-01,27.1,88.1,3.0708175719312862,46.338170987164105,30.347787857055664,1719.0,21.05245568878116,0.0544504990892386,2.639911636024714,0.1512468287349345,0.1853301795287144,0,0
NODE_01,2026-01-01 02:00:00,2026-01-01,27.1,88.1,2.7947635074991366,25.845050168906813,30.347787857055664,1719.0,68.24955750436047,0.0057266683107731,5.779677216337962,0.2253169299512351,0.0789691621908286,0,0
NODE_01,2026-01-01 03:00:00,2026-01-01,27.1,88.1,2.7948092966558,74.40028411492058,30.347787857055664,1719.0,10.140813379328195,0.0475072735499415,2.037771165594803,0.250966661340298,0.2395101699095381,0,0
NODE_01,2026-01-01 04:00:00,2026-01-01,27.1,88.1,11.516288386336026,59.08829748150635,30.347787857055664,1719.0,12.062994039875568,-0.0098976563284165,7.318556135533431,0.8506160578411378,0.7945782787001903,0,0
NODE_01,2026-01-01 05:00:00,2026-01-01,27.1,88.1,6.622224039236843,49.69554064728834,30.347787857055664,1719.0,1.6742887042623569,0.0658639113365592,2.15717420824353,0.5612227882825249,0.0346702667264833,0,0
NODE_01,2026-01-01 06:00:00,2026-01-01,27.1,88.1,2.1884909530479466,83.44480695663152,30.347787857055664,1719.0,50.39175196252081,0.0200671813512394,12.20882950198228,0.5233909113743664,0.5828068350834896,0,0
NODE_01,2026-01-01 07:00:00,2026-01-01,27.1,88.1,5.568896498754692,27.783823761430597,30.347787857055664,1719.0,27.491090310565436,0.1091253512088543,15.7812388869847,0.1147688718692174,0.99543751619131,0,0
NODE_01,2026-01-01 08:00:00,2026-01-01,27.1,88.1,4.34405033775162,54.48375730036014,30.347787857055664,1719.0,3.7366133315518426,-0.0184760808411115,14.238973836150498,0.860139693349435,0.8556960938375394,0,0
NODE_01,2026-01-01 09:00:00,2026-01-01,27.1,88.1,0.2404281575428491,20.79475513371933,30.347787857055664,1719.0,3.460458172172154,0.0102274698045372,6.696589308749638,0.7228143032084837,0.5214456890435895,0,0
NODE_01,2026-01-01 10:00:00,2026-01-01,27.1,88.1,1.136999251967144,52.80624493958884,30.347787857055664,1719.0,8.392759523250154,-0.0515788123435079,2.062022078467513,0.0676683619000015,0.0636409092866423,0,0
NODE_01,2026-01-01 11:00:00,2026-01-01,27.1,88.1,4.620221389602642,23.94122929772861,30.347787857055664,1719.0,44.41858406906267,-0.0264649118773109,10.283897102816516,0.7078350972297687,0.8313735143857098,0,0
NODE_01,2026-01-01 12:00:00,2026-01-01,27.1,88.1,10.721243436653488,28.317254138765037,30.347787857055664,1719.0,14.874368725530797,0.0309343273923952,11.246518219750875,0.5435382173426461,0.5989785081772105,0,0
NODE_01,2026-01-01 13:00:00,2026-01-01,27.1,88.1,2.818192196945801,28.22683727439734,30.347787857055664,1719.0,8.981914749315596,0.056466221876975,6.100378353244643,0.0817253457467782,0.1149329970595668,0,0
NODE_01,2026-01-01 14:00:00,2026-01-01,27.1,88.1,2.0157551533272238,65.44472114812444,30.347787857055664,1719.0,7.344003331226779,0.1482505175860361,2.718398318980347,0.4583006415286564,0.0938572848233562,0,0
NODE_01,2026-01-01 15:00:00,2026-01-01,27.1,88.1,3.8718744842219848,72.22314154857963,30.347787857055664,1719.0,7.022280635804058,-0.004831445331161,1.3434303641714884,0.484696287130047,0.9096268194365924,0,0
NODE_01,2026-01-01 16:00:00,2026-01-01,27.1,88.1,1.8921843190397272,60.83581355680117,30.347787857055664,1719.0,2.9046755545690037,-0.0466606703822798,2.218739272799791,0.1657745401632757,0.6692002629380784,0,0
NODE_01,2026-01-01 17:00:00,2026-01-01,27.1,88.1,2.6373363796608484,87.35207839321794,30.347787857055664,1719.0,6.005070335906096,0.037666288018862,2.0954454518484638,0.9456981470002824,0.8292867993167555,0,0
NODE_01,2026-01-01 18:00:00,2026-01-01,27.1,88.1,3.456445915298273,46.24094056665928,30.347787857055664,1719.0,6.885528706658087,-0.0563913610250653,4.812722869245349,0.8499753714806619,0.8789789002822673,0,0
NODE_01,2026-01-01 19:00:00,2026-01-01,27.1,88.1,1.069650794903589,39.99984603973025,30.347787857055664,1719.0,39.75053246899931,0.0282138694013368,10.689163213198388,0.6690223373291083,0.5717723520483222,0,0
NODE_01,2026-01-01 20:00:00,2026-01-01,27.1,88.1,6.899178624222735,80.80193897326222,30.347787857055664,1719.0,17.018090866594587,-0.0251127858097062,5.151508706633669,0.4622955610006072,0.5174463517550413,0,0
NODE_01,2026-01-01 21:00:00,2026-01-01,27.1,88.1,0.8472915850590834,35.65170869636169,30.347787857055664,1719.0,8.797038730742734,0.0105797485190196,1.2126282753477828,0.4117655415845085,0.4304274103209902,0,0
NODE_01,2026-01-01 22:00:00,2026-01-01,27.1,88.1,4.177442468147864,87.4255777608428,30.347787857055664,1719.0,202.29413565733248,0.0545523051082333,8.359474258182066,0.6509734671509542,0.3169465877911193,0,0
NODE_01,2026-01-01 23:00:00,2026-01-01,27.1,88.1,6.479664445908104,20.850813228287144,30.347787857055664,1719.0,10.340860503441272,-0.0055366714540347,19.140345379709395,0.5454318694069055,0.4345959608587117,0,0
NODE_01,2026-01-02 00:00:00,2026-01-02,27.1,88.1,4.085181481685724,87.89151786953474,30.347787857055664,1719.0,64.52823722166536,0.046643954216431,5.095830234814374,0.0622731058818856,0.7738796557301564,0,0
NODE_01,2026-01-02 01:00:00,2026-01-02,27.1,88.1,3.1384721485003544,23.021193836540327,30.347787857055664,1719.0,101.60660651534693,0.0436579274309574,2.2997446357590863,0.5125026487703317,0.6019234310151316,0,0
NODE_01,2026-01-02 02:00:00,2026-01-02,27.1,88.1,2.6121677203516147,82.38001795886498,30.347787857055664,1719.0,4.178864932209259,-0.0932165764154547,1.5616506755712545,0.8064036172328395,0.8925232899548461,0,0
NODE_01,2026-01-02 03:00:00,2026-01-02,27.1,88.1,2.209493244505471,56.93907763604099,30.347787857055664,1719.0,21.62744184375612,-0.0450800373017786,7.948459836962557,0.459239877596958,0.4433800143791877,0,0
NODE_01,2026-01-02 04:00:00,2026-01-02,27.1,88.1,8.164498261444663,89.50753572835103,30.347787857055664,1719.0,11.970752093003645,-0.0780903430697735,15.395729299447616,0.0519565775542684,0.607089578718754,0,0
NODE_01,2026-01-02 05:00:00,2026-01-02,27.1,88.1,4.658684025368981,25.16575953147792,30.347787857055664,1719.0,11.0350393258523,0.1000868551265067,3.4627493989959324,0.7862781993840331,0.6313075530919887,0,0
NODE_01,2026-01-02 06:00:00,2026-01-02,27.1,88.1,2.39460501371046,58.76979990809245,30.347787857055664,1719.0,35.00100645058263,-0.0052695962718663,2.719119357242717,0.2013637821359744,0.5916971623063255,0,0
NODE_01,2026-01-02 07:00:00,2026-01-02,27.1,88.1,1.7328373866156024,87.85117749333693,30.347787857055664,1719.0,10.77393190119138,0.0890414606483321,4.9892067499238175,0.2586208348880388,0.7026337730855163,0,0
NODE_01,2026-01-02 08:00:00,2026-01-02,27.1,88.1,5.879747899770376,56.61684909191042,30.347787857055664,1719.0,12.231700136767648,-0.0816476140270991,8.913460656682972,0.1647063534322959,0.2374334683748062,0,0
NODE_01,2026-01-02 09:00:00,2026-01-02,27.1,88.1,8.016515484765705,64.05790466946837,30.347787857055664,1719.0,16.977434914652704,-0.0286384212274262,2.120527787516909,0.3302150648714975,0.5123637775457907,0,0
NODE_01,2026-01-02 10:00:00,2026-01-02,27.1,88.1,7.468060616986609,68.7024082289232,30.347787857055664,1719.0,13.826689299973612,0.0400249120882986,5.709533917655748,0.756751505688635,0.1042248028083476,0,0
NODE_01,2026-01-02 11:00:00,2026-01-02,27.1,88.1,1.4241098919187491,51.81787453374413,30.347787857055664,1719.0,6.211670075162921,0.0089637302213342,7.198920488110075,0.5193858595039373,0.3845113276448125,0,0
NODE_01,2026-01-02 12:00:00,2026-01-02,27.1,88.1,2.5906084110188123,63.92906560588444,30.347787857055664,1719.0,44.518574422979306,0.0266429946406729,7.66224583663467,0.2048812741507125,0.4876670686212644,0,0
NODE_01,2026-01-02 13:00:00,2026-01-02,27.1,88.1,2.165588093615081,60.90200183461702,30.347787857055664,1719.0,57.31319855714282,-0.0626904116896628,1.4010948680958155,0.8778300781520408,0.6522242595454725,0,0
NODE_01,2026-01-02 14:00:00,2026-01-02,27.1,88.1,2.932207100296422,83.08106073436923,30.347787857055664,1719.0,28.32142511835484,0.0688401746439464,1.781445200793086,0.8795818549515292,0.9505310525862036,0,0
NODE_01,2026-01-02 15:00:00,2026-01-02,27.1,88.1,6.848264562974323,23.18124662390205,30.347787857055664,1719.0,13.78315713075412,0.0388508047878644,5.053581178595532,0.8705784250460069,0.6006510665483559,0,0
NODE_01,2026-01-02 16:00:00,2026-01-02,27.1,88.1,9.9907289220497,39.66742327145612,30.347787857055664,1719.0,9.922344793420605,0.0200812752745736,8.443176849406862,0.2387962113815392,0.7435939161765598,0,0
NODE_01,2026-01-02 17:00:00,2026-01-02,27.1,88.1,4.807480450114323,86.52880388535911,30.347787857055664,1719.0,9.93814056300691,-0.0342805140540903,21.55093232106989,0.4512393441809881,0.5062660594952028,0,0
NODE_01,2026-01-02 18:00:00,2026-01-02,27.1,88.1,1.7981337533500823,82.31846487236415,30.347787857055664,1719.0,212.16756534363216,0.0161900063802972,1.2864754365364377,0.9849896561408752,0.6341040313763313,0,0
NODE_01,2026-01-02 19:00:00,2026-01-02,27.1,88.1,3.3851891400063376,51.89597269499991,30.347787857055664,1719.0,51.30756984215195,-0.0145744989496745,5.83881401808392,0.7720124763099904,0.0709322161337734,0,0
NODE_01,2026-01-02 20:00:00,2026-01-02,27.1,88.1,11.412165711212063,63.40928184610757,30.347787857055664,1719.0,8.670183204447518,-0.0825245605018881,4.659970920730633,0.0271674212255598,0.254391580841847,0,0
NODE_01,2026-01-02 21:00:00,2026-01-02,27.1,88.1,3.7897097804757625,39.41668280867929,30.347787857055664,1719.0,23.681587025715817,-0.0025211425860743,3.0166601504269392,0.065204591260492,0.3618530932051387,0,0
NODE_01,2026-01-02 22:00:00,2026-01-02,27.1,88.1,2.6177608620110435,33.16848118066329,30.347787857055664,1719.0,13.977724773732833,-0.0078365199111262,11.73695216773351,0.4639313768123327,0.4724933550065135,0,0
NODE_01,2026-01-02 23:00:00,2026-01-02,27.1,88.1,2.835347011919632,52.45888834579875,30.347787857055664,1719.0,36.010133183069506,0.053120075493756,7.578639029750056,0.9092202058615602,0.0456487455023837,0,0
NODE_01,2026-01-03 00:00:00,2026-01-03,27.1,88.1,4.789391268022587,44.7346559618237,30.347787857055664,1719.0,34.587733731918675,-0.1117213221157101,7.766126275251809,0.5387017979527142,0.1400240975533176,0,0
NODE_01,2026-01-03 01:00:00,2026-01-03,27.1,88.1,1.4794789001698214,60.85592782956105,30.347787857055664,1719.0,59.35935031110647,0.011759991442735,1.185892649250854,0.4978125080342902,0.2768143077913058,0,0
NODE_01,2026-01-03 02:00:00,2026-01-03,27.1,88.1,2.112886835975104,25.441424587548937,30.347787857055664,1719.0,8.580082607247135,-0.0577784024052858,3.3015894184936307,0.1054736999566305,0.9715326909010508,0,0
NODE_01,2026-01-03 03:00:00,2026-01-03,27.1,88.1,7.3831106985403165,88.20763653663165,30.347787857055664,1719.0,22.303314476129785,0.0159611671097773,4.888429204707278,0.656780104724294,0.3313470071030507,0,0
NODE_01,2026-01-03 04:00:00,2026-01-03,27.1,88.1,4.677007626618157,89.0347521135722,30.347787857055664,1719.0,3.4954181645656384,0.0187140027788652,5.442737779731895,0.8221031606002255,0.4820410581120825,0,0
NODE_01,2026-01-03 05:00:00,2026-01-03,27.1,88.1,3.824085374094338,68.87131998138216,30.347787857055664,1719.0,5.712516813916375,-0.0043422388565095,25.47102435733096,0.3804200075075623,0.1960977127383929,0,0
NODE_01,2026-01-03 06:00:00,2026-01-03,27.1,88.1,7.670534389373368,57.52674564408843,30.347787857055664,1719.0,48.62320259164631,0.0403646562405542,3.48631620493766,0.7756118509253275,0.6107800710757683,0,0
NODE_01,2026-01-03 07:00:00,2026-01-03,27.1,88.1,1.6823711102102492,41.66693314004294,30.347787857055664,1719.0,7.762591297900416,-0.0622883029549849,0.050061764653304,0.9644766539008116,0.2806832155159743,0,0
NODE_01,2026-01-03 08:00:00,2026-01-03,27.1,88.1,2.5419969918331624,76.9656513794864,30.347787857055664,1719.0,8.663260925208789,0.055386022514085,4.948481411208885,0.2037664591276891,0.2069925784384267,0,0
NODE_01,2026-01-03 09:00:00,2026-01-03,27.1,88.1,4.549897674182138,67.93118207877156,30.347787857055664,1719.0,19.919953652060407,-0.035403943309707,7.222142953598734,0.5233296311947413,0.5165726284459791,0,0
NODE_01,2026-01-03 10:00:00,2026-01-03,27.1,88.1,4.415895746758324,31.383185754142392,30.347787857055664,1719.0,40.235956286605216,-0.0777949325244947,4.903831209849246,0.2871379580845755,0.0055057991604208,1,0
NODE_01,2026-01-03 11:00:00,2026-01-03,27.1,88.1,0.6252769534220242,83.76490291456898,30.347787857055664,1719.0,6.952999882139858,-0.0136197985249904,6.051870348572884,0.7928544190338394,0.0076640326492253,0,0
NODE_01,2026-01-03 12:00:00,2026-01-03,27.1,88.1,2.3062393208543543,77.57760700462183,30.347787857055664,1719.0,0.6182831043533001,-0.1047578761339992,7.410793667950371,0.5775933658811575,0.2190688091018577,0,0
NODE_01,2026-01-03 13:00:00,2026-01-03,27.1,88.1,3.002956052550504,86.48599393043469,30.347787857055664,1719.0,8.412988468206263,0.0127086946123101,1.0293795539912058,0.6345824175503038,0.0367213625008211,0,0
NODE_01,2026-01-03 14:00:00,2026-01-03,27.1,88.1,4.979317172395062,70.8003655871852,30.347787857055664,1719.0,67.06270504805971,-0.0129625221290112,2.278838291948406,0.7979141596158941,0.1080257541306913,0,0
NODE_01,2026-01-03 15:00:00,2026-01-03,27.1,88.1,4.40264825374224,62.93906371550529,30.347787857055664,1719.0,28.307733928791244,0.0616843460688017,4.401158462597048,0.3959704726624549,0.3388606493387516,0,0
NODE_01,2026-01-03 16:00:00,2026-01-03,27.1,88.1,3.26426741324253,49.27701254034332,30.347787857055664,1719.0,75.48053464838597,0.0324462105253497,2.6304636665866195,0.9150900684070432,0.8025856795798129,0,0
NODE_01,2026-01-03 17:00:00,2026-01-03,27.1,88.1,0.2374561006616516,85.29099383478093,30.347787857055664,1719.0,6.476523424760051,-0.0695998168594005,3.106876050853196,0.53302886724614,0.5720486433693008,0,0
NODE_01,2026-01-03 18:00:00,2026-01-03,27.1,88.1,3.414786292382906,80.62447226502859,30.347787857055664,1719.0,3.898546269888587,-0.0419193745558942,6.099161298004796,0.157954822835348,0.5126677259564164,0,0
NODE_01,2026-01-03 19:00:00,2026-01-03,27.1,88.1,3.698818341033315,23.16530690743326,30.347787857055664,1719.0,31.89816716978516,0.0260332210267104,2.4454722303108163,0.6958991181688025,0.2934888232081216,0,0
NODE_01,2026-01-03 20:00:00,2026-01-03,27.1,88.1,19.086843976184408,21.84568821480764,30.347787857055664,1719.0,25.534302331675217,0.0423539504992517,0.6811059698881637,0.7932613504382544,0.9317537194328164,0,0
NODE_01,2026-01-03 21:00:00,2026-01-03,27.1,88.1,2.912949765364964,46.35243568146347,30.347787857055664,1719.0,27.26365019777238,0.061125045744344,9.82307899150214,0.3167616770675266,0.3970150412371916,0,0
NODE_01,2026-01-03 22:00:00,2026-01-03,27.1,88.1,4.570876525813152,76.73873315472831,30.347787857055664,1719.0,51.05975648712965,0.0607254642652674,1.4533012930204148,0.857179256998753,0.0870927667957714,0,0
NODE_01,2026-01-03 23:00:00,2026-01-03,27.1,88.1,8.662752887974326,89.1093290520461,30.347787857055664,1719.0,30.62096557658897,-0.0044761305123952,3.820822035291077,0.9061432547657664,0.6170665161178013,0,0
NODE_01,2026-01-04 00:00:00,2026-01-04,27.1,88.1,6.545679029725557,30.52918237724697,30.347787857055664,1719.0,30.13289985068341,0.0181327811125584,2.8007016015774173,0.2769044873778089,0.1138383934766014,0,0
NODE_01,2026-01-04 01:00:00,2026-01-04,27.1,88.1,10.29737079970568,61.58915007464946,30.347787857055664,1719.0,41.05887506216757,0.0649369251971898,1.2153773728868955,0.983521472715222,0.3452231428016921,0,0
NODE_01,2026-01-04 02:00:00,2026-01-04,27.1,88.1,0.6392763910639985,46.66235996417151,30.347787857055664,1719.0,33.19557660268574,-0.0151654230967974,9.585231182952588,0.1407115280487584,0.5074119387178089,0,0
NODE_01,2026-01-04 03:00:00,2026-01-04,27.1,88.1,1.1714817751572322,87.89400784702222,30.347787857055664,1719.0,47.34427630320968,0.0189863093470061,8.795068641080418,0.2020156684024899,0.8742225246851758,0,0
NODE_01,2026-01-04 04:00:00,2026-01-04,27.1,88.1,1.96699695366372,78.9483246194996,30.347787857055664,1719.0,55.065358978807744,-0.0163440389839825,3.171109577847957,0.1842248392380261,0.4935465803401186,0,0
NODE_01,2026-01-04 05:00:00,2026-01-04,27.1,88.1,0.496270251262873,78.68300932977965,30.347787857055664,1719.0,92.91534420567676,-0.0275474057232713,4.601332141890381,0.8939897100078704,0.7022587660316643,0,0
NODE_01,2026-01-04 06:00:00,2026-01-04,27.1,88.1,3.726903467435884,52.80852118564792,30.347787857055664,1719.0,10.49405257330661,0.0024192559142901,5.152906902653387,0.6542925523249619,0.9928168389990704,0,0
NODE_01,2026-01-04 07:00:00,2026-01-04,27.1,88.1,1.2861134161916044,49.037365163636565,30.347787857055664,1719.0,32.47797305521826,-0.0343771725669795,1.3100825491839625,0.1521042832222728,0.1314891198979816,0,0
NODE_01,2026-01-04 08:00:00,2026-01-04,27.1,88.1,11.307680442108271,39.13849503514944,30.347787857055664,1719.0,13.869284285910238,-0.0065457986384874,1.5545521309437986,0.440323418368349,0.2747315255195195,0,0
NODE_01,2026-01-04 09:00:00,2026-01-04,27.1,88.1,1.5260249559179586,23.946284765564897,30.347787857055664,1719.0,8.727168821429611,-0.0517477432266066,4.534267154688675,0.615298025069802,0.3945760755976464,0,0
NODE_01,2026-01-04 10:00:00,2026-01-04,27.1,88.1,2.556688657136521,80.53056633785373,30.347787857055664,1719.0,10.079056720204736,-0.0094997193591189,1.1769930718881951,0.0834640849893832,0.4218281785388313,0,0
NODE_01,2026-01-04 11:00:00,2026-01-04,27.1,88.1,6.8532913357011225,76.90307063910544,30.347787857055664,1719.0,32.948822276446684,0.022419514680793,4.495598444906259,0.8824163684073387,0.4110210752655457,0,0
NODE_01,2026-01-04 12:00:00,2026-01-04,27.1,88.1,0.8347415640516511,89.98023713002914,30.347787857055664,1719.0,30.51604328874717,-0.0294381768103397,0.1130778557487846,0.8036035354415352,0.9076110025565548,0,0
NODE_01,2026-01-04 13:00:00,2026-01-04,27.1,88.1,0.4478706279232288,89.76457859517338,30.347787857055664,1719.0,29.976448676543416,0.0004645876265456,2.996168096589761,0.5052067735766382,0.7140326444668564,0,0
NODE_01,2026-01-04 14:00:00,2026-01-04,27.1,88.1,4.133019210101507,58.88021939218392,30.347787857055664,1719.0,16.02718515169245,0.0069671296810632,6.008919436856513,0.9671266152591704,0.6079052140907037,0,0
NODE_01,2026-01-04 15:00:00,2026-01-04,27.1,88.1,4.411461147260795,73.82911906263574,30.347787857055664,1719.0,20.15424127143147,0.0226267445910667,5.619816454547806,0.4177609792750997,0.3093727178627821,0,0
NODE_01,2026-01-04 16:00:00,2026-01-04,27.1,88.1,6.6938023532612725,86.13360109176996,30.347787857055664,1719.0,45.50183686839796,-0.0066789920652607,11.54641369097078,0.9841103190364978,0.8237903842212947,0,0
NODE_01,2026-01-04 17:00:00,2026-01-04,27.1,88.1,5.478333785456636,79.47531734741881,30.347787857055664,1719.0,4.529479083829584,0.0542933170933902,1.3060283097737944,0.6679199988036271,0.9550605114849888,0,0
NODE_01,2026-01-04 18:00:00,2026-01-04,27.1,88.1,4.55323477519722,37.31436712202384,30.347787857055664,1719.0,20.58663540337024,-0.1050459430725959,4.2952940909417725,0.6346712732539415,0.8211982825502265,0,1
NODE_01,2026-01-04 19:00:00,2026-01-04,27.1,88.1,1.726552875581422,51.53808947170655,30.347787857055664,1719.0,21.97611426085701,0.1468876423583886,9.886473124963176,0.165954895295785,0.0015651051914729,0,0
NODE_01,2026-01-04 20:00:00,2026-01-04,27.1,88.1,4.307818533487479,29.04115906060465,30.347787857055664,1719.0,42.66181547905892,-0.0435566882018758,5.966341172142785,0.881927758304644,0.636401370183407,0,0
NODE_01,2026-01-04 21:00:00,2026-01-04,27.1,88.1,4.538144287114992,86.78357190811056,30.347787857055664,1719.0,5.2056865118488655,0.0201695011677038,9.043257024954713,0.4274896879206151,0.0511353814421007,0,0
NODE_01,2026-01-04 22:00:00,2026-01-04,27.1,88.1,1.658035782217156,62.432224411561606,30.347787857055664,1719.0,89.58014912737723,-0.0469233955102924,1.1800480976006529,0.1622334057824793,0.2576072203337218,0,0
NODE_01,2026-01-04 23:00:00,2026-01-04,27.1,88.1,13.6950458389387,36.00499638524239,30.347787857055664,1719.0,24.869208316271266,0.032213407975465,4.942771598692437,0.012607519975759,0.0595247003477716,0,0
NODE_01,2026-01-05 00:00:00,2026-01-05,27.1,88.1,5.27085537372778,67.01904790840997,30.347787857055664,1719.0,26.221522596589924,0.0138284576297463,3.74561173581592,0.5597556836383826,0.6037954529493877,0,0
NODE_01,2026-01-05 01:00:00,2026-01-05,27.1,88.1,1.1964231275000443,63.26897683205271,30.347787857055664,1719.0,13.44517415349958,-0.0325356768672544,5.066606603284666,0.5273996221226763,0.6865899134926068,0,0
NODE_01,2026-01-05 02:00:00,2026-01-05,27.1,88.1,6.720106725415162,45.071390262298834,30.347787857055664,1719.0,34.39882321049055,0.0536543672705156,1.9872775743750348,0.7193536223691586,0.1144876380659051,0,0
NODE_01,2026-01-05 03:00:00,2026-01-05,27.1,88.1,7.641764422101442,27.94903145397403,30.347787857055664,1719.0,21.072187652941658,-0.008198043980096,12.82789887434656,0.8902580530178021,0.3838388830449795,0,0
NODE_01,2026-01-05 04:00:00,2026-01-05,27.1,88.1,5.01518624374126,67.01012369149598,30.347787857055664,1719.0,67.28800198138464,0.0273607969028502,8.26594121229453,0.0794065846430295,0.456236508955542,0,0
NODE_01,2026-01-05 05:00:00,2026-01-05,27.1,88.1,2.763546948529523,56.421539063265534,30.347787857055664,1719.0,4.75171569575601,-0.0458579902598018,11.669261391824232,0.7314964903403623,0.3690530217609166,0,0
NODE_01,2026-01-05 06:00:00,2026-01-05,27.1,88.1,1.5816842684378454,74.06228742149476,30.347787857055664,1719.0,23.939883406754618,-0.001544381778579,5.99692904977842,0.1874119440975822,0.121025000485193,0,0
NODE_01,2026-01-05 07:00:00,2026-01-05,27.1,88.1,3.2560594311420585,56.41144507783954,30.347787857055664,1719.0,30.22025359318621,0.1001703633591052,2.2278209635240445,0.858177053157164,0.4189477901874754,0,0
NODE_01,2026-01-05 08:00:00,2026-01-05,27.1,88.1,4.725927808959516,79.65270502229781,30.347787857055664,1719.0,16.670281873316085,0.0481482764557065,7.811945573786844,0.8190635138616561,0.7511780478084181,0,0
NODE_01,2026-01-05 09:00:00,2026-01-05,27.1,88.1,3.542300220218787,58.63347871421399,30.347787857055664,1719.0,13.401064936778145,0.0153810377725525,12.932867921277005,0.5407937549855444,0.0710076645332554,0,0
NODE_01,2026-01-05 10:00:00,2026-01-05,27.1,88.1,10.63865740261588,59.26565800747704,30.347787857055664,1719.0,13.971823871289605,-0.0224460413804897,5.989966267119053,0.7102427986233115,0.0801800140819034,0,0
NODE_01,2026-01-05 11:00:00,2026-01-05,27.1,88.1,5.94404856411905,81.36575218608415,30.347787857055664,1719.0,23.918190288088702,0.0033749267937504,1.7011195233799865,0.3143501131837484,0.3547712918359842,0,0
NODE_01,2026-01-05 12:00:00,2026-01-05,27.1,88.1,1.3924273981249038,48.24380063486779,30.347787857055664,1719.0,3.2872163059732724,0.009878299508619,2.5727854129266965,0.4711678989328146,0.941725711618925,0,0
NODE_01,2026-01-05 13:00:00,2026-01-05,27.1,88.1,1.050388014751474,29.38106599154485,30.347787857055664,1719.0,52.72105814683145,0.0224614217459872,4.835396572291062,0.8216368977104717,0.668572646722914,0,0
NODE_01,2026-01-05 14:00:00,2026-01-05,27.1,88.1,5.307722120676769,22.01478734193373,30.347787857055664,1719.0,12.426957841229097,-0.0538330254088832,14.20378389531188,0.4592651971732139,0.6786699566725648,0,0
NODE_01,2026-01-05 15:00:00,2026-01-05,27.1,88.1,2.8246855441686947,72.85960789715332,30.347787857055664,1719.0,22.82377366591247,0.0334203980471182,17.555850453545702,0.3577982653254418,0.3619199908378649,0,0
NODE_01,2026-01-05 16:00:00,2026-01-05,27.1,88.1,6.36086651143484,63.42166859474253,30.347787857055664,1719.0,28.99438721047847,-0.0544796549147326,1.864576477010374,0.4942124472502999,0.5936607912085384,0,0
NODE_01,2026-01-05 17:00:00,2026-01-05,27.1,88.1,5.268321410612267,69.28558376694565,30.347787857055664,1719.0,11.872141589426995,0.0815562926140936,6.397027712262756,0.8282492524372184,0.0101311840277433,0,0
NODE_01,2026-01-05 18:00:00,2026-01-05,27.1,88.1,3.2692716643351947,34.90749130562375,30.347787857055664,1719.0,17.618713302308873,-0.0385814161208439,2.539758776981868,0.3352080473708727,0.6360960464095422,0,0
NODE_01,2026-01-05 19:00:00,2026-01-05,27.1,88.1,1.4106721879256066,29.546003291073884,30.347787857055664,1719.0,2.6241571515856457,0.0148314159838087,1.0312749632542388,0.1737615931357438,0.9132869475762369,0,0
NODE_01,2026-01-05 20:00:00,2026-01-05,27.1,88.1,0.5285017713869459,21.01812659675173,30.347787857055664,1719.0,41.76771227062936,0.0502571286639009,7.644500493848349,0.7120140203307808,0.6125734683448192,0,0
NODE_01,2026-01-05 21:00:00,2026-01-05,27.1,88.1,4.2405886277737,44.54112911646179,30.347787857055664,1719.0,59.14955104715682,-0.0126190021732224,5.334329407947254,0.8259782127080818,0.873698593466345,0,0
NODE_01,2026-01-05 22:00:00,2026-01-05,27.1,88.1,0.8163420387371121,61.29423807982432,30.347787857055664,1719.0,3.6656528412663865,0.0170300009549929,5.636345917482426,0.1006374785235333,0.7239730554660938,0,0
NODE_01,2026-01-05 23:00:00,2026-01-05,27.1,88.1,1.3461503469612122,47.45708315698126,30.347787857055664,1719.0,13.376602829259324,0.0717590774595026,3.9911696930633007,0.2398741127559447,0.1205584164036902,0,0
NODE_01,2026-01-06 00:00:00,2026-01-06,27.1,88.1,4.02213137947476,50.62324454166104,30.347787857055664,1719.0,5.871620272663145,0.0282201493946633,6.107823733406305,0.1419719897609939,0.9024533072858416,0,0
NODE_01,2026-01-06 01:00:00,2026-01-06,27.1,88.1,3.6920263486398697,83.29110861456239,30.347787857055664,1719.0,16.814803825926223,0.0177775314837176,5.912327254627033,0.3479414115821666,0.0664438443557748,0,0
NODE_01,2026-01-06 02:00:00,2026-01-06,27.1,88.1,0.949134847161082,44.37788269163102,30.347787857055664,1719.0,38.42223523998032,-0.0842392697410231,9.301288333559992,0.4503509789054126,0.5339674725477638,0,0
NODE_01,2026-01-06 03:00:00,2026-01-06,27.1,88.1,8.313173746050346,55.97926424118676,30.347787857055664,1719.0,53.90961776829826,-0.0466861126370111,1.9601284011077325,0.7488263369633065,0.1421371237934576,0,0
NODE_01,2026-01-06 04:00:00,2026-01-06,27.1,88.1,8.145589594305203,74.85571089188001,30.347787857055664,1719.0,61.67342897343927,0.0523460063825006,9.65489981163942,0.6511475848816741,0.011706610730904,0,0
NODE_01,2026-01-06 05:00:00,2026-01-06,27.1,88.1,5.448220175009984,47.75799476248891,30.347787857055664,1719.0,74.48098252603954,0.0284975152670691,8.613408194100119,0.6209285674784312,0.422034260127639,0,0
NODE_01,2026-01-06 06:00:00,2026-01-06,27.1,88.1,5.442784581479744,63.54606901595115,30.347787857055664,1719.0,16.080176202286708,0.0360733136892537,6.223038585985395,0.3523749466096544,0.2950407076541562,0,0
NODE_01,2026-01-06 07:00:00,2026-01-06,27.1,88.1,5.448274226854935,80.36545961227216,30.347787857055664,1719.0,6.379191538772568,0.0317698466107448,4.798856876912327,0.8414475530847599,0.486000493797603,0,0
NODE_01,2026-01-06 08:00:00,2026-01-06,27.1,88.1,7.59075487827732,86.46644365603495,30.347787857055664,1719.0,17.910904184446704,0.0644878264187687,4.270693530139699,0.4712871673981645,0.5771998867345508,0,0
NODE_01,2026-01-06 09:00:00,2026-01-06,27.1,88.1,6.06349161909179,30.295143665032658,30.347787857055664,1719.0,37.83624487359295,-0.0130699962477561,4.305315364978874,0.9791049380151544,0.0437390723089473,0,0
NODE_01,2026-01-06 10:00:00,2026-01-06,27.1,88.1,1.5455370176550876,84.86113376130461,30.347787857055664,1719.0,5.886962847454613,0.006024997939465,4.799592847447256,0.6341421382957368,0.1230032951237456,0,0
NODE_01,2026-01-06 11:00:00,2026-01-06,27.1,88.1,2.787336806718012,54.44814051556767,30.347787857055664,1719.0,105.65055037308304,-0.0514337166564542,0.7331126492467146,0.1262647415645027,0.5586423964504253,0,0
NODE_01,2026-01-06 12:00:00,2026-01-06,27.1,88.1,17.633684556216828,38.07710718092709,30.347787857055664,1719.0,49.298247796325526,-0.0639011291718188,23.33112359340039,0.676177562075434,0.3431673531726582,0,0
NODE_01,2026-01-06 13:00:00,2026-01-06,27.1,88.1,0.2663149151579972,52.13950293667829,30.347787857055664,1719.0,16.337005840875523,-0.0821870357794029,11.02574120469343,0.325104015431699,0.729173487549448,0,0
NODE_01,2026-01-06 14:00:00,2026-01-06,27.1,88.1,2.1826732636836184,88.6022802699834,30.347787857055664,1719.0,9.866331175382191,-0.0442581749499923,17.682643478824073,0.6863271966860974,0.6522916485919397,0,0
NODE_01,2026-01-06 15:00:00,2026-01-06,27.1,88.1,8.347250438262106,54.48326657950087,30.347787857055664,1719.0,10.286978980990051,0.0776280907744821,7.912376470600708,0.0696411481624057,0.8456043629899068,0,0
NODE_01,2026-01-06 16:00:00,2026-01-06,27.1,88.1,1.656161285851518,43.01261272012557,30.347787857055664,1719.0,21.632703352975795,-0.0776363533908018,2.461092032425769,0.1748814371759594,0.6924928266692253,0,0
NODE_01,2026-01-06 17:00:00,2026-01-06,27.1,88.1,6.196289402174635,64.3380598021708,30.347787857055664,1719.0,15.968170502432503,-0.0151767992788598,7.051999872437181,0.8557372589057863,0.4299310773901481,0,0
NODE_01,2026-01-06 18:00:00,2026-01-06,27.1,88.1,3.6497561672232033,36.81019331447352,30.347787857055664,1719.0,51.96148417962912,-0.0646572661823078,9.239103300499384,0.2271795570235149,0.6729666223944324,0,0
NODE_01,2026-01-06 19:00:00,2026-01-06,27.1,88.1,1.7846970178130754,25.310432967606477,30.347787857055664,1719.0,14.253809034991798,-0.030048698150168,1.698712555617259,0.83704112524294,0.2753811742554185,0,0
NODE_01,2026-01-06 20:00:00,2026-01-06,27.1,88.1,4.139613053489343,29.02158053374545,30.347787857055664,1719.0,33.29814902516056,0.0084846896176009,12.736309495197323,0.2792760884544104,0.3063134987782127,0,0
NODE_01,2026-01-06 21:00:00,2026-01-06,27.1,88.1,1.5088229906909882,28.96320872704407,30.347787857055664,1719.0,19.51288693639105,-0.0350057936602504,3.067902874741418,0.6428819100587077,0.7889851599207933,0,0
NODE_01,2026-01-06 22:00:00,2026-01-06,27.1,88.1,3.141220510564043,30.633188545860605,30.347787857055664,1719.0,26.30264113161779,0.054483243250823,8.518766300659557,0.694150573509831,0.4464195164015822,0,0
NODE_01,2026-01-06 23:00:00,2026-01-06,27.1,88.1,5.404605197629791,29.71790208545871,30.347787857055664,1719.0,15.957733400179691,0.0766989060424783,14.12123714682663,0.5126547531450529,0.7983803405183525,0,0
NODE_01,2026-01-07 00:00:00,2026-01-07,27.1,88.1,7.121652305707361,64.86123213622503,30.347787857055664,1719.0,40.76058421299086,-0.1124547864027969,5.9736698591303,0.3053106766967313,0.8224223736682784,0,0
NODE_01,2026-01-07 01:00:00,2026-01-07,27.1,88.1,2.1755534994368126,32.731605907940136,30.347787857055664,1719.0,41.36934221464871,-0.0341496165175561,14.196452964853684,0.2126443763710961,0.8575623376612838,1,0
NODE_01,2026-01-07 02:00:00,2026-01-07,27.1,88.1,1.781123727418862,44.19670983267042,30.347787857055664,1719.0,31.814718411052176,0.0029571061136211,0.7873282567312475,0.0331893545624262,0.9166352358412072,0,0
NODE_01,2026-01-07 03:00:00,2026-01-07,27.1,88.1,0.7978874962050699,82.77518869342083,30.347787857055664,1719.0,36.874281405052905,0.056305851300769,1.3330426137256617,0.3039464012407238,0.4309852205132962,0,0
NODE_01,2026-01-07 04:00:00,2026-01-07,27.1,88.1,7.39622879709362,53.177314818401065,30.347787857055664,1719.0,7.811767279631379,-0.0227122137576631,1.951562593143758,0.653162790531283,0.3188668183211388,0,0
NODE_01,2026-01-07 05:00:00,2026-01-07,27.1,88.1,15.863260680085576,66.7290416964719,30.347787857055664,1719.0,27.750275356750016,-0.0009967697622905,0.502425062255965,0.9383048184484828,0.5821987465941139,0,0
NODE_01,2026-01-07 06:00:00,2026-01-07,27.1,88.1,8.02477101734377,32.06239098411409,30.347787857055664,1719.0,70.04947425602437,-0.0578372112525974,14.218099016027043,0.871204482263052,0.3711724234376276,0,0
NODE_01,2026-01-07 07:00:00,2026-01-07,27.1,88.1,9.419506344261178,33.46023131660695,30.347787857055664,1719.0,32.83203012242802,-0.0766397926131172,11.7389166546397,0.7660647765353026,0.601074166800233,0,0
NODE_01,2026-01-07 08:00:00,2026-01-07,27.1,88.1,1.6712283775664385,22.86080313865352,30.347787857055664,1719.0,7.16553335320499,0.0722692344791466,2.602998165875981,0.7884473432532987,0.7055858626438246,0,0
NODE_01,2026-01-07 09:00:00,2026-01-07,27.1,88.1,5.144107967673095,31.82545441505152,30.347787857055664,1719.0,19.110415304919503,-0.0912034936946468,22.259570548589902,0.6649849034759953,0.6884050184921369,0,0
NODE_01,2026-01-07 10:00:00,2026-01-07,27.1,88.1,6.657975201862413,39.501323732237104,30.347787857055664,1719.0,29.223639052125836,0.1164309504210783,3.5010032668425723,0.260286857566003,0.3745528870201213,0,0
NODE_01,2026-01-07 11:00:00,2026-01-07,27.1,88.1,1.119394573066841,32.39073389937228,30.347787857055664,1719.0,9.417790275533289,0.036257569969087,18.21226637492325,0.90719503070583,0.1668602016987528,0,0
NODE_01,2026-01-07 12:00:00,2026-01-07,27.1,88.1,0.1987100637402733,26.20917736299389,30.347787857055664,1719.0,5.164089494404665,0.0339986537758377,18.48455380315224,0.670732311905834,0.4305293384622075,0,0
NODE_01,2026-01-07 13:00:00,2026-01-07,27.1,88.1,0.7512915293885526,28.444510977042057,30.347787857055664,1719.0,14.642117434274889,0.0287734333747215,2.4542977860212973,0.56044063098044,0.1425941440819087,0,0
NODE_01,2026-01-07 14:00:00,2026-01-07,27.1,88.1,3.100168944917224,52.254513762290806,30.347787857055664,1719.0,9.575115446141467,-0.0126342844000481,9.234986534333098,0.110989469213481,0.8900970351838083,0,0
NODE_01,2026-01-07 15:00:00,2026-01-07,27.1,88.1,2.197530024148754,34.44336028840547,30.347787857055664,1719.0,19.800574820352665,0.0196042264850434,11.338821510055109,0.4470555438064254,0.3458774607378574,0,0
NODE_01,2026-01-07 16:00:00,2026-01-07,27.1,88.1,4.983108147709846,45.49889027336528,30.347787857055664,1719.0,4.090206069407512,-0.0094448343892237,2.386040188916887,0.4603582712019263,0.1544597472233237,0,0
NODE_01,2026-01-07 17:00:00,2026-01-07,27.1,88.1,7.352964282454311,55.23920895983999,30.347787857055664,1719.0,35.328890696578554,0.0276536638220239,0.0139519936285295,0.86456360952267,0.0254477599057508,0,0
NODE_01,2026-01-07 18:00:00,2026-01-07,27.1,88.1,2.884098024242117,68.32763800405557,30.347787857055664,1719.0,10.648243667508076,-0.0016843263454358,9.052913235866006,0.5466482201877885,0.6458223862864843,0,1
NODE_01,2026-01-07 19:00:00,2026-01-07,27.1,88.1,3.7010591875861736,22.751849788876925,30.347787857055664,1719.0,54.36672188814115,-0.0475174091550867,1.8892376185092257,0.3804005489704096,0.6369023174547432,0,0
NODE_01,2026-01-07 20:00:00,2026-01-07,27.1,88.1,0.2491757066616644,75.95872792363298,30.347787857055664,1719.0,15.227471927750752,-0.0435286308130878,4.106398809615221,0.9768003285106592,0.3406041665812916,0,0
NODE_01,2026-01-07 21:00:00,2026-01-07,27.1,88.1,9.505216212829795,63.95302726436354,30.347787857055664,1719.0,19.582003459819216,-0.0492136187646251,5.535897845558334,0.1107205933263156,0.071711888847651,0,0
NODE_01,2026-01-07 22:00:00,2026-01-07,27.1,88.1,6.230736865158805,25.723132236421037,30.347787857055664,1719.0,16.89411136557751,0.0485450365967154,7.628394500666437,0.4225484283119446,0.409628894895232,0,0
NODE_01,2026-01-07 23:00:00,2026-01-07,27.1,88.1,3.735050770047067,81.15050368747441,30.347787857055664,1719.0,10.092981788641278,-0.0308723306229549,3.3132798107713075,0.0420246751714052,0.3112174950633936,0,0
NODE_01,2026-01-08 00:00:00,2026-01-08,27.1,88.1,2.148554500523045,84.46106803722692,30.347787857055664,1719.0,238.0020916962735,-0.095605158054243,5.89092718436084,0.7399041207669304,0.6771206397350094,0,0
NODE_01,2026-01-08 01:00:00,2026-01-08,27.1,88.1,4.216712643198388,24.275457189840463,30.347787857055664,1719.0,12.232958455920985,0.0198419332924402,11.99724996879504,0.9180765521991506,0.6057792494526903,0,0
NODE_01,2026-01-08 02:00:00,2026-01-08,27.1,88.1,1.846117340763046,39.38143537030426,30.347787857055664,1719.0,55.89760430616487,0.075725878129479,0.3034339086726383,0.2800373295504894,0.36459372819754,0,0
NODE_01,2026-01-08 03:00:00,2026-01-08,27.1,88.1,2.469836052988108,76.4340895855143,30.347787857055664,1719.0,6.728626616335699,0.0386541594588763,0.8399486306506246,0.8583416767991209,0.2178925542549901,0,0
NODE_01,2026-01-08 04:00:00,2026-01-08,27.1,88.1,4.808993668803307,72.37817832685609,30.347787857055664,1719.0,29.14057086769434,-0.0301661782610856,1.2093460969651706,0.2922182304618977,0.988035966155592,0,0
NODE_01,2026-01-08 05:00:00,2026-01-08,27.1,88.1,5.741806899298355,32.91647135494641,30.347787857055664,1719.0,32.423133467398635,-0.0793405857797544,2.7376440192266385,0.9107701616439152,0.4540016211961148,0,0
NODE_01,2026-01-08 06:00:00,2026-01-08,27.1,88.1,5.609523459933067,34.65445263356972,30.347787857055664,1719.0,19.60575259466916,-0.0067134051678755,8.856123987048468,0.7539619035967839,0.688274235780237,0,0
NODE_01,2026-01-08 07:00:00,2026-01-08,27.1,88.1,1.6663663169342549,45.93304719539674,30.347787857055664,1719.0,11.34747531934986,-0.0079611939048355,10.703441440877455,0.8049067768414386,0.1405529675783607,0,0
NODE_01,2026-01-08 08:00:00,2026-01-08,27.1,88.1,0.3153630250523764,53.916608963371495,30.347787857055664,1719.0,15.435624195252547,-0.0484599805156883,3.874062458570612,0.0180065556004545,0.4855896996593978,0,0
NODE_01,2026-01-08 09:00:00,2026-01-08,27.1,88.1,0.8476359296361652,63.27783400712072,30.347787857055664,1719.0,13.41952180672638,0.0275518651121268,3.8848884518832936,0.962810357074026,0.0275367198694654,0,0
NODE_01,2026-01-08 10:00:00,2026-01-08,27.1,88.1,11.32840941356726,45.82395476988407,30.347787857055664,1719.0,221.8555028379836,0.0923313250415236,13.621051575792,0.7266709920703233,0.50545511791045,0,0
NODE_01,2026-01-08 11:00:00,2026-01-08,27.1,88.1,2.260241260438552,52.37743012932035,30.347787857055664,1719.0,19.636634142280226,0.0111141358729142,5.61293610067169,0.3047510953861333,0.9640174071177025,0,0
NODE_01,2026-01-08 12:00:00,2026-01-08,27.1,88.1,3.5395069098779244,72.32296566936296,30.347787857055664,1719.0,33.94999744218148,0.0080238103499422,3.2150935611184326,0.8293946648588469,0.3842067129858002,0,0
NODE_01,2026-01-08 13:00:00,2026-01-08,27.1,88.1,7.466202361782203,22.567824202341853,30.347787857055664,1719.0,119.29806274138382,-0.0468614024416911,9.736348138196163,0.2815211984149299,0.0389960125749115,0,0
NODE_01,2026-01-08 14:00:00,2026-01-08,27.1,88.1,2.780643237766274,37.67058610408145,30.347787857055664,1719.0,8.361863692913635,0.0698707351530186,8.90037110742641,0.872753839566128,0.0309557909193435,0,0
NODE_01,2026-01-08 15:00:00,2026-01-08,27.1,88.1,7.06053188839516,69.93447101191867,30.347787857055664,1719.0,20.85638701872104,-0.0037572083405008,6.591431122496222,0.112580390411937,0.3879867599468695,0,0
NODE_01,2026-01-08 16:00:00,2026-01-08,27.1,88.1,2.6931431881601617,82.66447863810396,30.347787857055664,1719.0,15.345371050374888,-0.0289481627597085,2.6017101867967503,0.7036859774607958,0.160024936463194,0,0
NODE_01,2026-01-08 17:00:00,2026-01-08,27.1,88.1,1.8655247964036072,55.81742094809663,30.347787857055664,1719.0,18.42782138642458,0.0031844196825807,1.591656207482133,0.5406984766449103,0.0233520963281859,0,0
NODE_01,2026-01-08 18:00:00,2026-01-08,27.1,88.1,14.0729657904624,57.247943968572095,30.347787857055664,1719.0,16.79343494382272,0.0235980666623304,1.7752914911027982,0.0965344701954408,0.7562136139501768,0,0
NODE_01,2026-01-08 19:00:00,2026-01-08,27.1,88.1,8.210778942518873,27.502040793784325,30.347787857055664,1719.0,9.661248791675646,0.0069607704322451,1.8962903179416355,0.2418938282588389,0.4585230088818907,0,0
NODE_01,2026-01-08 20:00:00,2026-01-08,27.1,88.1,9.036189917790598,51.318865677641824,30.347787857055664,1719.0,24.42019087513566,0.0603076697835295,1.7072795487312422,0.0124040362773147,0.2892447719726545,0,0
NODE_01,2026-01-08 21:00:00,2026-01-08,27.1,88.1,0.8780956569469065,57.28320865185162,30.347787857055664,1719.0,6.940454224436279,0.0191985776273431,2.742790802930688,0.4687679654645058,0.9000831830164807,0,0
NODE_01,2026-01-08 22:00:00,2026-01-08,27.1,88.1,1.688156958438932,36.97293525443108,30.347787857055664,1719.0,53.99452957732306,-0.0141970905441267,4.606357023890421,0.3012652607600004,0.1161389602005256,0,0
NODE_01,2026-01-08 23:00:00,2026-01-08,27.1,88.1,3.471507174571581,38.847026166456665,30.347787857055664,1719.0,37.46135269148671,0.0200596108163445,5.11973963252221,0.5983574842977588,0.9559188289553192,0,0
NODE_01,2026-01-09 00:00:00,2026-01-09,27.1,88.1,2.5909262447191894,46.40989141732359,30.347787857055664,1719.0,12.26239403706229,0.0249818550562978,1.2872563476222576,0.2972378077086172,0.3139667173773528,0,0
NODE_01,2026-01-09 01:00:00,2026-01-09,27.1,88.1,6.804192980840137,21.40498384444085,30.347787857055664,1719.0,12.87151433490733,-0.0648187959631921,5.8176280684386015,0.2999191115069847,0.8884036723086812,0,0
NODE_01,2026-01-09 02:00:00,2026-01-09,27.1,88.1,5.889667655001905,42.54554159082248,30.347787857055664,1719.0,26.456729842975676,0.0574709864131857,5.054240266714123,0.7431931987316034,0.6029428764794615,0,0
NODE_01,2026-01-09 03:00:00,2026-01-09,27.1,88.1,10.001431309868163,34.801360489758125,30.347787857055664,1719.0,9.038151599303362,-0.0150452009680679,4.209180705366943,0.0481428359783534,0.8267073597414875,0,0
NODE_01,2026-01-09 04:00:00,2026-01-09,27.1,88.1,2.2753195841080758,42.924814652454025,30.347787857055664,1719.0,122.97488212279671,-0.0137661611752715,2.513251913054523,0.9028949951919872,0.9840131632104644,0,0
NODE_01,2026-01-09 05:00:00,2026-01-09,27.1,88.1,4.202875874699108,28.383349227347587,30.347787857055664,1719.0,28.72953617802144,0.0375687993537972,1.3253903399803129,0.8522638743911815,0.2884054378187457,0,0
NODE_01,2026-01-09 06:00:00,2026-01-09,27.1,88.1,8.73130413136828,82.33690965179265,30.347787857055664,1719.0,29.762914879364452,0.037358261212979,7.570371646583031,0.6678046832264065,0.961135485407593,0,0
NODE_01,2026-01-09 07:00:00,2026-01-09,27.1,88.1,2.1698083874186103,61.551471748783406,30.347787857055664,1719.0,39.70372771376615,-0.0350415839433042,5.020879700311517,0.5932215701073843,0.3894818949024203,0,0
NODE_02,2026-01-01 00:00:00,2026-01-01,27.25,88.25,4.752715148277916,57.73661869152061,34.11826705932617,958.0,30.65068666330077,-0.0553146756205817,6.154770907685846,0.16145783406424,0.2705592564879914,0,0
NODE_02,2026-01-01 01:00:00,2026-01-01,27.25,88.25,5.509040768235,39.77306984590026,34.11826705932617,958.0,37.69508008530437,-0.0412257080763836,3.9624908461061503,0.471739837518439,0.248791788739177,0,0
NODE_02,2026-01-01 02:00:00,2026-01-01,27.25,88.25,0.1783843774591331,49.76597298063857,34.11826705932617,958.0,8.986147638425487,-0.030429486161985,3.9713295628132887,0.5534717762098499,0.9420582194885956,0,0
NODE_02,2026-01-01 03:00:00,2026-01-01,27.25,88.25,11.470484352689793,22.629976327923515,34.11826705932617,958.0,49.17352804155223,-0.0264488854032007,16.519553799102667,0.5702869387313905,0.2982724542341227,0,0
NODE_02,2026-01-01 04:00:00,2026-01-01,27.25,88.25,4.375901032790432,28.950676085569228,34.11826705932617,958.0,10.680528003443406,-0.0528278821380126,1.8381360274990235,0.2101071929123518,0.7755052967189994,0,0
NODE_02,2026-01-01 05:00:00,2026-01-01,27.25,88.25,1.0613055529333897,73.58827253611025,34.11826705932617,958.0,25.8721018117783,0.0611541533547662,15.246189793419935,0.7422713922522868,0.3931217982070791,0,0
NODE_02,2026-01-01 06:00:00,2026-01-01,27.25,88.25,1.3641346658884694,20.00081443287563,34.11826705932617,958.0,45.61989944250931,-0.0129427200184915,1.851100720816649,0.0251990948210696,0.1392540707847039,0,0
NODE_02,2026-01-01 07:00:00,2026-01-01,27.25,88.25,0.797197368522393,49.15960799376045,34.11826705932617,958.0,19.42163081312168,0.0176252484178439,7.312913848285284,0.3548318555431626,0.0107152976953589,0,0
NODE_02,2026-01-01 08:00:00,2026-01-01,27.25,88.25,1.3786580885825213,56.57571267599119,34.11826705932617,958.0,31.650087466508413,-0.028517568320684,3.3965773760375324,0.7802126485356335,0.5442573370152508,0,0
NODE_02,2026-01-01 09:00:00,2026-01-01,27.25,88.25,7.631110741913556,23.82440940006806,34.11826705932617,958.0,11.983975185207068,-0.0910301650274258,2.919040161278607,0.5638929210554023,0.9757788185489328,0,0
NODE_02,2026-01-01 10:00:00,2026-01-01,27.25,88.25,0.2918423894580205,88.1154714080633,34.11826705932617,958.0,16.50285533550889,0.0135028679195711,0.8163133936769311,0.2611624325108602,0.3691361938092045,0,0
NODE_02,2026-01-01 11:00:00,2026-01-01,27.25,88.25,2.8760466286046715,35.82877318747703,34.11826705932617,958.0,16.348572245886615,-0.0956127487709888,7.27289721019938,0.6949531193430477,0.3571923339930448,0,0
NODE_02,2026-01-01 12:00:00,2026-01-01,27.25,88.25,4.533480988083664,41.293910374539664,34.11826705932617,958.0,9.5202551837498,-0.0034317023042734,10.259133189148695,0.5673909441560734,0.3440916178494421,0,0
NODE_02,2026-01-01 13:00:00,2026-01-01,27.25,88.25,7.298494622625786,41.27597585785191,34.11826705932617,958.0,16.831057439928127,-0.0684157519416405,7.073035945414434,0.7962436094563872,0.5205438373048584,0,0
NODE_02,2026-01-01 14:00:00,2026-01-01,27.25,88.25,2.2399743806878973,36.12916634821449,34.11826705932617,958.0,4.269008936565022,0.0993637999615404,2.259616669891161,0.7350251861898234,0.4406648834242935,0,0
NODE_02,2026-01-01 15:00:00,2026-01-01,27.25,88.25,0.7799478607955278,20.1031675460418,34.11826705932617,958.0,12.290741469216536,0.045568136108736,3.221007270769328,0.6101079220362347,0.8799146267270145,0,0
NODE_02,2026-01-01 16:00:00,2026-01-01,27.25,88.25,4.340169637561232,71.05413558615975,34.11826705932617,958.0,15.106490813077832,0.005287689563574,3.830834714619499,0.488177675310814,0.5055207917234903,0,0
NODE_02,2026-01-01 17:00:00,2026-01-01,27.25,88.25,4.434199223719637,87.67918498594997,34.11826705932617,958.0,15.54626236733916,0.0631853338827334,7.800333010952954,0.1331821256675234,0.5077578381885688,0,0
NODE_02,2026-01-01 18:00:00,2026-01-01,27.25,88.25,12.931945639733508,35.700543829953155,34.11826705932617,958.0,15.776201244182374,-0.0423157988732867,11.335161567770864,0.2613330178853837,0.1383715947205566,0,0
NODE_02,2026-01-01 19:00:00,2026-01-01,27.25,88.25,2.4537558842845457,66.41330342623957,34.11826705932617,958.0,18.882504398384413,0.0271739689335046,3.5574805063253163,0.4190994729170852,0.982739540910386,0,0
NODE_02,2026-01-01 20:00:00,2026-01-01,27.25,88.25,4.488426151895924,71.93274288711005,34.11826705932617,958.0,32.4415989693377,0.0099905216859356,0.3880849295824647,0.5992992870063887,0.2499728908688296,0,0
NODE_02,2026-01-01 21:00:00,2026-01-01,27.25,88.25,3.111522704898989,79.38977653633673,34.11826705932617,958.0,48.15943523734649,0.0132010040666835,0.3798402646902679,0.5137078552153048,0.0733640674596026,0,0
NODE_02,2026-01-01 22:00:00,2026-01-01,27.25,88.25,0.9094865761162316,49.58404379095264,34.11826705932617,958.0,10.488031743976263,0.0636176750053384,2.0316275965099795,0.2881845259595295,0.6631462489752088,0,0
NODE_02,2026-01-01 23:00:00,2026-01-01,27.25,88.25,4.394056017633886,41.205163394830045,34.11826705932617,958.0,6.030314375441455,0.0366246051389901,9.934266670274246,0.0064643577897105,0.5953663701568727,0,0
NODE_02,2026-01-02 00:00:00,2026-01-02,27.25,88.25,8.100685606775967,42.77065938161218,34.11826705932617,958.0,7.084827940131263,0.0144361831412511,7.426775359375479,0.4962392219008139,0.4151456539927457,0,0
NODE_02,2026-01-02 01:00:00,2026-01-02,27.25,88.25,6.009415321130355,69.8834933168959,34.11826705932617,958.0,12.339396099222906,-0.0827443718114148,8.160026049009394,0.2856259885622431,0.422192233880678,0,0
NODE_02,2026-01-02 02:00:00,2026-01-02,27.25,88.25,1.6366302640068988,77.17456265539452,34.11826705932617,958.0,14.126870346576707,-0.0480023147639731,2.1848360770541926,0.7346083007105351,0.7850639210464312,0,0
NODE_02,2026-01-02 03:00:00,2026-01-02,27.25,88.25,2.696741711135177,32.71297774296219,34.11826705932617,958.0,9.299902663392372,-0.0061354466797862,2.9700063228823024,0.0239462652704834,0.195712640099649,0,0
NODE_02,2026-01-02 04:00:00,2026-01-02,27.25,88.25,8.969477177549852,45.96587057104357,34.11826705932617,958.0,5.495245895181997,0.0046686187138325,9.697927853956491,0.5848278113057909,0.8202533189448897,0,0
NODE_02,2026-01-02 05:00:00,2026-01-02,27.25,88.25,2.517892924089849,83.1358137724405,34.11826705932617,958.0,12.728953127294222,-0.0565101862336961,15.779940637913176,0.9414742375060654,0.6487471138950182,0,0
NODE_02,2026-01-02 06:00:00,2026-01-02,27.25,88.25,8.79973768856075,76.46854637863174,34.11826705932617,958.0,24.081083616515304,0.120583833778921,9.85774864676879,0.1744092671114995,0.4189697737795244,0,0
NODE_02,2026-01-02 07:00:00,2026-01-02,27.25,88.25,2.8784128060668435,88.94008819337331,34.11826705932617,958.0,36.41677302271573,0.0758197027626786,9.86239061567038,0.4716494907505953,0.4580286165838686,0,0
NODE_02,2026-01-02 08:00:00,2026-01-02,27.25,88.25,3.079765097747348,72.79737817774566,34.11826705932617,958.0,11.502644286472773,0.0301059160196241,2.078215638048181,0.0914219918171381,0.2566472071860958,0,0
NODE_02,2026-01-02 09:00:00,2026-01-02,27.25,88.25,7.863046660384239,47.52366407195456,34.11826705932617,958.0,13.28987115582103,0.0036018430641872,7.882197753518564,0.6256819122613526,0.7521143326969748,0,0
NODE_02,2026-01-02 10:00:00,2026-01-02,27.25,88.25,14.442788201923904,61.34464837962464,34.11826705932617,958.0,7.951031678702416,-0.0106104484950576,0.9770256372097996,0.5505316805962256,0.5128747423052678,0,0
NODE_02,2026-01-02 11:00:00,2026-01-02,27.25,88.25,2.7745614698253136,66.27099779731242,34.11826705932617,958.0,19.463887579063524,-0.0475959230011117,11.006237184541927,0.4073655242128323,0.3208545427498436,0,0
NODE_02,2026-01-02 12:00:00,2026-01-02,27.25,88.25,2.3325559749706466,25.49190714219868,34.11826705932617,958.0,8.598358954519068,0.0038740259259431,6.218654206742685,0.5213770214737412,0.5960501157609502,0,0
NODE_02,2026-01-02 13:00:00,2026-01-02,27.25,88.25,1.5944234290990311,58.11478713727056,34.11826705932617,958.0,35.6278563364926,0.0128876270071375,3.536252512529755,0.8965746584690102,0.995734452051323,0,0
NODE_02,2026-01-02 14:00:00,2026-01-02,27.25,88.25,1.3282489116980822,69.65245799308266,34.11826705932617,958.0,3.367374996556265,-0.0620880287740812,0.195552793142607,0.196294302311067,0.4352622796565538,0,0
NODE_02,2026-01-02 15:00:00,2026-01-02,27.25,88.25,1.7186049202072833,31.712491280074225,34.11826705932617,958.0,14.018394044080276,0.0167088208622448,3.4275123523940096,0.0225645117053472,0.9206914007786196,0,0
NODE_02,2026-01-02 16:00:00,2026-01-02,27.25,88.25,2.035489475697536,74.644220219789,34.11826705932617,958.0,27.142678437223736,-0.0077629524412374,4.569796918127253,0.861664884699101,0.3450168399245661,0,0
NODE_02,2026-01-02 17:00:00,2026-01-02,27.25,88.25,7.074210814002079,60.86409463598781,34.11826705932617,958.0,24.13913823314864,-0.0953903778938695,5.002230882246142,0.5771170823879065,0.0547327069249858,0,0
NODE_02,2026-01-02 18:00:00,2026-01-02,27.25,88.25,5.448252408518332,86.65552499883162,34.11826705932617,958.0,296.792625409202,-0.043019250538975,3.5848598666729883,0.8906584554618424,0.2042421063684288,0,0
NODE_02,2026-01-02 19:00:00,2026-01-02,27.25,88.25,6.368869669679489,22.96956087448242,34.11826705932617,958.0,28.49703436716769,-0.0206802766710822,2.683309823298432,0.5969452234131726,0.4186951433276842,0,0
NODE_02,2026-01-02 20:00:00,2026-01-02,27.25,88.25,6.279671561469092,38.57282962888269,34.11826705932617,958.0,7.359157110539441,0.0943843828670095,1.8261254466500176,0.8101610899597025,0.219634928594569,0,0
NODE_02,2026-01-02 21:00:00,2026-01-02,27.25,88.25,8.899858878781949,62.10877155098768,34.11826705932617,958.0,18.25676603401948,0.0278276562266879,15.769527345483407,0.4296733633551479,0.0002270382182555,0,0
NODE_02,2026-01-02 22:00:00,2026-01-02,27.25,88.25,1.5564057757263656,40.75919385441515,34.11826705932617,958.0,3.3999259995041866,-0.0667740784549945,19.19130549353589,0.7498599312882688,0.9150015377475272,0,0
NODE_02,2026-01-02 23:00:00,2026-01-02,27.25,88.25,4.232209870225634,70.00969148498696,34.11826705932617,958.0,18.5301706696086,0.0243018144708818,5.567216807749811,0.913041466889856,0.843879411230929,0,0
NODE_02,2026-01-03 00:00:00,2026-01-03,27.25,88.25,0.4214329539287578,73.13036977653518,34.11826705932617,958.0,8.731559082780702,-0.0773651994469182,1.9987420130803668,0.5721229637222063,0.7422922314869471,0,0
NODE_02,2026-01-03 01:00:00,2026-01-03,27.25,88.25,0.4275528929258675,27.17611748465321,34.11826705932617,958.0,50.16864728773752,0.0541345526943536,1.4068358033519588,0.1807851505623795,0.1678145956460286,0,0
NODE_02,2026-01-03 02:00:00,2026-01-03,27.25,88.25,3.8575588285226257,55.96981249447374,34.11826705932617,958.0,11.593675401377393,-0.0235562325908939,3.560007791489953,0.2687976150301981,0.120363576209986,0,0
NODE_02,2026-01-03 03:00:00,2026-01-03,27.25,88.25,3.0812106654417013,55.62233889137392,34.11826705932617,958.0,17.871979302053962,-0.0046818094369585,18.646666878361337,0.1986445768974057,0.0676047494723831,0,0
NODE_02,2026-01-03 04:00:00,2026-01-03,27.25,88.25,3.5987436461156808,45.84965391508788,34.11826705932617,958.0,10.63810278778304,0.0662898323771095,5.806335233788448,0.2468570275957329,0.7240291887729212,0,0
NODE_02,2026-01-03 05:00:00,2026-01-03,27.25,88.25,5.865706269025299,85.30474037987705,34.11826705932617,958.0,114.3028325094044,-0.0643581784292125,11.86470943539138,0.3064154493510364,0.9288079606878852,0,0
NODE_02,2026-01-03 06:00:00,2026-01-03,27.25,88.25,10.64877237999506,77.92544239112549,34.11826705932617,958.0,14.56697869454393,-0.0698559092556495,11.692233214742473,0.5551337867531885,0.430535820913037,0,0
NODE_02,2026-01-03 07:00:00,2026-01-03,27.25,88.25,3.510003227973008,68.80465673367458,34.11826705932617,958.0,125.5315402184986,-0.0291799663173002,8.092480310496672,0.5879916294638328,0.1191406719960481,0,0
NODE_02,2026-01-03 08:00:00,2026-01-03,27.25,88.25,3.0027259089680456,70.00286450144984,34.11826705932617,958.0,45.33828241907671,0.0519189425509658,1.2750997960942945,0.4264997472418611,0.5123928207321066,0,0
NODE_02,2026-01-03 09:00:00,2026-01-03,27.25,88.25,1.667464407093646,52.32013006691834,34.11826705932617,958.0,32.52687684216912,-0.0759673037738421,11.726802218621051,0.6154207798208354,0.3488319074586301,0,0
NODE_02,2026-01-03 10:00:00,2026-01-03,27.25,88.25,7.158993002977535,84.46961647676031,34.11826705932617,958.0,29.041712172233325,-0.1416077799055285,1.0886932276628347,0.0815749256113659,0.3748249243499977,1,0
NODE_02,2026-01-03 11:00:00,2026-01-03,27.25,88.25,1.829943863117904,68.62167990772997,34.11826705932617,958.0,29.778816892702384,-0.0225579429204499,2.092535855939296,0.0877882370581599,0.6213306241557073,0,0
NODE_02,2026-01-03 12:00:00,2026-01-03,27.25,88.25,2.673191672532769,71.02867431590715,34.11826705932617,958.0,2.9221727167105893,0.027587039995546,6.020398896295709,0.1718294603576584,0.7187181132622024,0,0
NODE_02,2026-01-03 13:00:00,2026-01-03,27.25,88.25,5.979607754505919,80.31836326511417,34.11826705932617,958.0,15.197282148567655,0.0600130874869414,3.2181256721356504,0.5180774980403448,0.1106035988731608,0,0
NODE_02,2026-01-03 14:00:00,2026-01-03,27.25,88.25,3.761927684667432,39.18501125395337,34.11826705932617,958.0,46.766071459116176,-0.0231580681042699,5.967253779183631,0.2139946786983135,0.0355902308064763,0,0
NODE_02,2026-01-03 15:00:00,2026-01-03,27.25,88.25,3.5755147071420863,76.4949632706692,34.11826705932617,958.0,19.12703571238972,-0.0205713303558001,1.0058838353020467,0.2832844034925773,0.9943303026857148,0,0
NODE_02,2026-01-03 16:00:00,2026-01-03,27.25,88.25,1.3967869531994386,33.66684220695444,34.11826705932617,958.0,4.927393533405144,0.0576950367127873,2.098447130502675,0.400312836172994,0.2327283489155518,0,0
NODE_02,2026-01-03 17:00:00,2026-01-03,27.25,88.25,4.701762922673625,44.17393665714215,34.11826705932617,958.0,19.06006959193185,-0.093487084984771,7.8197244819387315,0.8118661240103798,0.053830524908459,0,0
NODE_02,2026-01-03 18:00:00,2026-01-03,27.25,88.25,16.450148048850423,43.49273179888899,34.11826705932617,958.0,110.39949021951657,-0.0194260387591504,29.720405560628663,0.0138621359128601,0.1898753290959199,0,0
NODE_02,2026-01-03 19:00:00,2026-01-03,27.25,88.25,0.7627669167655777,88.49678278723984,34.11826705932617,958.0,69.88784309129606,0.0095211944962528,13.86730581094796,0.6493788202366224,0.0389578463484642,0,0
NODE_02,2026-01-03 20:00:00,2026-01-03,27.25,88.25,1.0011245866328085,79.95760566235488,34.11826705932617,958.0,18.87797673724421,0.0224609360642517,0.6178733867992628,0.6688765310406853,0.3918108946171716,0,0
NODE_02,2026-01-03 21:00:00,2026-01-03,27.25,88.25,6.695598551095507,69.08189031131818,34.11826705932617,958.0,52.01069013947303,-0.0254903346595441,3.5480512148425367,0.7986557803566365,0.8024017844513243,0,0
NODE_02,2026-01-03 22:00:00,2026-01-03,27.25,88.25,4.323945574600561,70.89397331307731,34.11826705932617,958.0,13.922315432732912,0.001722050585292,2.470425879813768,0.9327529390603132,0.3412444497577206,0,0
NODE_02,2026-01-03 23:00:00,2026-01-03,27.25,88.25,10.078809455271804,59.345095608179975,34.11826705932617,958.0,3.655118131404968,-0.1244163676706494,4.531837607817073,0.0201378489492898,0.4441834068783665,0,0
NODE_02,2026-01-04 00:00:00,2026-01-04,27.25,88.25,1.6103518017152931,86.29634669759633,34.11826705932617,958.0,7.968800757208376,-0.0329124206166924,5.9571759496017656,0.1537837055132161,0.6755867735674388,0,0
NODE_02,2026-01-04 01:00:00,2026-01-04,27.25,88.25,7.248108511467474,54.73811270176531,34.11826705932617,958.0,95.85999758209567,0.0226754356277233,2.635486920372764,0.886171294055993,0.5088940700698802,0,0
NODE_02,2026-01-04 02:00:00,2026-01-04,27.25,88.25,4.702558146099227,46.636239690892616,34.11826705932617,958.0,15.27178362397683,-0.0491147017127339,10.566382886825146,0.4585185621870153,0.8614456860213242,0,0
NODE_02,2026-01-04 03:00:00,2026-01-04,27.25,88.25,1.240015344585824,31.41247358521137,34.11826705932617,958.0,15.746466968138312,0.0029492110794798,12.056655299291634,0.5645906389334635,0.8660356750457565,0,0
NODE_02,2026-01-04 04:00:00,2026-01-04,27.25,88.25,1.8377681344386017,75.03439565827406,34.11826705932617,958.0,14.882139515684203,0.0223436250401348,11.542674017253582,0.6630272037231474,0.0099106954911536,0,0
NODE_02,2026-01-04 05:00:00,2026-01-04,27.25,88.25,3.550070482475318,71.4110752452914,34.11826705932617,958.0,134.84643191448905,-0.0171274600428882,1.72035783677581,0.6790666044956374,0.7780463064831992,0,0
NODE_02,2026-01-04 06:00:00,2026-01-04,27.25,88.25,1.3901633428851567,46.90485269668944,34.11826705932617,958.0,102.10063202050252,0.0085231885498285,6.224868419816199,0.9317404033165082,0.4607336002416738,0,0
NODE_02,2026-01-04 07:00:00,2026-01-04,27.25,88.25,8.560966393778132,21.76353897714605,34.11826705932617,958.0,184.70874505809223,-0.0481366282642306,10.724199027382632,0.9969494174116696,0.9888405413036632,0,0
NODE_02,2026-01-04 08:00:00,2026-01-04,27.25,88.25,6.431991991164676,78.72981294026076,34.11826705932617,958.0,17.13211529612375,-0.0103305639848023,9.179786911188629,0.7201574609309402,0.4832320758754351,0,0
NODE_02,2026-01-04 09:00:00,2026-01-04,27.25,88.25,2.144427915652675,20.799258841785157,34.11826705932617,958.0,26.994266422916915,0.0305108084794611,8.682381806005061,0.2872212092051508,0.9868959453882976,0,0
NODE_02,2026-01-04 10:00:00,2026-01-04,27.25,88.25,3.007906782104145,69.25898457403356,34.11826705932617,958.0,4.407719566356516,0.0078486480484217,14.0575353409631,0.8797524022943436,0.7545693612057366,0,0
NODE_02,2026-01-04 11:00:00,2026-01-04,27.25,88.25,7.541833757083488,87.91799768082399,34.11826705932617,958.0,87.96459694769179,-0.0293265634781967,2.949457393235964,0.0492209145407616,0.2486048846133063,0,0
NODE_02,2026-01-04 12:00:00,2026-01-04,27.25,88.25,3.291868996872048,50.63629297037424,34.11826705932617,958.0,6.247744063386467,0.0112108202145396,0.4650043591486287,0.2310808528744962,0.5383949792869577,0,0
NODE_02,2026-01-04 13:00:00,2026-01-04,27.25,88.25,14.649075113688545,36.44813834971669,34.11826705932617,958.0,24.94754857248797,0.0357304895318309,3.5009002729676246,0.8973857174637149,0.9921356394785829,0,0
NODE_02,2026-01-04 14:00:00,2026-01-04,27.25,88.25,5.479653630712448,69.34097070303672,34.11826705932617,958.0,6.703953804151319,-0.1024970639288739,3.704086057632196,0.2561915144393549,0.8575306077519237,0,0
NODE_02,2026-01-04 15:00:00,2026-01-04,27.25,88.25,1.4650885103414646,77.19896994109097,34.11826705932617,958.0,11.146585003285749,0.0579537032477948,26.69290835476911,0.2206510596217484,0.0973668937912211,0,0
NODE_02,2026-01-04 16:00:00,2026-01-04,27.25,88.25,1.0730710560736851,58.25012212544931,34.11826705932617,958.0,8.69490801733408,-0.0168127369340536,2.405627504309152,0.1381252931402472,0.7063719968099961,0,0
NODE_02,2026-01-04 17:00:00,2026-01-04,27.25,88.25,8.172265230256375,87.69246926793024,34.11826705932617,958.0,10.93670692482164,0.0212744966620115,11.850685687870426,0.8591117576469165,0.345579585870813,0,0
NODE_02,2026-01-04 18:00:00,2026-01-04,27.25,88.25,2.26365179603605,23.61681051605728,34.11826705932617,958.0,11.715084639906898,0.0598623461822614,23.05421124116966,0.5000582591910867,0.0069822618803481,0,1
NODE_02,2026-01-04 19:00:00,2026-01-04,27.25,88.25,3.9727476749775854,55.33569188131697,34.11826705932617,958.0,11.608425899448134,-0.0685836848615233,19.41085706125436,0.6748932030541548,0.4034809690269996,0,0
NODE_02,2026-01-04 20:00:00,2026-01-04,27.25,88.25,3.555017968094845,70.2917763125785,34.11826705932617,958.0,46.21636294960002,-0.0354720501213773,4.583056634565225,0.2390663840750296,0.2347544217249713,0,0
NODE_02,2026-01-04 21:00:00,2026-01-04,27.25,88.25,0.6364503299104098,80.38483298044252,34.11826705932617,958.0,6.6534612430483575,-0.0144274347937852,9.292847168690296,0.7580404210112165,0.8188692705204715,0,0
NODE_02,2026-01-04 22:00:00,2026-01-04,27.25,88.25,0.624119388388736,32.547892833545305,34.11826705932617,958.0,25.0416747507842,-0.0391876760562214,5.7764486529234,0.7600055449620985,0.3373306088457655,0,0
NODE_02,2026-01-04 23:00:00,2026-01-04,27.25,88.25,9.221604690331947,76.0002437234577,34.11826705932617,958.0,67.89477989527697,0.0867468287918404,1.9881046150278987,0.3125980249083001,0.8275236939538171,0,0
NODE_02,2026-01-05 00:00:00,2026-01-05,27.25,88.25,2.561868596524976,58.68949530029817,34.11826705932617,958.0,12.02278543337098,-0.0428386046913396,13.40735544992577,0.4106826330102828,0.0005979388347953,0,0
NODE_02,2026-01-05 01:00:00,2026-01-05,27.25,88.25,2.431251186330777,47.75875773929742,34.11826705932617,958.0,9.797047935759553,-0.0277773389743433,7.760939262535291,0.2096902774302008,0.3078191500261191,0,0
NODE_02,2026-01-05 02:00:00,2026-01-05,27.25,88.25,15.700969153425902,29.220052000536548,34.11826705932617,958.0,15.950263904326109,0.0102194515801488,1.713013608483312,0.9765610233229044,0.2411652143077619,0,0
NODE_02,2026-01-05 03:00:00,2026-01-05,27.25,88.25,7.683095835423224,80.57070312362387,34.11826705932617,958.0,65.34789369172798,-0.0601074763038044,3.229518635658692,0.6456025770584116,0.2335673610686109,0,0
NODE_02,2026-01-05 04:00:00,2026-01-05,27.25,88.25,11.682242888428569,31.00912457258007,34.11826705932617,958.0,24.388400525164023,-0.0197840355878131,4.026297254618656,0.9345438807155156,0.0681866197654627,0,0
NODE_02,2026-01-05 05:00:00,2026-01-05,27.25,88.25,9.467742962424264,41.68515014463695,34.11826705932617,958.0,11.808099630825158,0.0158726630625087,12.20166059736044,0.3033855436291331,0.1871242704105017,0,0
NODE_02,2026-01-05 06:00:00,2026-01-05,27.25,88.25,6.8357841746778405,40.30318723737058,34.11826705932617,958.0,32.585801320742185,-0.0166430202191255,1.2086950641964316,0.7818909129968897,0.5555495698856199,0,0
NODE_02,2026-01-05 07:00:00,2026-01-05,27.25,88.25,11.293985541601067,80.9989823933598,34.11826705932617,958.0,6.6705869206956825,-0.0046693429449974,1.2023878694565726,0.765858643884742,0.2913610728377445,0,0
NODE_02,2026-01-05 08:00:00,2026-01-05,27.25,88.25,1.5670906805392515,67.08920959462286,34.11826705932617,958.0,39.700330414542165,-0.0264666056224185,5.673444131262364,0.6916556518665415,0.4173947823291479,0,0
NODE_02,2026-01-05 09:00:00,2026-01-05,27.25,88.25,1.3553820378762491,75.76769780339606,34.11826705932617,958.0,30.22312342430531,-0.0757235154590383,1.5865177305383027,0.9656389752668004,0.3768668803471885,0,0
NODE_02,2026-01-05 10:00:00,2026-01-05,27.25,88.25,0.6281954228930208,37.53275291547493,34.11826705932617,958.0,14.763996215889309,0.0160796605669619,3.926041188911471,0.3935553361063155,0.8759049249998946,0,0
NODE_02,2026-01-05 11:00:00,2026-01-05,27.25,88.25,0.3447732916818219,63.74118697248992,34.11826705932617,958.0,8.683409069883668,0.087746653582362,2.840089510777817,0.1307173235897573,0.9052989990105156,0,0
NODE_02,2026-01-05 12:00:00,2026-01-05,27.25,88.25,3.900002525869258,60.022218820062406,34.11826705932617,958.0,8.275663321236403,0.0009200815391719,0.2227379708165993,0.6717088592440608,0.49295697165586,0,0
NODE_02,2026-01-05 13:00:00,2026-01-05,27.25,88.25,0.5189379234850079,78.29812637517898,34.11826705932617,958.0,34.28875083363316,0.0112632058623774,2.285995779126613,0.7293098004772062,0.3301559503156044,0,0
NODE_02,2026-01-05 14:00:00,2026-01-05,27.25,88.25,0.961617484982692,83.42609423368823,34.11826705932617,958.0,68.64721082604643,0.0346361377558429,3.8043244515530703,0.5750605734588147,0.1068007040023636,0,0
NODE_02,2026-01-05 15:00:00,2026-01-05,27.25,88.25,2.8399563774518675,20.850974003417075,34.11826705932617,958.0,10.61950339022325,-0.0634665248273349,10.164175277975255,0.2068178931333962,0.953402879382095,0,0
NODE_02,2026-01-05 16:00:00,2026-01-05,27.25,88.25,3.255223636495438,67.18139433411548,34.11826705932617,958.0,31.7656876826236,0.0851257329064802,19.65737718892517,0.5044559416693554,0.0602269449002974,0,0
NODE_02,2026-01-05 17:00:00,2026-01-05,27.25,88.25,3.548893782210879,23.628505938381032,34.11826705932617,958.0,2.491719367940651,0.0101164398211401,2.044547695328238,0.3121897365691294,0.2976502775682804,0,0
NODE_02,2026-01-05 18:00:00,2026-01-05,27.25,88.25,14.955977482342078,58.42010655541492,34.11826705932617,958.0,11.1940486813973,0.0815928449544554,5.45245923984012,0.427466528166689,0.2980662011700041,0,0
NODE_02,2026-01-05 19:00:00,2026-01-05,27.25,88.25,4.24878105308998,40.13429103305747,34.11826705932617,958.0,19.471289886320506,-0.0366516497761994,7.240108435851954,0.6452185758446639,0.3204012861402149,0,0
NODE_02,2026-01-05 20:00:00,2026-01-05,27.25,88.25,3.906060122395124,41.474361966549885,34.11826705932617,958.0,8.087475116346685,0.0909030961278912,25.200171204147846,0.7452147426908345,0.1642868432724092,0,0
NODE_02,2026-01-05 21:00:00,2026-01-05,27.25,88.25,11.290945597420423,44.70709524166496,34.11826705932617,958.0,7.873428625723869,0.0387577747017391,2.693960161303187,0.2322246909013431,0.7831614309236972,0,0
NODE_02,2026-01-05 22:00:00,2026-01-05,27.25,88.25,2.7848972571009423,63.49047143347271,34.11826705932617,958.0,10.30078847762182,0.0276520042926179,1.9127110456179828,0.4053253606469533,0.1224978619659892,0,0
NODE_02,2026-01-05 23:00:00,2026-01-05,27.25,88.25,4.16059680315888,43.38349759681385,34.11826705932617,958.0,26.901787341606155,0.0117012227176573,3.2722694911439976,0.2691615709916292,0.6349066591531628,0,0
NODE_02,2026-01-06 00:00:00,2026-01-06,27.25,88.25,7.737474478508275,71.28893354131962,34.11826705932617,958.0,16.654342306169912,-0.0124264309037224,1.8960293494767384,0.1986316138618691,0.1238460267058174,0,0
NODE_02,2026-01-06 01:00:00,2026-01-06,27.25,88.25,1.6037432743102011,48.31691699017088,34.11826705932617,958.0,2.142061679027176,0.0600265829236936,8.241780947435444,0.7833872199958384,0.0705356375929565,0,0
NODE_02,2026-01-06 02:00:00,2026-01-06,27.25,88.25,7.780532589385755,24.7847240216971,34.11826705932617,958.0,2.40921229942504,0.0070179934924023,10.427140312769904,0.9092526944369924,0.9094295036858764,0,0
NODE_02,2026-01-06 03:00:00,2026-01-06,27.25,88.25,0.6933107796085155,74.8631889738875,34.11826705932617,958.0,10.947759485640107,-0.0983534851793576,5.857350527315157,0.3702321856845767,0.1901287663187056,0,0
NODE_02,2026-01-06 04:00:00,2026-01-06,27.25,88.25,6.151925025402724,40.00308272148942,34.11826705932617,958.0,31.743455752232972,-0.0558593230853501,5.511821968949538,0.7512789243737669,0.8212501545597043,0,0
NODE_02,2026-01-06 05:00:00,2026-01-06,27.25,88.25,6.183819605115605,50.29368157194838,34.11826705932617,958.0,1.287233262422698,-0.0092922876096373,13.6231050977441,0.8969952893644111,0.5446308711071358,0,0
NODE_02,2026-01-06 06:00:00,2026-01-06,27.25,88.25,2.367668791884692,67.9810718255331,34.11826705932617,958.0,12.18578153161926,0.0154999491582777,3.838489229130229,0.8461242105302316,0.0778565196087696,0,0
NODE_02,2026-01-06 07:00:00,2026-01-06,27.25,88.25,2.9496203173882565,43.27193100040984,34.11826705932617,958.0,11.866889694369236,-0.0028294244449947,9.072972572344158,0.1828133885392259,0.9554481914380676,0,0
NODE_02,2026-01-06 08:00:00,2026-01-06,27.25,88.25,12.190464169145883,23.96099593027009,34.11826705932617,958.0,80.50648806105156,0.0609485394896831,3.7728959485402336,0.9562918815133612,0.2469611669918925,0,0
NODE_02,2026-01-06 09:00:00,2026-01-06,27.25,88.25,3.162909540471438,46.17447329089695,34.11826705932617,958.0,13.666918275745576,-0.0975550932019312,1.253961333670166,0.3766764404294624,0.8596453453526065,0,0
NODE_02,2026-01-06 10:00:00,2026-01-06,27.25,88.25,5.544777534452669,86.11140078860124,34.11826705932617,958.0,29.458691230463952,0.007179396825258,12.028382402989944,0.3392406611738363,0.1688100057845641,0,0
NODE_02,2026-01-06 11:00:00,2026-01-06,27.25,88.25,3.669968017750862,64.92140781089907,34.11826705932617,958.0,23.13292992026796,-0.0908989612693577,6.175383127991952,0.0624313272777803,0.8539428821418529,0,0
NODE_02,2026-01-06 12:00:00,2026-01-06,27.25,88.25,1.7630063269066447,67.00354040670449,34.11826705932617,958.0,2.385559099630958,0.0379856147742084,11.17762790360555,0.486173654104883,0.0132288129052939,0,0
NODE_02,2026-01-06 13:00:00,2026-01-06,27.25,88.25,1.898277210974861,64.2597507546348,34.11826705932617,958.0,43.30236344878844,-0.0047229357221001,6.801367797532671,0.1090136156409287,0.5117804565694807,0,0
NODE_02,2026-01-06 14:00:00,2026-01-06,27.25,88.25,4.93525543767716,33.92944972716057,34.11826705932617,958.0,24.913168160151564,0.0209804986012059,7.525850573380805,0.248539820927426,0.7694425794215568,0,0
NODE_02,2026-01-06 15:00:00,2026-01-06,27.25,88.25,10.365386060403152,49.28337048715961,34.11826705932617,958.0,33.39040688363737,-0.0431941480294883,1.960407095937616,0.3169426217672814,0.9347955174927832,0,0
NODE_02,2026-01-06 16:00:00,2026-01-06,27.25,88.25,0.7536940760421855,72.56578588543228,34.11826705932617,958.0,1018.6542846632148,0.0639732465828875,7.3616927264943826,0.808826323491684,0.909202136206487,0,0
NODE_02,2026-01-06 17:00:00,2026-01-06,27.25,88.25,11.50836186284786,27.09610282872114,34.11826705932617,958.0,2.4989910252289578,0.0520862332029425,13.52125602760244,0.8754886503958965,0.8196248695476449,0,0
NODE_02,2026-01-06 18:00:00,2026-01-06,27.25,88.25,6.003518949376959,39.44969432627986,34.11826705932617,958.0,112.69630673673991,0.0291772151505943,4.315613426326777,0.3024663174614697,0.8881913496613041,0,0
NODE_02,2026-01-06 19:00:00,2026-01-06,27.25,88.25,2.787476021585135,39.34233759260975,34.11826705932617,958.0,15.06768644978248,-0.006475862343172,2.5538013501940906,0.8586981212445739,0.1992196858370765,0,0
NODE_02,2026-01-06 20:00:00,2026-01-06,27.25,88.25,4.682174731293167,50.24132493161542,34.11826705932617,958.0,26.771259474356864,0.0289928642647566,9.347350354135347,0.8572309373697911,0.2841842957117287,0,0
NODE_02,2026-01-06 21:00:00,2026-01-06,27.25,88.25,5.917607364944167,88.62581186595295,34.11826705932617,958.0,19.19188924638448,-0.0353446283993674,1.05773098368593,0.7646509503848735,0.2889685249210585,0,0
NODE_02,2026-01-06 22:00:00,2026-01-06,27.25,88.25,1.0241913704733676,24.725178267867538,34.11826705932617,958.0,13.141348936823157,0.0427777829510356,14.882880099648933,0.1466951140151815,0.3770539310016988,0,0
NODE_02,2026-01-06 23:00:00,2026-01-06,27.25,88.25,3.018971852778167,56.30906960664165,34.11826705932617,958.0,11.36077998697521,0.082474044716196,3.725676314954129,0.690322846900729,0.3933206703851887,0,0
NODE_02,2026-01-07 00:00:00,2026-01-07,27.25,88.25,3.5123378441516837,32.55552774085473,34.11826705932617,958.0,27.92461996058657,0.0535305279989593,9.096719855422483,0.9450240645805688,0.5445553246546755,0,0
NODE_02,2026-01-07 01:00:00,2026-01-07,27.25,88.25,0.4325495371058264,87.9473581786821,34.11826705932617,958.0,4.405379039863292,-0.0364801234903704,6.220768097501297,0.6825404787671571,0.1598797633664413,1,0
NODE_02,2026-01-07 02:00:00,2026-01-07,27.25,88.25,6.996337653282801,27.931245330922497,34.11826705932617,958.0,42.54571596265448,0.0180708658636551,12.07612257417086,0.3316168491078339,0.6912466637859893,0,0
NODE_02,2026-01-07 03:00:00,2026-01-07,27.25,88.25,1.8558663843173795,48.25207016531139,34.11826705932617,958.0,13.247456809643127,-0.0646570771879323,12.578256051161558,0.5005793174308313,0.1675665393045065,0,0
NODE_02,2026-01-07 04:00:00,2026-01-07,27.25,88.25,1.9727346587180208,71.65194893842244,34.11826705932617,958.0,6.487846522638016,0.0286195155587837,5.6485038068882885,0.6457250433510536,0.3103084821045475,0,0
NODE_02,2026-01-07 05:00:00,2026-01-07,27.25,88.25,3.2377760619940785,69.31880996192118,34.11826705932617,958.0,12.806939110034891,0.0225301706431269,17.01255289458198,0.5105704087285036,0.503345130606154,0,0
NODE_02,2026-01-07 06:00:00,2026-01-07,27.25,88.25,5.161059010014421,49.59100458257526,34.11826705932617,958.0,70.60840700936565,-0.0934908169766082,0.9353230543841616,0.1199529417309698,0.7964405615234773,0,0
NODE_02,2026-01-07 07:00:00,2026-01-07,27.25,88.25,4.845449932523541,44.25669175669027,34.11826705932617,958.0,11.75954102219325,-0.0580891921956181,7.208098444639791,0.3120640446520206,0.7394692332387273,0,0
NODE_02,2026-01-07 08:00:00,2026-01-07,27.25,88.25,3.6577244968505314,47.83286649870094,34.11826705932617,958.0,28.744706202718785,-0.0141569448371883,13.708596948631374,0.8023960305536325,0.6455343564105223,0,0
NODE_02,2026-01-07 09:00:00,2026-01-07,27.25,88.25,4.689176478403027,38.49933842110475,34.11826705932617,958.0,9.670149062451742,-0.0150429873570413,7.494094081810093,0.8614180460955174,0.1557732605801701,0,0
NODE_02,2026-01-07 10:00:00,2026-01-07,27.25,88.25,1.6535335607371175,34.373305709475986,34.11826705932617,958.0,42.85926538067491,-0.0604738467709402,2.5462924072724427,0.1373000327155702,0.5470453456155777,0,0
NODE_02,2026-01-07 11:00:00,2026-01-07,27.25,88.25,4.0339796573201765,53.8127788291223,34.11826705932617,958.0,39.86535850100895,0.0194489364676092,5.757286110149662,0.9523867523987246,0.0874465017998854,0,0
NODE_02,2026-01-07 12:00:00,2026-01-07,27.25,88.25,5.596093273782073,38.79736292473251,34.11826705932617,958.0,127.56280522251996,0.0125736804470256,2.7698442864675963,0.3288226178486093,0.3773631767966507,0,0
NODE_02,2026-01-07 13:00:00,2026-01-07,27.25,88.25,1.9344121428054104,40.12231654280751,34.11826705932617,958.0,16.851439012728992,-0.0097134565989259,2.6763735218046354,0.66231373873072,0.4135165302899591,0,0
NODE_02,2026-01-07 14:00:00,2026-01-07,27.25,88.25,3.587170339013814,65.972924443219,34.11826705932617,958.0,39.19913988152681,-0.0377895750079181,6.015594467591345,0.7518251459566812,0.0398114394457538,0,0
NODE_02,2026-01-07 15:00:00,2026-01-07,27.25,88.25,5.700343829976999,87.79761321899245,34.11826705932617,958.0,22.15509603964054,0.0524353563208281,0.0560038823388305,0.8119462346378834,0.2739880994699718,0,0
NODE_02,2026-01-07 16:00:00,2026-01-07,27.25,88.25,3.232068901449381,62.254604039156256,34.11826705932617,958.0,73.39617201402555,0.0827703556544147,3.8632959051262894,0.94574970222593,0.9556494672664894,0,0
NODE_02,2026-01-07 17:00:00,2026-01-07,27.25,88.25,0.8193106041665215,25.38856269454764,34.11826705932617,958.0,9.788102449680704,-0.0241780741923268,5.532332204787581,0.3129195480288226,0.9536326078296896,0,0
NODE_02,2026-01-07 18:00:00,2026-01-07,27.25,88.25,10.22884757836028,25.290852969784687,34.11826705932617,958.0,42.30923200199818,-0.030608345857741,5.234931351978833,0.8585064545515545,0.3523270542525393,0,1
NODE_02,2026-01-07 19:00:00,2026-01-07,27.25,88.25,8.856641036559065,86.59962545918961,34.11826705932617,958.0,16.532079473380744,0.0245603832705998,2.158084361305872,0.131686903436207,0.043100108948324,0,0
NODE_02,2026-01-07 20:00:00,2026-01-07,27.25,88.25,3.4794589196766097,40.81035532151336,34.11826705932617,958.0,18.836789066177097,-0.0179014689873493,7.451140854971681,0.7050409063535927,0.1790949393281815,0,0
NODE_02,2026-01-07 21:00:00,2026-01-07,27.25,88.25,11.39515555313806,26.44468902577328,34.11826705932617,958.0,22.01562623087964,-0.0069698600331617,4.970478624319896,0.7419777295139859,0.3922177934335401,0,0
NODE_02,2026-01-07 22:00:00,2026-01-07,27.25,88.25,5.910996941126544,61.93312110052671,34.11826705932617,958.0,25.848185276659024,0.0369826575862335,20.93306271131381,0.6777232412013204,0.9477796979692298,0,0
NODE_02,2026-01-07 23:00:00,2026-01-07,27.25,88.25,2.869824159988764,63.65541448031863,34.11826705932617,958.0,17.881576855460366,-0.0954678043753646,7.746744859322222,0.252314736135153,0.1411990635371849,0,0
NODE_02,2026-01-08 00:00:00,2026-01-08,27.25,88.25,1.6950922508726265,65.39533740830817,34.11826705932617,958.0,24.89615025215887,0.0659151162426334,2.8598720814633007,0.8730431470152034,0.7635158436682122,0,0
NODE_02,2026-01-08 01:00:00,2026-01-08,27.25,88.25,1.0311895571738114,38.71814195002789,34.11826705932617,958.0,97.33105030574468,0.003634026216467,9.18819048898541,0.168858463370395,0.108682539374692,0,0
NODE_02,2026-01-08 02:00:00,2026-01-08,27.25,88.25,3.0248347166486305,21.057747895013257,34.11826705932617,958.0,53.80948138784759,-0.020574657228109,0.5647194338649305,0.0536347915208308,0.9812575773912768,0,0
NODE_02,2026-01-08 03:00:00,2026-01-08,27.25,88.25,1.3649646660101111,87.55107586181303,34.11826705932617,958.0,47.901872355626445,-0.0044617077110724,5.202705806261689,0.7174649906119122,0.381616499109135,0,0
NODE_02,2026-01-08 04:00:00,2026-01-08,27.25,88.25,1.5020836729631406,37.562513198377175,34.11826705932617,958.0,12.736354637253957,-0.001878532248974,6.185873564224899,0.4754757152327337,0.775234538899056,0,0
NODE_02,2026-01-08 05:00:00,2026-01-08,27.25,88.25,4.717389170307698,67.32184016367833,34.11826705932617,958.0,8.25450549408055,-0.0865600651722462,5.255938135049602,0.8490980199586761,0.3425910828111318,0,0
NODE_02,2026-01-08 06:00:00,2026-01-08,27.25,88.25,0.7014147855208568,69.46409089150967,34.11826705932617,958.0,52.21138414801377,0.0747469113726618,2.019599113694625,0.3833971410582589,0.6276688771588087,0,0
NODE_02,2026-01-08 07:00:00,2026-01-08,27.25,88.25,3.8359311054520577,62.700519195564,34.11826705932617,958.0,48.23316198763749,0.0020662816135309,5.121718968727499,0.1682785885077128,0.1920160847400367,0,0
NODE_02,2026-01-08 08:00:00,2026-01-08,27.25,88.25,5.770781083299597,41.903517594955375,34.11826705932617,958.0,87.59033630910614,0.0221501065223687,1.3195750673057889,0.8364421924698697,0.1460210192969625,0,0
NODE_02,2026-01-08 09:00:00,2026-01-08,27.25,88.25,4.989270160153037,38.97673776348461,34.11826705932617,958.0,10.979384455938751,0.0475774885287021,17.253448177341728,0.5489096316400717,0.9380641395681312,0,0
NODE_02,2026-01-08 10:00:00,2026-01-08,27.25,88.25,0.4711950045325875,61.836779789189215,34.11826705932617,958.0,15.965838479437604,-0.051058122878015,5.160036752639098,0.1891957923903549,0.9176472779044336,0,0
NODE_02,2026-01-08 11:00:00,2026-01-08,27.25,88.25,1.6664588600702253,80.6266943528184,34.11826705932617,958.0,3.8982036227633015,0.0236735949517614,7.220196554906849,0.7203839985864458,0.8874689402128824,0,0
NODE_02,2026-01-08 12:00:00,2026-01-08,27.25,88.25,1.8984902938666737,86.27136102463768,34.11826705932617,958.0,13.565487641054732,-0.0133820545449396,0.8635718989839956,0.5111136384895005,0.6254334501665935,0,0
NODE_02,2026-01-08 13:00:00,2026-01-08,27.25,88.25,0.5180743231983389,27.413406308263035,34.11826705932617,958.0,54.4112269637746,0.0423385387608246,2.6231603039591125,0.6043129822403198,0.8082682112162782,0,0
NODE_02,2026-01-08 14:00:00,2026-01-08,27.25,88.25,3.606621659375847,30.83800288184039,34.11826705932617,958.0,12.59757859855694,-0.1063613710175747,7.8951797697522,0.4608983382065819,0.0690369369113749,0,0
NODE_02,2026-01-08 15:00:00,2026-01-08,27.25,88.25,4.239889409522405,86.13153811481557,34.11826705932617,958.0,38.11011739098755,-0.0049547150120634,10.757819877106272,0.8287089838180064,0.3347890418906791,0,0
NODE_02,2026-01-08 16:00:00,2026-01-08,27.25,88.25,2.9214080297670875,71.55746598343548,34.11826705932617,958.0,16.601563771070268,-0.030141032789198,1.763893225914966,0.8295627156830498,0.3137031247571562,0,0
NODE_02,2026-01-08 17:00:00,2026-01-08,27.25,88.25,0.5055043616543411,81.80956773808411,34.11826705932617,958.0,27.772797326972885,0.0216131475317077,7.193031869510601,0.7093888218243862,0.6356453219526133,0,0
NODE_02,2026-01-08 18:00:00,2026-01-08,27.25,88.25,14.663339515672249,34.18428438947402,34.11826705932617,958.0,6.374518827676377,0.0235022093684101,3.317816328918786,0.1054013773964622,0.3559577734706405,0,0
NODE_02,2026-01-08 19:00:00,2026-01-08,27.25,88.25,1.485664326845472,61.13101097765813,34.11826705932617,958.0,21.872047454686747,-0.0353812947411013,0.499219685914928,0.8388538619040689,0.1485067816436808,0,0
NODE_02,2026-01-08 20:00:00,2026-01-08,27.25,88.25,7.611842360525419,69.07977160922316,34.11826705932617,958.0,1.008903430938851,-0.0356086932088021,2.532142758640855,0.6710129805329098,0.5964670754135437,0,0
NODE_02,2026-01-08 21:00:00,2026-01-08,27.25,88.25,10.352401658591734,67.60783198128809,34.11826705932617,958.0,16.66155286932119,-0.0055332684278664,11.044672483340888,0.6970241660042995,0.8143839206690815,0,0
NODE_02,2026-01-08 22:00:00,2026-01-08,27.25,88.25,2.34382433716615,48.57061836066887,34.11826705932617,958.0,3.933488756097272,-0.0448321113657604,12.01650382884644,0.3629828404038716,0.3821234944599732,0,0
NODE_02,2026-01-08 23:00:00,2026-01-08,27.25,88.25,4.9997458515303,21.07764241839159,34.11826705932617,958.0,67.08728391445358,0.0420991847726063,5.998985577372387,0.8792795561570067,0.1322687150984817,0,0
NODE_02,2026-01-09 00:00:00,2026-01-09,27.25,88.25,0.7222631787125925,60.80482397629842,34.11826705932617,958.0,43.70258933068067,-0.0184603600223723,5.39129796003768,0.7253716002348575,0.196688197312823,0,0
NODE_02,2026-01-09 01:00:00,2026-01-09,27.25,88.25,2.4423466958846625,37.717107742572615,34.11826705932617,958.0,32.029936527653696,-0.1453494109660821,3.256427733048146,0.1125904665291944,0.2374833051693839,0,0
NODE_02,2026-01-09 02:00:00,2026-01-09,27.25,88.25,5.144362659423295,51.51779723000232,34.11826705932617,958.0,91.92805195809235,-0.0187411028310903,0.1500198692870514,0.4077780344061626,0.2998975929945362,0,0
NODE_02,2026-01-09 03:00:00,2026-01-09,27.25,88.25,3.536227067247142,87.03067105586722,34.11826705932617,958.0,7.776322026512223,-0.0519271910421986,6.60852234030715,0.8863803619601417,0.6427950705063091,0,0
NODE_02,2026-01-09 04:00:00,2026-01-09,27.25,88.25,6.339853492616969,47.93247223497043,34.11826705932617,958.0,115.27991310476902,-0.0815637907730472,1.9245983145267136,0.0471967016973789,0.600945484537719,0,0
NODE_02,2026-01-09 05:00:00,2026-01-09,27.25,88.25,2.1670165962025782,78.78611246650988,34.11826705932617,958.0,51.01866592335571,-0.0618713319111286,13.42433545150831,0.9614166196420496,0.6960798615670392,0,0
NODE_02,2026-01-09 06:00:00,2026-01-09,27.25,88.25,7.61100161535904,33.19784240244758,34.11826705932617,958.0,15.854362717765168,0.0054704235916485,1.219435909513057,0.6791625683195628,0.3625019845315131,0,0
NODE_02,2026-01-09 07:00:00,2026-01-09,27.25,88.25,1.2324270556509482,67.07223486175202,34.11826705932617,958.0,62.52835583301801,0.0664320414124115,11.549365647883976,0.6313759776433766,0.8239976518799783,0,0
NODE_03,2026-01-01 00:00:00,2026-01-01,27.4,88.4,0.3526452672375147,31.841332568969413,26.775373458862305,2815.0,196.46794858483145,0.0301895260138947,4.966994193638055,0.673008166288677,0.7746729371817983,0,0
NODE_03,2026-01-01 01:00:00,2026-01-01,27.4,88.4,10.346813433011372,88.42195942286898,26.775373458862305,2815.0,7.441958094141745,-0.0195938382693433,8.430605938317731,0.0469644224076672,0.2648163217783188,0,0
NODE_03,2026-01-01 02:00:00,2026-01-01,27.4,88.4,3.050631213588854,79.73220306666103,26.775373458862305,2815.0,4.734114680153009,-0.0508882154538476,11.933348591754886,0.5663228801665321,0.9335931437012516,0,0
NODE_03,2026-01-01 03:00:00,2026-01-01,27.4,88.4,2.5412645646883427,54.8833119805966,26.775373458862305,2815.0,39.10575614119728,-0.0513701775763005,4.80849515252602,0.7632949119972816,0.7199595393694795,0,0
NODE_03,2026-01-01 04:00:00,2026-01-01,27.4,88.4,6.790412377620162,62.22717958788208,26.775373458862305,2815.0,35.80109657913207,-0.0186634122970657,9.084247003007029,0.1365030120835821,0.753813712978369,0,0
NODE_03,2026-01-01 05:00:00,2026-01-01,27.4,88.4,0.9946682739717057,35.90827374917636,26.775373458862305,2815.0,35.779085726274694,0.0322259245822645,5.815846707691976,0.2286707513846033,0.2190591730598833,0,0
NODE_03,2026-01-01 06:00:00,2026-01-01,27.4,88.4,8.687907935563096,58.06509492742228,26.775373458862305,2815.0,17.6606774236102,0.0464122845672162,1.5520818256940123,0.8824951050681364,0.4430399766351608,0,0
NODE_03,2026-01-01 07:00:00,2026-01-01,27.4,88.4,1.8846057851125484,68.64790931850331,26.775373458862305,2815.0,82.01767279161758,-0.0248265867740984,8.045124904466675,0.020121721853074,0.6178131945892864,0,0
NODE_03,2026-01-01 08:00:00,2026-01-01,27.4,88.4,0.6586506783668299,56.06169198706122,26.775373458862305,2815.0,12.377514817878325,-0.0576746212992392,4.613240617026436,0.752727137825976,0.7699736182066009,0,0
NODE_03,2026-01-01 09:00:00,2026-01-01,27.4,88.4,2.0342280826267096,89.31996194094589,26.775373458862305,2815.0,52.20974885926552,0.0133921818933166,8.708441852515543,0.4737732925144229,0.1039593759123895,0,0
NODE_03,2026-01-01 10:00:00,2026-01-01,27.4,88.4,2.712242230971295,62.793915937340834,26.775373458862305,2815.0,19.32224658729778,-0.0411767485312924,15.071304246465388,0.4467721588396068,0.9623653164545284,0,0
NODE_03,2026-01-01 11:00:00,2026-01-01,27.4,88.4,1.064392282395313,45.96815988145183,26.775373458862305,2815.0,10.93150771311452,-0.0259126319430601,3.398062029488605,0.0070965324948871,0.890220670554556,0,0
NODE_03,2026-01-01 12:00:00,2026-01-01,27.4,88.4,3.354734035960529,74.05064193310866,26.775373458862305,2815.0,36.32587536536307,0.0662638045218518,1.6758993820115595,0.8193982309664928,0.2703485904955843,0,0
NODE_03,2026-01-01 13:00:00,2026-01-01,27.4,88.4,6.116624982110064,31.932375810714944,26.775373458862305,2815.0,30.254233305951328,0.0413557714282884,2.3831403797857256,0.3598249006365664,0.822760243032332,0,0
NODE_03,2026-01-01 14:00:00,2026-01-01,27.4,88.4,1.4819507775190466,46.91610695943866,26.775373458862305,2815.0,28.702170849685466,0.0078987156125725,7.8317134890846845,0.5407656313005429,0.5183239230398234,0,0
NODE_03,2026-01-01 15:00:00,2026-01-01,27.4,88.4,11.274590444133889,44.28712652643101,26.775373458862305,2815.0,21.78623660587087,-0.0635959500556361,7.699013519863788,0.6773006863356594,0.4618064815620186,0,0
NODE_03,2026-01-01 16:00:00,2026-01-01,27.4,88.4,18.59888543796534,50.22649665754441,26.775373458862305,2815.0,19.33867386797823,0.0105698283735329,8.181519988845904,0.7026295764379158,0.3144341058114054,0,0
NODE_03,2026-01-01 17:00:00,2026-01-01,27.4,88.4,2.7611835829687617,74.72458781501084,26.775373458862305,2815.0,218.84681121099052,0.0531328645393763,3.356636765358562,0.9559800588260724,0.5809685866315925,0,0
NODE_03,2026-01-01 18:00:00,2026-01-01,27.4,88.4,5.806902700435455,53.89211225143852,26.775373458862305,2815.0,65.64468548309245,-0.0187816832882767,5.288255237796522,0.5313399532366091,0.7298891177035978,0,0
NODE_03,2026-01-01 19:00:00,2026-01-01,27.4,88.4,4.886420059665183,75.58101151861739,26.775373458862305,2815.0,41.38120925167529,0.0675557044993357,4.844348104973051,0.3997195509744276,0.4109329049627582,0,0
NODE_03,2026-01-01 20:00:00,2026-01-01,27.4,88.4,3.077763121046495,60.35422321979061,26.775373458862305,2815.0,22.46141971660771,0.0646372644759103,13.995809997550197,0.953703626491708,0.6292191930082921,0,0
NODE_03,2026-01-01 21:00:00,2026-01-01,27.4,88.4,2.777577264731364,43.94486042602888,26.775373458862305,2815.0,54.99032169667223,0.0831866416071736,2.997057870988706,0.6421102350255211,0.6993129211553037,0,0
NODE_03,2026-01-01 22:00:00,2026-01-01,27.4,88.4,0.3984741412611822,76.69851205784308,26.775373458862305,2815.0,33.716751007186616,0.0152621563265676,2.646897409699936,0.2981503562765556,0.7111218170152859,0,0
NODE_03,2026-01-01 23:00:00,2026-01-01,27.4,88.4,3.0564325826750363,36.68027693871641,26.775373458862305,2815.0,20.618830346874347,0.0293695849903006,3.0610902055893345,0.1264642454035711,0.0519660981311802,0,0
NODE_03,2026-01-02 00:00:00,2026-01-02,27.4,88.4,6.719837586995796,35.706808585985684,26.775373458862305,2815.0,14.82678992807734,0.0707093644165545,10.892839727268113,0.8425545014651813,0.8597478056850669,0,0
NODE_03,2026-01-02 01:00:00,2026-01-02,27.4,88.4,1.9459232768950696,55.3152046838385,26.775373458862305,2815.0,18.524286637384836,0.0223696968534487,9.03359430159711,0.3621816027941515,0.4582533147650479,0,0
NODE_03,2026-01-02 02:00:00,2026-01-02,27.4,88.4,11.050482054956346,38.25944721734622,26.775373458862305,2815.0,0.8433057146616181,-0.0250617053895106,1.205484388797717,0.6604697213644312,0.2624160816962144,0,0
NODE_03,2026-01-02 03:00:00,2026-01-02,27.4,88.4,4.954671257806173,20.636092446585145,26.775373458862305,2815.0,24.79397894696948,-0.022427141826393,1.1274875314281343,0.4708164193658981,0.2417645074796816,0,0
NODE_03,2026-01-02 04:00:00,2026-01-02,27.4,88.4,8.71209664263496,65.38082691091611,26.775373458862305,2815.0,12.323696083496351,0.0119277476886869,6.725041719638469,0.1989297797950383,0.4830141128439504,0,0
NODE_03,2026-01-02 05:00:00,2026-01-02,27.4,88.4,2.8371497887097954,55.77656750306786,26.775373458862305,2815.0,98.75776151204028,-0.0645280710973109,4.499190108179116,0.6016866086204651,0.8868315394689592,0,0
NODE_03,2026-01-02 06:00:00,2026-01-02,27.4,88.4,4.043223882980222,51.186247014521285,26.775373458862305,2815.0,20.477855255027208,-0.0071629457682096,0.44968911331865,0.0606830689506823,0.3783475816826469,0,0
NODE_03,2026-01-02 07:00:00,2026-01-02,27.4,88.4,5.697274505654367,87.68779602328208,26.775373458862305,2815.0,6.116784686641116,0.0548273559115126,1.2213604304402053,0.4133424598711922,0.7497257467835433,0,0
NODE_03,2026-01-02 08:00:00,2026-01-02,27.4,88.4,2.528941514207726,59.98394287740396,26.775373458862305,2815.0,19.10824363512955,-0.109562692558264,4.706270407233348,0.546614939663671,0.0968187309872186,0,0
NODE_03,2026-01-02 09:00:00,2026-01-02,27.4,88.4,8.374738508940887,80.44021044525691,26.775373458862305,2815.0,7.056004207021342,0.0767241050897257,26.644406335820108,0.436046974118579,0.4760567021510618,0,0
NODE_03,2026-01-02 10:00:00,2026-01-02,27.4,88.4,1.993507289065032,29.761516534361213,26.775373458862305,2815.0,32.24643245951733,0.0561187109351579,8.077373204680383,0.7486721752509908,0.9916861403927356,0,0
NODE_03,2026-01-02 11:00:00,2026-01-02,27.4,88.4,14.3009076780792,59.84445241905994,26.775373458862305,2815.0,26.868305677224843,-0.0229882307915238,1.8004311683778302,0.8279249545453125,0.770437802792337,0,0
NODE_03,2026-01-02 12:00:00,2026-01-02,27.4,88.4,0.9593581325508642,80.75857387116321,26.775373458862305,2815.0,52.3441211001213,0.0271695413935904,13.74199904104394,0.771243074033178,0.210528488440613,0,0
NODE_03,2026-01-02 13:00:00,2026-01-02,27.4,88.4,5.330993947325494,60.81740300959286,26.775373458862305,2815.0,9.10768177298614,0.0001573863453163,1.5588385506461562,0.0388129478118021,0.5014414736979107,0,0
NODE_03,2026-01-02 14:00:00,2026-01-02,27.4,88.4,1.7789091285914893,70.26099246889011,26.775373458862305,2815.0,20.78035556041773,0.0614995184219341,2.659918499089083,0.1941287704459722,0.2336247636485665,0,0
NODE_03,2026-01-02 15:00:00,2026-01-02,27.4,88.4,1.267518414189347,46.043049746854514,26.775373458862305,2815.0,5.129346199520049,0.049134157138497,13.42897757543998,0.5366075092637743,0.4095609272625092,0,0
NODE_03,2026-01-02 16:00:00,2026-01-02,27.4,88.4,1.3456345020855105,26.47146619259466,26.775373458862305,2815.0,40.5078094692341,-0.0700035361591504,1.5444010089081464,0.9348220404438012,0.7800840237349648,0,0
NODE_03,2026-01-02 17:00:00,2026-01-02,27.4,88.4,1.1355071894984272,52.053020658895,26.775373458862305,2815.0,33.74631345671035,0.0293631206732088,15.113440940623228,0.8349567750521169,0.7712248152904037,0,0
NODE_03,2026-01-02 18:00:00,2026-01-02,27.4,88.4,7.029317667326241,47.61355735872003,26.775373458862305,2815.0,32.97682430739983,-0.0102813926821623,0.2648708782547921,0.8425345083518017,0.2281003779023851,0,0
NODE_03,2026-01-02 19:00:00,2026-01-02,27.4,88.4,6.549365235519296,80.69421276652632,26.775373458862305,2815.0,20.118082376232632,0.0041416285259049,6.949883787142573,0.3032081937596749,0.92222331815486,0,0
NODE_03,2026-01-02 20:00:00,2026-01-02,27.4,88.4,0.8900012565886041,37.07967116467306,26.775373458862305,2815.0,30.410042242545668,-0.0364085950484907,5.715281758225974,0.4294478970787025,0.5925681827648268,0,0
NODE_03,2026-01-02 21:00:00,2026-01-02,27.4,88.4,5.271286134248503,87.67139592745757,26.775373458862305,2815.0,99.916926756991,0.0874068534560417,10.396734809637207,0.4707059473159374,0.3799242909620145,0,0
NODE_03,2026-01-02 22:00:00,2026-01-02,27.4,88.4,1.6457107489393723,87.06966838631473,26.775373458862305,2815.0,15.103186423124766,0.0520030909951288,5.483882375326656,0.1573715833499104,0.5019355807808606,0,0
NODE_03,2026-01-02 23:00:00,2026-01-02,27.4,88.4,0.2703012421108076,37.33421501500071,26.775373458862305,2815.0,23.072586557857186,-0.0369885581986483,5.85448399366086,0.0310681302444563,0.6050712534377437,0,0
NODE_03,2026-01-03 00:00:00,2026-01-03,27.4,88.4,7.113790163643202,44.36363688341243,26.775373458862305,2815.0,6.779298976557353,-0.0667305303455116,2.462809491831287,0.9469028994605168,0.5598905318457854,0,0
NODE_03,2026-01-03 01:00:00,2026-01-03,27.4,88.4,7.887737172741581,82.68890186117196,26.775373458862305,2815.0,8.429513319699069,-0.0192836315488924,3.749175770302263,0.2407125856635067,0.4864050355361782,0,0
NODE_03,2026-01-03 02:00:00,2026-01-03,27.4,88.4,2.0040648732008406,87.66355546272753,26.775373458862305,2815.0,22.14946390122564,0.0217251323045652,14.051954877205196,0.2399489037236313,0.5049328040894001,0,0
NODE_03,2026-01-03 03:00:00,2026-01-03,27.4,88.4,8.792414933289258,51.04073719852308,26.775373458862305,2815.0,60.578106365605215,0.0120102921973111,6.813365946836255,0.0833790537687595,0.1764119104278861,0,0
NODE_03,2026-01-03 04:00:00,2026-01-03,27.4,88.4,3.224803474681223,42.469793194862845,26.775373458862305,2815.0,15.544691158703207,0.0626566412384121,7.89108543477306,0.9285077519437784,0.8127329043046794,0,0
NODE_03,2026-01-03 05:00:00,2026-01-03,27.4,88.4,3.823716299810964,56.82658092760794,26.775373458862305,2815.0,15.864493052379991,0.0394959861090426,5.9022391596634325,0.579737114939772,0.5417603199410154,0,0
NODE_03,2026-01-03 06:00:00,2026-01-03,27.4,88.4,3.052963628123972,68.14384444560143,26.775373458862305,2815.0,13.371355310473252,0.0484784512876453,4.026360789218809,0.6670368571253539,0.1310798617047031,0,0
NODE_03,2026-01-03 07:00:00,2026-01-03,27.4,88.4,0.8633323281049835,39.143216076248585,26.775373458862305,2815.0,11.766344898440943,0.0163427700305218,0.49240717734799,0.9115768872630524,0.7661571015827779,0,0
NODE_03,2026-01-03 08:00:00,2026-01-03,27.4,88.4,2.746439839259941,71.5531222233351,26.775373458862305,2815.0,26.97664402972754,-0.0694649365105495,12.251294372887964,0.3456201689007895,0.9324439783773508,0,0
NODE_03,2026-01-03 09:00:00,2026-01-03,27.4,88.4,0.9161762046153036,23.616014998024877,26.775373458862305,2815.0,4.493996319677139,-0.009784926557345,8.54795041826299,0.6215073111380841,0.947306899236962,0,0
NODE_03,2026-01-03 10:00:00,2026-01-03,27.4,88.4,5.4722705699161,23.45061449350915,26.775373458862305,2815.0,72.30834733622552,0.0530044869954332,4.935910961925033,0.0387994547288874,0.3690177324111727,1,0
NODE_03,2026-01-03 11:00:00,2026-01-03,27.4,88.4,5.964743178322677,47.04013936018816,26.775373458862305,2815.0,10.325098738689173,-0.0025761464262323,2.057019768902318,0.1867725282311293,0.135516873560754,0,0
NODE_03,2026-01-03 12:00:00,2026-01-03,27.4,88.4,0.2608521331707175,44.74312344425044,26.775373458862305,2815.0,41.34301508511355,0.0251545184311873,9.119785983435856,0.8312458050899425,0.5183996266330652,0,0
NODE_03,2026-01-03 13:00:00,2026-01-03,27.4,88.4,5.774947370017678,42.09432507570066,26.775373458862305,2815.0,5.640661820049585,-0.0159374157623066,1.886713937526401,0.7667683563383357,0.1126092293492206,0,0
NODE_03,2026-01-03 14:00:00,2026-01-03,27.4,88.4,3.235027583389949,54.3713833868237,26.775373458862305,2815.0,39.206405166228,-0.0514905924270922,8.028580175810795,0.3506426914571469,0.9339874185126172,0,0
NODE_03,2026-01-03 15:00:00,2026-01-03,27.4,88.4,0.3837482551797835,42.451350761809984,26.775373458862305,2815.0,39.32830968683668,-0.0061672032023055,2.5989465844987767,0.3768106277742125,0.183579627355146,0,0
NODE_03,2026-01-03 16:00:00,2026-01-03,27.4,88.4,4.164545414922544,33.458054292766434,26.775373458862305,2815.0,29.494448877826557,0.0154523721516326,6.267970892677858,0.5335544335535795,0.2527658599511641,0,0
NODE_03,2026-01-03 17:00:00,2026-01-03,27.4,88.4,2.440208797781268,41.66286843620206,26.775373458862305,2815.0,7.430338960397649,-0.0327843859730721,13.01479895524902,0.0002410046851345,0.4066365268849704,0,0
NODE_03,2026-01-03 18:00:00,2026-01-03,27.4,88.4,1.6768711652503456,88.24329909671644,26.775373458862305,2815.0,25.778690205278032,-0.0117855622428334,5.437367524863953,0.2412443360380278,0.3831644685591258,0,0
NODE_03,2026-01-03 19:00:00,2026-01-03,27.4,88.4,0.9393913554637752,48.777939189639405,26.775373458862305,2815.0,6.153024904362558,-0.0469731620992991,7.360198705386527,0.2082318086082144,0.794662892397889,0,0
NODE_03,2026-01-03 20:00:00,2026-01-03,27.4,88.4,4.747670862127914,51.12989438008351,26.775373458862305,2815.0,15.599466967220588,0.0559622458782048,17.929982920284196,0.2504829467497634,0.4563168205509623,0,0
NODE_03,2026-01-03 21:00:00,2026-01-03,27.4,88.4,3.755427225072835,60.3581492965798,26.775373458862305,2815.0,56.22790145971827,-0.0147227878794017,6.609148610125706,0.8059058425334413,0.1707682600033369,0,0
NODE_03,2026-01-03 22:00:00,2026-01-03,27.4,88.4,3.91763210044328,88.83385378899587,26.775373458862305,2815.0,44.55399957353178,0.0726377772563091,1.8280295221270488,0.2796738565464431,0.2672098954860741,0,0
NODE_03,2026-01-03 23:00:00,2026-01-03,27.4,88.4,8.506132889760238,36.91208935050341,26.775373458862305,2815.0,20.39282131385458,0.0764373925270454,8.242013584015735,0.1915213220501481,0.509113385187522,0,0
NODE_03,2026-01-04 00:00:00,2026-01-04,27.4,88.4,11.013640775635649,67.68974773727037,26.775373458862305,2815.0,7.577576488635938,-0.0040522982360871,3.596986340185459,0.5042634607930315,0.1474539174261349,0,0
NODE_03,2026-01-04 01:00:00,2026-01-04,27.4,88.4,0.1700518343779034,70.11892854792069,26.775373458862305,2815.0,38.30527871606219,-0.0504224366273674,15.376575212286378,0.8656450363727319,0.6116556756460141,0,0
NODE_03,2026-01-04 02:00:00,2026-01-04,27.4,88.4,4.785814130423339,62.512709175514615,26.775373458862305,2815.0,20.47861636728854,-0.1042948938866668,3.452562981406808,0.2413497038374998,0.5657473065511459,0,0
NODE_03,2026-01-04 03:00:00,2026-01-04,27.4,88.4,2.0665916102187647,26.20048377456509,26.775373458862305,2815.0,1.973254878202068,-0.0736018536513395,3.4856526131879897,0.0785362427927987,0.7147023163822577,0,0
NODE_03,2026-01-04 04:00:00,2026-01-04,27.4,88.4,5.412791987861903,67.38105930793036,26.775373458862305,2815.0,43.93142196369868,-0.068691741244933,7.236711994579264,0.3564047358496647,0.9377046153793676,0,0
NODE_03,2026-01-04 05:00:00,2026-01-04,27.4,88.4,1.5692092218402884,24.48662977253228,26.775373458862305,2815.0,19.604657511209368,0.0689234813730752,6.137396850187156,0.7476518245649778,0.9122545611011555,0,0
NODE_03,2026-01-04 06:00:00,2026-01-04,27.4,88.4,14.238645419639848,61.72998546849279,26.775373458862305,2815.0,66.84999628548788,0.0057912293613473,8.145330148965728,0.5506905446947946,0.9460756180688312,0,0
NODE_03,2026-01-04 07:00:00,2026-01-04,27.4,88.4,5.605311831191729,71.77068240552198,26.775373458862305,2815.0,6.717590147101636,0.0194802262045993,3.139987178748012,0.8167933695743474,0.2447155970237009,0,0
NODE_03,2026-01-04 08:00:00,2026-01-04,27.4,88.4,2.9063155464500987,34.76789234339653,26.775373458862305,2815.0,0.838027960591251,-0.1110210504467563,9.152931264738324,0.959592147609234,0.1315653066393546,0,0
NODE_03,2026-01-04 09:00:00,2026-01-04,27.4,88.4,8.904528214514004,78.91354052799419,26.775373458862305,2815.0,26.551436676819065,-0.059898321460863,0.6898351968894838,0.792662476751617,0.3022767004964485,0,0
NODE_03,2026-01-04 10:00:00,2026-01-04,27.4,88.4,1.389528237108467,22.1247663873103,26.775373458862305,2815.0,26.884870049524668,0.0443539888223143,2.8119230512656044,0.6038030788437534,0.8950851727663146,0,0
NODE_03,2026-01-04 11:00:00,2026-01-04,27.4,88.4,5.812171872935522,79.06690045608143,26.775373458862305,2815.0,3.7036853793408335,0.0143387056191293,7.841595483968093,0.4933415880523805,0.9720534746234882,0,0
NODE_03,2026-01-04 12:00:00,2026-01-04,27.4,88.4,2.799923178666374,52.22303354499356,26.775373458862305,2815.0,7.549644334464688,-0.0073602639342798,0.4766497289405754,0.0400690863482666,0.859324951070476,0,0
NODE_03,2026-01-04 13:00:00,2026-01-04,27.4,88.4,3.1672718864678924,35.23115579521512,26.775373458862305,2815.0,315.83431097527307,0.0282421179300061,6.956512798457802,0.9843219788140412,0.1100177211275436,0,0
NODE_03,2026-01-04 14:00:00,2026-01-04,27.4,88.4,18.36843955924824,29.36447014957776,26.775373458862305,2815.0,14.796481053537066,0.0817898903067907,6.029269190202267,0.3834811225750425,0.9474279980597932,0,0
NODE_03,2026-01-04 15:00:00,2026-01-04,27.4,88.4,4.8696325135589245,86.73150173076608,26.775373458862305,2815.0,41.71909661506571,-0.0110521231768525,2.360867267227301,0.1522282139168668,0.423358027350786,0,0
NODE_03,2026-01-04 16:00:00,2026-01-04,27.4,88.4,1.5689676870478793,25.08659113068097,26.775373458862305,2815.0,10.478653340910704,0.0034684901329034,6.963413100852106,0.6667088553964567,0.0093102907623536,0,0
NODE_03,2026-01-04 17:00:00,2026-01-04,27.4,88.4,3.10518092648201,33.9365393955148,26.775373458862305,2815.0,2.4835701488925355,0.0096298459365652,2.510237302802293,0.2842882890954593,0.4423937407481936,0,0
NODE_03,2026-01-04 18:00:00,2026-01-04,27.4,88.4,1.6566345318336926,44.34756432031322,26.775373458862305,2815.0,16.941085278587614,0.1196054817636996,8.61049186687205,0.5857782709310476,0.0460691696754675,0,1
NODE_03,2026-01-04 19:00:00,2026-01-04,27.4,88.4,1.8723367005985407,63.41643942727843,26.775373458862305,2815.0,15.40043013253923,-0.1049678132209512,6.406713200594554,0.5867679078445912,0.5438779211611176,0,0
NODE_03,2026-01-04 20:00:00,2026-01-04,27.4,88.4,3.8971946362378382,58.13607596932689,26.775373458862305,2815.0,13.465377497483072,0.0341611507394404,10.223426337272356,0.4457298209028691,0.3385540274370513,0,0
NODE_03,2026-01-04 21:00:00,2026-01-04,27.4,88.4,1.738382479508631,28.795044468861978,26.775373458862305,2815.0,17.9099990762199,-0.0057401124379531,21.059545370268467,0.8361186155450426,0.4734349335940487,0,0
NODE_03,2026-01-04 22:00:00,2026-01-04,27.4,88.4,8.870256636535686,40.28095886167503,26.775373458862305,2815.0,26.16096126834249,0.0283385863092089,6.482493871332524,0.264967061555443,0.613170360743117,0,0
NODE_03,2026-01-04 23:00:00,2026-01-04,27.4,88.4,2.85536799451645,36.71262397602169,26.775373458862305,2815.0,17.285760131028887,-0.0328686276997362,11.317566005340028,0.4486325916177341,0.8688010958178203,0,0
NODE_03,2026-01-05 00:00:00,2026-01-05,27.4,88.4,3.305717147752955,34.9479998143239,26.775373458862305,2815.0,5.6745645664942455,-0.0024482515429225,1.3579332619449462,0.5376921285909715,0.6619015764719286,0,0
NODE_03,2026-01-05 01:00:00,2026-01-05,27.4,88.4,1.998588002587141,48.78010355359909,26.775373458862305,2815.0,32.66110079183123,0.0355705289732747,7.828390972190759,0.6636247207672996,0.4340488684781807,0,0
NODE_03,2026-01-05 02:00:00,2026-01-05,27.4,88.4,0.8292502559985037,69.28220168141598,26.775373458862305,2815.0,2.8594469862317,0.155645510052192,8.246621810524028,0.7839718505055895,0.8194278536703651,0,0
NODE_03,2026-01-05 03:00:00,2026-01-05,27.4,88.4,0.9776772551670788,35.22170525520652,26.775373458862305,2815.0,2.5847855437390588,0.0404018094701035,1.3838167002006343,0.394807282878256,0.9055821375731322,0,0
NODE_03,2026-01-05 04:00:00,2026-01-05,27.4,88.4,4.2528374045805295,45.667521579208696,26.775373458862305,2815.0,42.06350477141472,-0.0424032799015254,9.200076305798556,0.646046944096596,0.1197599664321972,0,0
NODE_03,2026-01-05 05:00:00,2026-01-05,27.4,88.4,2.5447173527877345,47.36421987888136,26.775373458862305,2815.0,33.3487493909029,-0.0211879841011351,12.207166254555542,0.1506109530685191,0.5319329775527915,0,0
NODE_03,2026-01-05 06:00:00,2026-01-05,27.4,88.4,4.489998154875385,88.35195706047871,26.775373458862305,2815.0,18.965179405673023,-0.0226707054191926,7.758460045738342,0.9326481005424786,0.2845119597424441,0,0
NODE_03,2026-01-05 07:00:00,2026-01-05,27.4,88.4,7.932881191238498,86.82664498153483,26.775373458862305,2815.0,4.9756275096273805,-0.0897821586315007,0.4773650699499955,0.3830588064210035,0.0470611978769474,0,0
NODE_03,2026-01-05 08:00:00,2026-01-05,27.4,88.4,1.630034122173453,76.00963079264531,26.775373458862305,2815.0,9.895588574789585,-0.0165045095850718,3.192959248968887,0.7295214219764384,0.6685466951139853,0,0
NODE_03,2026-01-05 09:00:00,2026-01-05,27.4,88.4,16.098045635901435,36.91612445734296,26.775373458862305,2815.0,15.444504624133277,0.0366414540910872,19.89345492667751,0.0203410818821776,0.8627707774592256,0,0
NODE_03,2026-01-05 10:00:00,2026-01-05,27.4,88.4,1.2140910293923417,24.76261198641688,26.775373458862305,2815.0,4.071884976492041,-0.0637116059538397,7.5417448115491235,0.205187142904807,0.162902654477394,0,0
NODE_03,2026-01-05 11:00:00,2026-01-05,27.4,88.4,0.93307683611321,42.18328964044373,26.775373458862305,2815.0,9.592402145850675,0.0524241325525296,8.810105928477599,0.487082544323578,0.8124136576239005,0,0
NODE_03,2026-01-05 12:00:00,2026-01-05,27.4,88.4,7.162697234571753,38.67561846036816,26.775373458862305,2815.0,38.56442958123261,0.0243887410542169,1.5830366449886473,0.8782524677323466,0.8533957335369416,0,0
NODE_03,2026-01-05 13:00:00,2026-01-05,27.4,88.4,3.402405214177812,55.41480601024757,26.775373458862305,2815.0,83.7055567590856,-0.0367116660985518,1.94119320221449,0.5272551499506771,0.9143404426664836,0,0
NODE_03,2026-01-05 14:00:00,2026-01-05,27.4,88.4,1.550130690340346,74.44095370474551,26.775373458862305,2815.0,13.204599915588023,-0.0070764818668923,3.9707416846358288,0.929870482293879,0.2652850890860524,0,0
NODE_03,2026-01-05 15:00:00,2026-01-05,27.4,88.4,0.8356467149397762,80.08260572152007,26.775373458862305,2815.0,42.79787082693504,0.0799160903820516,10.265341335405694,0.4837968965827963,0.9039530651898892,0,0
NODE_03,2026-01-05 16:00:00,2026-01-05,27.4,88.4,1.2514590810862765,79.1404859787356,26.775373458862305,2815.0,2.96222279096358,0.0366773906752932,2.126485826372089,0.4904490967359499,0.3206627547364322,0,0
NODE_03,2026-01-05 17:00:00,2026-01-05,27.4,88.4,3.613400119513268,45.17728928561474,26.775373458862305,2815.0,38.84002321430547,0.0004391827449073,18.709167664282667,0.1197467885005318,0.5523380134555028,0,0
NODE_03,2026-01-05 18:00:00,2026-01-05,27.4,88.4,10.08100603524517,68.1064040422478,26.775373458862305,2815.0,8.989449260603227,-0.0118841658480492,0.8056266007161509,0.8026562441522198,0.0505074708322821,0,0
NODE_03,2026-01-05 19:00:00,2026-01-05,27.4,88.4,0.4272981085792299,41.89839382669541,26.775373458862305,2815.0,27.312531241480023,0.0038304535225829,3.930681022893185,0.2469654124670625,0.0438810883687436,0,0
NODE_03,2026-01-05 20:00:00,2026-01-05,27.4,88.4,3.917925071421098,24.26338802646279,26.775373458862305,2815.0,15.677829518257084,-0.0255881778971151,13.453862267085947,0.8996124893723151,0.7203732127322029,0,0
NODE_03,2026-01-05 21:00:00,2026-01-05,27.4,88.4,6.3405420721307095,69.10956859220596,26.775373458862305,2815.0,75.219763564478,-0.1052374752859507,1.57467503850814,0.910824220330396,0.444479977977791,0,0
NODE_03,2026-01-05 22:00:00,2026-01-05,27.4,88.4,2.1140695731497887,20.68792867988515,26.775373458862305,2815.0,8.377624080329012,0.1021088955267365,2.9758771895836262,0.9433101118741496,0.2562923753692175,0,0
NODE_03,2026-01-05 23:00:00,2026-01-05,27.4,88.4,10.456522133895902,48.6427811220942,26.775373458862305,2815.0,37.62265131360101,0.00776624995997,5.465161256871852,0.52023048910309,0.1904134960249102,0,0
NODE_03,2026-01-06 00:00:00,2026-01-06,27.4,88.4,4.375310273173378,43.0565488511453,26.775373458862305,2815.0,15.187800952447766,0.0199073632561268,1.615179794849724,0.6770937847836443,0.6699534908592181,0,0
NODE_03,2026-01-06 01:00:00,2026-01-06,27.4,88.4,6.830994499071647,68.53642769631966,26.775373458862305,2815.0,17.144793165261255,-0.0028953874938454,0.5949279596652842,0.7785158800616635,0.0004015440253398,0,0
NODE_03,2026-01-06 02:00:00,2026-01-06,27.4,88.4,6.603716948118622,73.63718309322653,26.775373458862305,2815.0,16.71231891122883,-0.0367558400362294,2.2557619514193163,0.1310146186504656,0.8058911691968542,0,0
NODE_03,2026-01-06 03:00:00,2026-01-06,27.4,88.4,8.571478308223766,41.28662451798987,26.775373458862305,2815.0,8.622084661393751,-0.0092962240474385,12.216099778167973,0.6009571949974972,0.0792496061299288,0,0
NODE_03,2026-01-06 04:00:00,2026-01-06,27.4,88.4,2.997281430297794,76.81389101113975,26.775373458862305,2815.0,19.80433858384489,-0.0799697381097155,3.9182510152845857,0.0342979013033116,0.1914896149081194,0,0
NODE_03,2026-01-06 05:00:00,2026-01-06,27.4,88.4,11.809871342028526,40.57417323534536,26.775373458862305,2815.0,18.8658192202608,0.1138543249026652,1.530975233153549,0.4975660833887259,0.3862363952990896,0,0
NODE_03,2026-01-06 06:00:00,2026-01-06,27.4,88.4,3.207264421282319,51.24284519905929,26.775373458862305,2815.0,25.565409551378885,-0.0617255999211198,1.5919279155113133,0.1548426816202274,0.4848587397161036,0,0
NODE_03,2026-01-06 07:00:00,2026-01-06,27.4,88.4,2.762188993364721,70.89129689098938,26.775373458862305,2815.0,21.856648308941907,-0.0515983141923589,9.818797250438744,0.1829229259620847,0.3549951158139418,0,0
NODE_03,2026-01-06 08:00:00,2026-01-06,27.4,88.4,2.641783155486033,68.5044160457352,26.775373458862305,2815.0,44.61162831577571,-0.02201296021932,2.3322738227481388,0.3650475666926015,0.3207121649842939,0,0
NODE_03,2026-01-06 09:00:00,2026-01-06,27.4,88.4,2.454089733882713,89.115793061854,26.775373458862305,2815.0,50.57759117502553,0.0644037862426188,6.810106823160798,0.432437166716503,0.9639160120731884,0,0
NODE_03,2026-01-06 10:00:00,2026-01-06,27.4,88.4,2.4487980755003296,35.761271695115234,26.775373458862305,2815.0,7.024307811344209,0.0007254499631327,3.467391650973562,0.6231724245321872,0.6415796812433943,0,0
NODE_03,2026-01-06 11:00:00,2026-01-06,27.4,88.4,3.663432438375885,66.36225394777077,26.775373458862305,2815.0,47.88357293416415,-0.0618067898015231,6.276917327659071,0.0744284184385156,0.0234329553673882,0,0
NODE_03,2026-01-06 12:00:00,2026-01-06,27.4,88.4,3.7639974765800654,62.677733579304416,26.775373458862305,2815.0,6.132874558411431,0.0627169180378669,9.840817021993503,0.5036917612374446,0.4301759084443132,0,0
NODE_03,2026-01-06 13:00:00,2026-01-06,27.4,88.4,3.716059544279464,84.05689181430209,26.775373458862305,2815.0,36.15646924290095,0.036550031339274,10.455542407306789,0.1826251302531011,0.8750086997439702,0,0
NODE_03,2026-01-06 14:00:00,2026-01-06,27.4,88.4,2.8736666784118,30.945349915141257,26.775373458862305,2815.0,37.32781595190514,0.0269217478608226,1.7623627290496635,0.5739751750317419,0.3014561864106679,0,0
NODE_03,2026-01-06 15:00:00,2026-01-06,27.4,88.4,6.5870281920853815,72.6258714510853,26.775373458862305,2815.0,2.970359853701668,0.035786712058542,4.01454465833373,0.6374046122611835,0.0945563447743882,0,0
NODE_03,2026-01-06 16:00:00,2026-01-06,27.4,88.4,4.069642530606684,59.778803138813785,26.775373458862305,2815.0,22.042650739261827,0.1197180950291225,2.863043460821537,0.5567092565528539,0.7583847715899178,0,0
NODE_03,2026-01-06 17:00:00,2026-01-06,27.4,88.4,5.03421392496584,39.22661088515338,26.775373458862305,2815.0,12.572399389923069,0.1092547447518056,11.500192236784851,0.7382955104783077,0.6060138319360813,0,0
NODE_03,2026-01-06 18:00:00,2026-01-06,27.4,88.4,1.2996073732081803,53.21044399030219,26.775373458862305,2815.0,9.404936792138296,-0.0343357671501647,1.7301941804837335,0.3356092442409013,0.5703125078265039,0,0
NODE_03,2026-01-06 19:00:00,2026-01-06,27.4,88.4,0.8499732181093348,43.364361794885845,26.775373458862305,2815.0,77.5445283485185,0.0811942496405576,6.660459573469862,0.7651065916331309,0.0535765596074079,0,0
NODE_03,2026-01-06 20:00:00,2026-01-06,27.4,88.4,6.054024178328467,60.55193819519226,26.775373458862305,2815.0,10.447062718828091,0.019158409487945,6.37474788029372,0.4327670817081936,0.1404990097955173,0,0
NODE_03,2026-01-06 21:00:00,2026-01-06,27.4,88.4,6.841563822339448,82.23004275702661,26.775373458862305,2815.0,8.96764474072206,0.0249547908068874,1.92289508370015,0.4841844983225968,0.6225493962131138,0,0
NODE_03,2026-01-06 22:00:00,2026-01-06,27.4,88.4,1.1873754019173042,59.85134890885414,26.775373458862305,2815.0,21.664932509583544,-0.0846135415821664,0.6001590708103445,0.6481021272610714,0.2078238414588358,0,0
NODE_03,2026-01-06 23:00:00,2026-01-06,27.4,88.4,1.0238059628651208,64.22056928286088,26.775373458862305,2815.0,39.86862789377915,-0.0085192882694097,2.4439077465108623,0.0183583839992239,0.5040700797484243,0,0
NODE_03,2026-01-07 00:00:00,2026-01-07,27.4,88.4,9.08038739412144,56.31234929802966,26.775373458862305,2815.0,17.432763823304416,-0.0406411795168282,3.513097772148476,0.6539942214202483,0.5448816860293935,0,0
NODE_03,2026-01-07 01:00:00,2026-01-07,27.4,88.4,2.132882935633399,23.581585451183315,26.775373458862305,2815.0,64.48099606061561,0.0414029407446654,3.719102325281993,0.6185851490721154,0.2835071902709394,1,0
NODE_03,2026-01-07 02:00:00,2026-01-07,27.4,88.4,1.7342183568267868,36.3000989813266,26.775373458862305,2815.0,34.157277318883274,0.0535540250201402,3.3892441634661408,0.3098471167532799,0.9484251555414928,0,0
NODE_03,2026-01-07 03:00:00,2026-01-07,27.4,88.4,1.0166620655965517,54.440121060245794,26.775373458862305,2815.0,2.2745646700507067,-0.1037243175508155,8.030342906023307,0.0857942848994894,0.8424641068355752,0,0
NODE_03,2026-01-07 04:00:00,2026-01-07,27.4,88.4,1.031162743790191,41.71646986212934,26.775373458862305,2815.0,11.82875032709672,-0.0011017432002135,9.075240452050297,0.0909354499130411,0.7223735076327985,0,0
NODE_03,2026-01-07 05:00:00,2026-01-07,27.4,88.4,15.815303545015995,32.7234518432836,26.775373458862305,2815.0,11.451925715840105,0.0560930752397126,10.999185406859906,0.9232237469852286,0.077993866409409,0,0
NODE_03,2026-01-07 06:00:00,2026-01-07,27.4,88.4,3.050114709356108,55.28929893429069,26.775373458862305,2815.0,32.43898542833676,-0.0093339481156722,2.201047127980148,0.6892793212258371,0.1061300193090194,0,0
NODE_03,2026-01-07 07:00:00,2026-01-07,27.4,88.4,2.560638156972906,42.59668554134952,26.775373458862305,2815.0,1.4552576203728078,0.0364531822501182,4.20135492493765,0.1271026137707404,0.4927813458649557,0,0
NODE_03,2026-01-07 08:00:00,2026-01-07,27.4,88.4,0.9284939043540614,38.06753502213903,26.775373458862305,2815.0,256.9829418885156,0.0175582733813542,14.07880994821687,0.3567231693089063,0.1607133491909856,0,0
NODE_03,2026-01-07 09:00:00,2026-01-07,27.4,88.4,0.3896275384998001,52.47897922082666,26.775373458862305,2815.0,34.15900001390329,0.0170830115976313,4.020540153943933,0.5924829939015964,0.978265463529474,0,0
NODE_03,2026-01-07 10:00:00,2026-01-07,27.4,88.4,12.286506801156085,29.32989806575212,26.775373458862305,2815.0,23.309868319152237,-0.0135657489034148,2.748002446369096,0.8355717050906487,0.1585202340274094,0,0
NODE_03,2026-01-07 11:00:00,2026-01-07,27.4,88.4,7.843359746347419,84.94220131527851,26.775373458862305,2815.0,65.46840870330274,-0.0608290402067854,7.403175996096851,0.0436609287130085,0.487467835463974,0,0
NODE_03,2026-01-07 12:00:00,2026-01-07,27.4,88.4,3.959929730024536,80.73914685434673,26.775373458862305,2815.0,209.2760204831608,-0.0560765073712513,8.306251030251609,0.2366331314700088,0.3641210568415054,0,0
NODE_03,2026-01-07 13:00:00,2026-01-07,27.4,88.4,2.663966435467096,69.53344100183747,26.775373458862305,2815.0,47.9781953706843,0.0354676257227658,4.043603174304436,0.88974899029538,0.639386421454098,0,0
NODE_03,2026-01-07 14:00:00,2026-01-07,27.4,88.4,3.828971354890911,27.43496793119193,26.775373458862305,2815.0,51.87376113193273,0.0009729127759441,3.1430839962263977,0.0091655501838164,0.1290364088894249,0,0
NODE_03,2026-01-07 15:00:00,2026-01-07,27.4,88.4,3.720249543753318,74.31140781287851,26.775373458862305,2815.0,22.88976859471257,-0.0069256122303612,1.4809285683435118,0.2013991027938874,0.4303164280423909,0,0
NODE_03,2026-01-07 16:00:00,2026-01-07,27.4,88.4,9.872430510616947,76.55701296763132,26.775373458862305,2815.0,17.434905267279667,-0.0211945021161176,3.294389082734975,0.959024175972966,0.2747050328071436,0,0
NODE_03,2026-01-07 17:00:00,2026-01-07,27.4,88.4,4.835973115488852,73.74352324000364,26.775373458862305,2815.0,12.480963406495308,-0.0152594422740375,1.0025821979659344,0.6134018465221711,0.887751524671688,0,0
NODE_03,2026-01-07 18:00:00,2026-01-07,27.4,88.4,2.0825012984849565,27.97761209834688,26.775373458862305,2815.0,8.792402605308755,0.0523455897244069,11.153996920478296,0.2616713666375064,0.040585712134695,0,1
NODE_03,2026-01-07 19:00:00,2026-01-07,27.4,88.4,1.558756421411545,65.07355699474353,26.775373458862305,2815.0,10.104550837123746,-0.0167622040934013,0.7527480991624175,0.0669910943958476,0.9137274940064593,0,0
NODE_03,2026-01-07 20:00:00,2026-01-07,27.4,88.4,3.3893241059065717,78.4027357024579,26.775373458862305,2815.0,5.204085736641423,-0.0670532356650784,2.442305193966071,0.0281913404472221,0.8329941385530004,0,0
NODE_03,2026-01-07 21:00:00,2026-01-07,27.4,88.4,2.7513247313957425,60.41473808537674,26.775373458862305,2815.0,18.617994314448666,0.0371825887770086,5.569345231139268,0.2447450796369272,0.2975707164408154,0,0
NODE_03,2026-01-07 22:00:00,2026-01-07,27.4,88.4,4.637983600520982,65.24851626596623,26.775373458862305,2815.0,3.7259893831291766,-0.0102438331932358,4.940861477602482,0.8814858195889105,0.7892906546771047,0,0
NODE_03,2026-01-07 23:00:00,2026-01-07,27.4,88.4,0.2694194813773319,52.08544355984143,26.775373458862305,2815.0,24.3106985777162,0.0015697932766388,1.9629895591588504,0.4159136542975095,0.0312135603387475,0,0
NODE_03,2026-01-08 00:00:00,2026-01-08,27.4,88.4,3.8767239886390974,57.00951239188368,26.775373458862305,2815.0,19.36891365508002,0.0803789153199755,6.115261675971015,0.720333369165993,0.9668655502933936,0,0
NODE_03,2026-01-08 01:00:00,2026-01-08,27.4,88.4,1.2338970786898873,22.406380084620764,26.775373458862305,2815.0,23.264655985084083,-0.0010280278675253,1.0753046249278626,0.9182850353799578,0.5265949425897893,0,0
NODE_03,2026-01-08 02:00:00,2026-01-08,27.4,88.4,1.8852009706292472,64.72741153812991,26.775373458862305,2815.0,11.915837885459602,0.0144591836559362,5.624518260701595,0.4080404616028166,0.3032810260654452,0,0
NODE_03,2026-01-08 03:00:00,2026-01-08,27.4,88.4,3.027819554678773,25.701304902381143,26.775373458862305,2815.0,435.65923653278605,-0.0589461745649162,2.187742552122891,0.191277371037397,0.3625832125946771,0,0
NODE_03,2026-01-08 04:00:00,2026-01-08,27.4,88.4,11.01503118459506,50.45102160381564,26.775373458862305,2815.0,78.2662049647032,-0.010983472617548,0.9500244507341312,0.5171179308569195,0.0664053534604973,0,0
NODE_03,2026-01-08 05:00:00,2026-01-08,27.4,88.4,5.211256083127267,40.48585683671855,26.775373458862305,2815.0,5.786094274156697,0.03047630226043,3.545026045306925,0.9080836870598544,0.9893495140420392,0,0
NODE_03,2026-01-08 06:00:00,2026-01-08,27.4,88.4,2.9635298188325248,58.17995651481992,26.775373458862305,2815.0,25.35226531103869,-0.0777686866920621,9.582012544769,0.8043744141377006,0.0392919451506924,0,0
NODE_03,2026-01-08 07:00:00,2026-01-08,27.4,88.4,0.7181124024343902,29.339143486624497,26.775373458862305,2815.0,10.935275597555608,0.0100422546557854,2.066983695894802,0.0658298433631537,0.654907123147859,0,0
NODE_03,2026-01-08 08:00:00,2026-01-08,27.4,88.4,3.305447259081747,68.41503813813227,26.775373458862305,2815.0,7.282835464736325,0.0050395536322403,8.287744478116212,0.6925728000775818,0.4427359277064583,0,0
NODE_03,2026-01-08 09:00:00,2026-01-08,27.4,88.4,1.2004344362323325,75.65080758499293,26.775373458862305,2815.0,5.258931813661968,0.0020643727793719,4.440391466375878,0.5718975224589538,0.9489162181887152,0,0
NODE_03,2026-01-08 10:00:00,2026-01-08,27.4,88.4,7.745538967578849,31.434811482020955,26.775373458862305,2815.0,30.945162633976928,0.0518579449329121,1.58452408264407,0.9074631763464256,0.2459997403067951,0,0
NODE_03,2026-01-08 11:00:00,2026-01-08,27.4,88.4,3.1924664862270618,27.30191611463175,26.775373458862305,2815.0,10.161639171660028,0.016721925742426,3.155621514045881,0.1224814168502972,0.5320868239380113,0,0
NODE_03,2026-01-08 12:00:00,2026-01-08,27.4,88.4,0.9974879074723476,30.18608379511514,26.775373458862305,2815.0,52.86946885890266,0.0739035949178222,3.9671466450261184,0.5340361132046566,0.4823562085827529,0,0
NODE_03,2026-01-08 13:00:00,2026-01-08,27.4,88.4,3.006965307685916,81.39892933289512,26.775373458862305,2815.0,54.259723670782826,-0.0496794757797018,0.7783593866345551,0.8794626935118923,0.7028664440501013,0,0
NODE_03,2026-01-08 14:00:00,2026-01-08,27.4,88.4,7.496151661177164,56.97324832294493,26.775373458862305,2815.0,79.35364528299544,0.0067962283609173,3.0718829268089585,0.410023786741743,0.0680102319524205,0,0
NODE_03,2026-01-08 15:00:00,2026-01-08,27.4,88.4,7.265644795888488,52.70826972052518,26.775373458862305,2815.0,8.564392781438647,0.0042233393194973,0.9802270673555804,0.481994917732867,0.1937891300233548,0,0
NODE_03,2026-01-08 16:00:00,2026-01-08,27.4,88.4,2.735814250155818,27.4698273371648,26.775373458862305,2815.0,32.30963912695987,-0.0534627246877539,9.00201996982505,0.0704606776669583,0.2145648200928498,0,0
NODE_03,2026-01-08 17:00:00,2026-01-08,27.4,88.4,6.184839261447248,65.46892047298732,26.775373458862305,2815.0,37.8054857078504,0.0478147501045673,6.718771139769721,0.2781436404489108,0.7381507548416897,0,0
NODE_03,2026-01-08 18:00:00,2026-01-08,27.4,88.4,4.125404984628796,80.7599714326563,26.775373458862305,2815.0,12.501164811615318,0.1162336652926409,6.398768827604922,0.3245066491689473,0.18913869632674,0,0
NODE_03,2026-01-08 19:00:00,2026-01-08,27.4,88.4,2.429512683534989,77.9730108526417,26.775373458862305,2815.0,9.2834017044248,-0.0008503037241915,2.254944301002081,0.9451224487448868,0.5734917638909767,0,0
NODE_03,2026-01-08 20:00:00,2026-01-08,27.4,88.4,0.4162417188473,63.82382962865609,26.775373458862305,2815.0,100.43599568633653,0.0252510544136883,1.639198467732778,0.282667360541159,0.2152438205009537,0,0
NODE_03,2026-01-08 21:00:00,2026-01-08,27.4,88.4,5.847368810004358,25.269510165617152,26.775373458862305,2815.0,25.216432762132385,0.0042259237907663,5.659653796329016,0.460868735269652,0.8616249500839784,0,0
NODE_03,2026-01-08 22:00:00,2026-01-08,27.4,88.4,1.506483559005177,27.867791902320903,26.775373458862305,2815.0,37.93855019631419,-0.0356792334953587,8.823794825686337,0.6713044235642798,0.9421854544896384,0,0
NODE_03,2026-01-08 23:00:00,2026-01-08,27.4,88.4,4.006619413000075,23.45162909768773,26.775373458862305,2815.0,8.82796027212589,-0.0910380138901008,19.72966588488588,0.1621833724078774,0.5184929749422404,0,0
NODE_03,2026-01-09 00:00:00,2026-01-09,27.4,88.4,0.3724217536994232,38.02354515447285,26.775373458862305,2815.0,5.93410094774749,-0.0352886741547682,11.52783952345438,0.4864423871418745,0.3523088842091783,0,0
NODE_03,2026-01-09 01:00:00,2026-01-09,27.4,88.4,3.745077239390774,29.49630270122644,26.775373458862305,2815.0,11.365133746418422,-0.0695979190475865,13.163255862555664,0.7385390394759076,0.2340577750174991,0,0
NODE_03,2026-01-09 02:00:00,2026-01-09,27.4,88.4,3.0076413435775287,38.20336281767037,26.775373458862305,2815.0,17.742778935459434,0.0852051039029559,10.513839373379842,0.866855213027066,0.0497810015230437,0,0
NODE_03,2026-01-09 03:00:00,2026-01-09,27.4,88.4,5.086711142622185,46.95406390032732,26.775373458862305,2815.0,6.92944686934296,-0.0057554846961619,4.030967091621185,0.6262592746624267,0.2685000761974954,0,0
NODE_03,2026-01-09 04:00:00,2026-01-09,27.4,88.4,2.5608934550880083,86.0087948849795,26.775373458862305,2815.0,19.88876881694796,-0.0172959664523585,1.847810416102356,0.6690535153169479,0.6542357799453179,0,0
NODE_03,2026-01-09 05:00:00,2026-01-09,27.4,88.4,3.580857829554054,62.72632418471844,26.775373458862305,2815.0,3.711717887612839,0.0444576912393902,0.2751300546300313,0.1262834725845689,0.5336169313092108,0,0
NODE_03,2026-01-09 06:00:00,2026-01-09,27.4,88.4,7.319532614767469,78.44816499780737,26.775373458862305,2815.0,6.553194086173205,-0.0560875551427943,3.598569830108313,0.9457764972463472,0.9440412782809274,0,0
NODE_03,2026-01-09 07:00:00,2026-01-09,27.4,88.4,14.70504479273824,69.72460504986326,26.775373458862305,2815.0,39.28769039370474,-0.0383432019002276,10.144421275132007,0.1325740774844823,0.3962772624917006,0,0
NODE_04,2026-01-01 00:00:00,2026-01-01,27.55,88.6,1.9306159443824669,37.74456272800333,30.540254592895508,2002.0,13.79166301266579,-0.0298739429012201,6.614082578073847,0.8765981188350187,0.804202907297781,0,0
NODE_04,2026-01-01 01:00:00,2026-01-01,27.55,88.6,22.851690687150352,85.83761107720633,30.540254592895508,2002.0,29.18146313113445,-0.0747770768249102,15.764220638116884,0.9124850542303684,0.1806549020911703,0,0
NODE_04,2026-01-01 02:00:00,2026-01-01,27.55,88.6,0.0630825881696107,83.41607775483851,30.540254592895508,2002.0,86.09354898235159,-0.0006149224654028,15.886056118265635,0.2659740646541121,0.4065678079054909,0,0
NODE_04,2026-01-01 03:00:00,2026-01-01,27.55,88.6,2.718635527180892,59.676427350732624,30.540254592895508,2002.0,11.122627470903677,-0.0086422837407055,4.428815042803594,0.4621404732699007,0.3556219992575655,0,0
NODE_04,2026-01-01 04:00:00,2026-01-01,27.55,88.6,3.484452495104904,44.80967943911703,30.540254592895508,2002.0,31.18882722825225,-0.0217882248485309,5.847360730356868,0.5491440152414512,0.7910040740654073,0,0
NODE_04,2026-01-01 05:00:00,2026-01-01,27.55,88.6,1.907011661511561,46.68028174243149,30.540254592895508,2002.0,4.186460747215051,0.0221158434082242,10.80363961519395,0.9491124568882472,0.5102129164781221,0,0
NODE_04,2026-01-01 06:00:00,2026-01-01,27.55,88.6,4.876668996955535,48.829659820114784,30.540254592895508,2002.0,31.728428074369223,-0.0375364803502799,15.57592014914711,0.9986173191643848,0.127849736993467,0,0
NODE_04,2026-01-01 07:00:00,2026-01-01,27.55,88.6,6.271418876466603,70.93055254944608,30.540254592895508,2002.0,13.553132511330295,-0.0575998773789571,3.693262048987619,0.2354072488415266,0.7389920631562439,0,0
NODE_04,2026-01-01 08:00:00,2026-01-01,27.55,88.6,3.285124876993072,51.614729686318654,30.540254592895508,2002.0,9.370646113260609,0.0054541485174915,9.482475212738956,0.7269798713458154,0.3968879782249189,0,0
NODE_04,2026-01-01 09:00:00,2026-01-01,27.55,88.6,8.956022044242886,79.97109625541282,30.540254592895508,2002.0,9.389916106017894,0.0192985046284437,10.484982334124693,0.3780310622331951,0.262924247632147,0,0
NODE_04,2026-01-01 10:00:00,2026-01-01,27.55,88.6,0.7619749832979987,86.08663501512552,30.540254592895508,2002.0,13.550025347213053,-0.0588322471950026,3.4744368177395013,0.0081081968862132,0.3754986220207201,0,0
NODE_04,2026-01-01 11:00:00,2026-01-01,27.55,88.6,4.676295088860582,43.51623073652537,30.540254592895508,2002.0,29.442326494650683,0.046404530549554,6.363095670512035,0.0092525224359023,0.4977565636068963,0,0
NODE_04,2026-01-01 12:00:00,2026-01-01,27.55,88.6,1.530210423877132,59.24861369629761,30.540254592895508,2002.0,5.407769948918348,-0.0885240568888039,6.927749043349128,0.4605660075622557,0.3431155164170094,0,0
NODE_04,2026-01-01 13:00:00,2026-01-01,27.55,88.6,4.411462813428304,26.65395757827951,30.540254592895508,2002.0,13.502632526975455,-0.0289056729357821,0.5730809814367341,0.4883349130043346,0.2419057725917578,0,0
NODE_04,2026-01-01 14:00:00,2026-01-01,27.55,88.6,3.6752742631301984,34.03283334364513,30.540254592895508,2002.0,19.269590315957146,-0.0129004268098804,7.5064500107706,0.0225696965734426,0.3985020288039803,0,0
NODE_04,2026-01-01 15:00:00,2026-01-01,27.55,88.6,1.4570234353135574,48.94260366971121,30.540254592895508,2002.0,6.692321172469973,-0.0318111856325964,0.3236415916562096,0.6869274167743025,0.0191729107498982,0,0
NODE_04,2026-01-01 16:00:00,2026-01-01,27.55,88.6,3.060859877606215,34.43419011312452,30.540254592895508,2002.0,121.10587968287544,-0.0282530236775596,8.843720146322193,0.2940033885949531,0.7724978460963139,0,0
NODE_04,2026-01-01 17:00:00,2026-01-01,27.55,88.6,1.417557898022749,81.35923435521023,30.540254592895508,2002.0,8.554902581300636,0.0935537241154057,6.234342853477647,0.5598931015359494,0.1709448935675858,0,0
NODE_04,2026-01-01 18:00:00,2026-01-01,27.55,88.6,13.442574470012303,31.080037924136864,30.540254592895508,2002.0,10.283730531496582,-0.0425442044519449,10.886430114389828,0.3009190731654187,0.0439046136306372,0,0
NODE_04,2026-01-01 19:00:00,2026-01-01,27.55,88.6,5.819153514803412,51.89625750871644,30.540254592895508,2002.0,7.55109095503256,0.1220610861235957,0.0129168107760468,0.1671343148693072,0.6536986929050792,0,0
NODE_04,2026-01-01 20:00:00,2026-01-01,27.55,88.6,13.65873212754855,62.3989468321913,30.540254592895508,2002.0,121.32587255395524,0.0218563389865525,11.201123824376474,0.4071737385988753,0.7739361288236722,0,0
NODE_04,2026-01-01 21:00:00,2026-01-01,27.55,88.6,1.241990089460154,68.43047357125911,30.540254592895508,2002.0,34.914605193938456,0.0046027568655995,10.3400246523065,0.2322733647905007,0.8138291315928432,0,0
NODE_04,2026-01-01 22:00:00,2026-01-01,27.55,88.6,0.3307306702841386,46.81485588085547,30.540254592895508,2002.0,7.87275444144842,0.0238120176693832,16.834602691178684,0.5348009769191681,0.4935091826605999,0,0
NODE_04,2026-01-01 23:00:00,2026-01-01,27.55,88.6,4.530190094909248,80.836934810731,30.540254592895508,2002.0,60.71747566538594,0.1264963874625976,0.658620650966305,0.1988285302864799,0.2053681846899853,0,0
NODE_04,2026-01-02 00:00:00,2026-01-02,27.55,88.6,4.6178550298652725,59.78234057545479,30.540254592895508,2002.0,24.54967692531279,-0.0496796501965724,8.175720062010361,0.5084059766446271,0.7372276772498267,0,0
NODE_04,2026-01-02 01:00:00,2026-01-02,27.55,88.6,6.132193795362527,50.76554463132862,30.540254592895508,2002.0,25.978088198743585,-0.0560208959468194,0.3095390011179924,0.1573785148688675,0.6997130771543372,0,0
NODE_04,2026-01-02 02:00:00,2026-01-02,27.55,88.6,6.163286328199312,24.70684438364256,30.540254592895508,2002.0,14.23242470179798,-0.037743309828596,7.8403401411989,0.670974709485785,0.2462707341031732,0,0
NODE_04,2026-01-02 03:00:00,2026-01-02,27.55,88.6,12.944255127261574,52.52826279116155,30.540254592895508,2002.0,9.49327841614766,0.001607157348228,11.818543710051472,0.7539376844414241,0.903407755862793,0,0
NODE_04,2026-01-02 04:00:00,2026-01-02,27.55,88.6,6.114168883275485,77.45150885710112,30.540254592895508,2002.0,28.15615833032538,-0.0862885562406286,2.0635121118993096,0.1103942342499337,0.104371458082829,0,0
NODE_04,2026-01-02 05:00:00,2026-01-02,27.55,88.6,1.0007417482079033,63.01787127549208,30.540254592895508,2002.0,11.645417674840346,0.0011169619659304,3.631119667030626,0.4678024120373392,0.9826882395913256,0,0
NODE_04,2026-01-02 06:00:00,2026-01-02,27.55,88.6,0.5838613160723758,78.25137176103829,30.540254592895508,2002.0,123.56355382510132,0.0846773566706836,4.790571509835839,0.0708717006548735,0.8602478109774646,0,0
NODE_04,2026-01-02 07:00:00,2026-01-02,27.55,88.6,13.695609412719223,54.58081694195139,30.540254592895508,2002.0,5.64465395604835,0.0075703695312388,0.7084247053243076,0.5981824455420024,0.6878986454790752,0,0
NODE_04,2026-01-02 08:00:00,2026-01-02,27.55,88.6,3.311130441274193,28.292319356613728,30.540254592895508,2002.0,93.33141613271314,-0.0146342729487638,7.380595316724691,0.2644042979296453,0.9387498882798327,0,0
NODE_04,2026-01-02 09:00:00,2026-01-02,27.55,88.6,9.68672802011342,20.954789208511677,30.540254592895508,2002.0,17.969594788377663,-0.0309080224341813,0.3493280765957036,0.5276244568387078,0.7223111683237078,0,0
NODE_04,2026-01-02 10:00:00,2026-01-02,27.55,88.6,1.3350082911785974,41.22536827030138,30.540254592895508,2002.0,27.08786208532937,0.0449255852275782,3.796501354191211,0.5174610093842912,0.1904569970300459,0,0
NODE_04,2026-01-02 11:00:00,2026-01-02,27.55,88.6,5.953019173134083,68.85933300484547,30.540254592895508,2002.0,46.20822287831358,-0.0412916386619023,17.244872433202143,0.9243543461938004,0.4421561381128117,0,0
NODE_04,2026-01-02 12:00:00,2026-01-02,27.55,88.6,1.317036274466047,75.31819327591856,30.540254592895508,2002.0,10.694725810037273,0.0923197960299623,5.582796910425054,0.5490832225687229,0.0715030243316353,0,0
NODE_04,2026-01-02 13:00:00,2026-01-02,27.55,88.6,0.0485150983633755,40.70269842342306,30.540254592895508,2002.0,47.66743139422694,0.0966679873857178,1.0318386509630493,0.5829984797183156,0.3896574222881154,0,0
NODE_04,2026-01-02 14:00:00,2026-01-02,27.55,88.6,8.309151637940253,54.6957744618273,30.540254592895508,2002.0,1.3397139816082095,0.0128375399330893,1.4872224057113126,0.4016531257643803,0.7416030197372087,0,0
NODE_04,2026-01-02 15:00:00,2026-01-02,27.55,88.6,0.8008769707536136,49.47832331038571,30.540254592895508,2002.0,9.77678274040846,-0.0005757544038322,0.5392062018249424,0.9490796031828168,0.3864433509308174,0,0
NODE_04,2026-01-02 16:00:00,2026-01-02,27.55,88.6,0.6674551038499555,48.73659490459995,30.540254592895508,2002.0,7.972014272351233,0.0515329904120779,7.8885292956597715,0.7771859094396096,0.3302941754681341,0,0
NODE_04,2026-01-02 17:00:00,2026-01-02,27.55,88.6,2.951472611511874,36.194409924010536,30.540254592895508,2002.0,5.73446229467281,0.0547399251113662,1.0684744108473812,0.2854052903028415,0.5953557225103119,0,0
NODE_04,2026-01-02 18:00:00,2026-01-02,27.55,88.6,3.0106708227409,29.545977352062085,30.540254592895508,2002.0,16.200549508179428,-0.0402995865529707,9.588685999713528,0.8442095857762321,0.872204528998895,0,0
NODE_04,2026-01-02 19:00:00,2026-01-02,27.55,88.6,4.253438723735401,33.76819907618492,30.540254592895508,2002.0,29.540138574782777,-0.0263277566568351,5.465498456296997,0.43239636018509,0.0475831925461124,0,0
NODE_04,2026-01-02 20:00:00,2026-01-02,27.55,88.6,4.701200046466494,23.873267101434227,30.540254592895508,2002.0,40.55503735023935,-0.0661173717341647,0.3074604827204366,0.8286671435335939,0.3854704346997354,0,0
NODE_04,2026-01-02 21:00:00,2026-01-02,27.55,88.6,1.3254552209403707,33.86915192765039,30.540254592895508,2002.0,25.55611843854216,0.0204532469167028,0.3530443073795339,0.822888068293502,0.1582407418152627,0,0
NODE_04,2026-01-02 22:00:00,2026-01-02,27.55,88.6,0.6839677527748091,20.64406283377656,30.540254592895508,2002.0,10.322299294650572,0.0333313941728445,1.7197467510239846,0.1888701867628544,0.6953542507318696,0,0
NODE_04,2026-01-02 23:00:00,2026-01-02,27.55,88.6,9.176419496927911,63.90808804451848,30.540254592895508,2002.0,29.04994057907729,-0.0674962818930636,3.9655581990631146,0.7011411313835769,0.1057245604311348,0,0
NODE_04,2026-01-03 00:00:00,2026-01-03,27.55,88.6,6.704516199484894,42.1462785171378,30.540254592895508,2002.0,22.743643388296697,-0.0227599452408079,12.396824039495884,0.2906429693065311,0.6648077585802445,0,0
NODE_04,2026-01-03 01:00:00,2026-01-03,27.55,88.6,0.7891409786546617,88.1201297998836,30.540254592895508,2002.0,51.216214324479424,-0.0673626958790674,7.028995823438744,0.2974926699926682,0.2861808707979073,0,0
NODE_04,2026-01-03 02:00:00,2026-01-03,27.55,88.6,0.4125338635661452,33.56019355434085,30.540254592895508,2002.0,43.68202555385941,-0.0449399905121918,8.366278929607367,0.2963480768805807,0.1989168137372247,0,0
NODE_04,2026-01-03 03:00:00,2026-01-03,27.55,88.6,2.2416956461168,44.20799992167157,30.540254592895508,2002.0,20.70709538831439,0.0275508530113149,3.493469989721766,0.7255682475599482,0.9363525578249854,0,0
NODE_04,2026-01-03 04:00:00,2026-01-03,27.55,88.6,0.6507742334444184,45.04888110490732,30.540254592895508,2002.0,8.188633170093016,-0.0366741033339139,0.5492117667328671,0.229826041792536,0.0185245767459558,0,0
NODE_04,2026-01-03 05:00:00,2026-01-03,27.55,88.6,2.158144272780545,20.59160472437224,30.540254592895508,2002.0,10.454681245368189,-0.0150412978016149,7.648285458763198,0.0009058352460902,0.4377772718895689,0,0
NODE_04,2026-01-03 06:00:00,2026-01-03,27.55,88.6,6.35687104856881,78.74455671276212,30.540254592895508,2002.0,11.59078794987275,-0.0813655863973657,5.072351736827275,0.7152368534826331,0.0216269924617937,0,0
NODE_04,2026-01-03 07:00:00,2026-01-03,27.55,88.6,2.809902447116828,22.23961221010273,30.540254592895508,2002.0,14.654297923918312,0.0093495104862332,2.634721126454751,0.1711847438351252,0.483593048104329,0,0
NODE_04,2026-01-03 08:00:00,2026-01-03,27.55,88.6,8.415186513153605,85.81258843104689,30.540254592895508,2002.0,26.2600934520249,-0.0022136659922324,4.92041212753099,0.1044823953078346,0.5010473777944182,0,0
NODE_04,2026-01-03 09:00:00,2026-01-03,27.55,88.6,2.405362376648586,82.44520457655345,30.540254592895508,2002.0,41.06574792102375,-0.0364479625016581,2.208359845995321,0.2375161205940601,0.321662471394747,0,0
NODE_04,2026-01-03 10:00:00,2026-01-03,27.55,88.6,7.968464803298277,57.486534126017446,30.540254592895508,2002.0,19.08459198208965,-0.0094507148841237,2.264107825185558,0.379900522322704,0.1321617775250236,1,0
NODE_04,2026-01-03 11:00:00,2026-01-03,27.55,88.6,2.0404187796578346,58.051690243790446,30.540254592895508,2002.0,20.412037245784813,0.0090147440251722,6.677086312318091,0.4759063274732007,0.3763875377344753,0,0
NODE_04,2026-01-03 12:00:00,2026-01-03,27.55,88.6,4.615344922051444,65.76445460693094,30.540254592895508,2002.0,23.18038171025191,-0.0407434074454672,7.335620740958912,0.0445700407126308,0.672262939932566,0,0
NODE_04,2026-01-03 13:00:00,2026-01-03,27.55,88.6,0.2011834771254468,47.093500835442086,30.540254592895508,2002.0,11.990260399588209,-0.0738131272000889,0.5497247063312188,0.9705733326273605,0.7823958086444591,0,0
NODE_04,2026-01-03 14:00:00,2026-01-03,27.55,88.6,1.7369847884859313,65.30555983784988,30.540254592895508,2002.0,7.961422917470111,0.0902787216343407,3.7086102255828175,0.7160630534195581,0.5307506023881423,0,0
NODE_04,2026-01-03 15:00:00,2026-01-03,27.55,88.6,3.1924056610169687,23.13378720819408,30.540254592895508,2002.0,3.4714143434539926,-0.0316636352355136,2.918228753407825,0.3231940653243361,0.5898343944397556,0,0
NODE_04,2026-01-03 16:00:00,2026-01-03,27.55,88.6,3.8376997758189617,23.78333391448086,30.540254592895508,2002.0,10.022681172242237,-0.0048380051593444,14.904850911403624,0.3186972572853973,0.2006163711246527,0,0
NODE_04,2026-01-03 17:00:00,2026-01-03,27.55,88.6,5.252765350936496,52.0061293733681,30.540254592895508,2002.0,32.23798621158622,0.0505419867510156,9.236078304732803,0.4485425493684594,0.2873303332276494,0,0
NODE_04,2026-01-03 18:00:00,2026-01-03,27.55,88.6,0.411996845648114,58.473561077422445,30.540254592895508,2002.0,9.945185472543466,0.1764527593785242,8.401223751605894,0.626244822763033,0.1618956100523584,0,0
NODE_04,2026-01-03 19:00:00,2026-01-03,27.55,88.6,1.095652846804701,82.14723482350733,30.540254592895508,2002.0,15.834529431701116,-0.0622243224944432,2.5133445419763087,0.1463730665889677,0.2492953500046113,0,0
NODE_04,2026-01-03 20:00:00,2026-01-03,27.55,88.6,2.360987602518243,27.32624437355274,30.540254592895508,2002.0,32.02226004635275,0.0224913606863255,1.342103801744224,0.1889298137649523,0.2248867802255317,0,0
NODE_04,2026-01-03 21:00:00,2026-01-03,27.55,88.6,5.323558288216243,77.58535490357225,30.540254592895508,2002.0,33.807730738911765,-0.0353776142647053,2.04894339264959,0.8594345828335509,0.5194487863912376,0,0
NODE_04,2026-01-03 22:00:00,2026-01-03,27.55,88.6,4.055432021567684,34.70331361044487,30.540254592895508,2002.0,6.824145609640112,-0.0269395152288355,11.699485936601086,0.2562549238890725,0.5626887557907294,0,0
NODE_04,2026-01-03 23:00:00,2026-01-03,27.55,88.6,1.0626142371735965,47.58585539570223,30.540254592895508,2002.0,54.4378321699785,-0.0360106010503395,1.1848136989983749,0.3801949979751775,0.9449474208215044,0,0
NODE_04,2026-01-04 00:00:00,2026-01-04,27.55,88.6,7.819175854433608,42.1621704379189,30.540254592895508,2002.0,62.01337510972698,-0.0562827483900292,19.612194820771396,0.871271850950117,0.195570647101523,0,0
NODE_04,2026-01-04 01:00:00,2026-01-04,27.55,88.6,0.4416879444755724,48.01086910057793,30.540254592895508,2002.0,6.489270643290929,-0.002064568089233,5.223365462407324,0.6631478293998225,0.6416757101614959,0,0
NODE_04,2026-01-04 02:00:00,2026-01-04,27.55,88.6,4.388150717502124,30.53468486508099,30.540254592895508,2002.0,8.812429167352462,-0.0737251343524117,18.59590614125116,0.3417118793416883,0.8172592689875229,0,0
NODE_04,2026-01-04 03:00:00,2026-01-04,27.55,88.6,1.3233208129804397,55.24990520824885,30.540254592895508,2002.0,66.09484019007277,0.0473403783255935,11.898761888315462,0.6836995457246208,0.5602414637830525,0,0
NODE_04,2026-01-04 04:00:00,2026-01-04,27.55,88.6,6.517758371234557,76.11498128819571,30.540254592895508,2002.0,17.34226314585796,0.0027501468016687,0.3366719761006203,0.0196832153814137,0.2550036525010757,0,0
NODE_04,2026-01-04 05:00:00,2026-01-04,27.55,88.6,1.7303432868084458,50.90738072652279,30.540254592895508,2002.0,2.181956720758744,0.021121748645072,2.2504591538022907,0.7356426600113652,0.2625502300200002,0,0
NODE_04,2026-01-04 06:00:00,2026-01-04,27.55,88.6,4.481685504622618,54.34295031287394,30.540254592895508,2002.0,4.954610193023719,-0.0233094305973111,6.697048756013764,0.4870160405162395,0.0392530530709999,0,0
NODE_04,2026-01-04 07:00:00,2026-01-04,27.55,88.6,9.998694763895196,79.413730969692,30.540254592895508,2002.0,15.652495714192543,-0.0183601967105874,2.619527114326364,0.8131821472844613,0.3054442265484817,0,0
NODE_04,2026-01-04 08:00:00,2026-01-04,27.55,88.6,13.107402146978592,69.42406802466216,30.540254592895508,2002.0,6.277409213353524,0.0143781952583664,7.993258284927058,0.9546376520064684,0.7446036790033801,0,0
NODE_04,2026-01-04 09:00:00,2026-01-04,27.55,88.6,2.4843421237342413,54.33180859638493,30.540254592895508,2002.0,13.284211560663532,-0.0582025316202912,26.04609638591498,0.9257885494945683,0.0475177572071103,0,0
NODE_04,2026-01-04 10:00:00,2026-01-04,27.55,88.6,2.8836445107590314,38.038695373242575,30.540254592895508,2002.0,20.746887048921103,-0.0178995217206667,16.94059216283306,0.9092650434553408,0.2192952825048306,0,0
NODE_04,2026-01-04 11:00:00,2026-01-04,27.55,88.6,9.251400080562192,81.94487227914766,30.540254592895508,2002.0,86.68272416694079,-0.0429806756939227,2.598339551084556,0.5121699559338871,0.7062324985317819,0,0
NODE_04,2026-01-04 12:00:00,2026-01-04,27.55,88.6,3.502336525205223,60.391428118339086,30.540254592895508,2002.0,15.022455030908572,-0.0445284405295507,20.746456441447595,0.360142114138938,0.7826515628228766,0,0
NODE_04,2026-01-04 13:00:00,2026-01-04,27.55,88.6,1.010576897476093,35.48033270774854,30.540254592895508,2002.0,58.70599197556567,-0.105491912031282,3.056435729524713,0.4650353247306727,0.4553184100619284,0,0
NODE_04,2026-01-04 14:00:00,2026-01-04,27.55,88.6,0.3635377227601282,38.83838268466072,30.540254592895508,2002.0,83.82742003623405,0.0669663294739999,4.287676224990142,0.6898960033133608,0.6980743384786489,0,0
NODE_04,2026-01-04 15:00:00,2026-01-04,27.55,88.6,3.953566167537267,76.21931622553721,30.540254592895508,2002.0,84.2939141259111,-0.0343269376576884,7.146491849484312,0.8839977768711867,0.387952168654892,0,0
NODE_04,2026-01-04 16:00:00,2026-01-04,27.55,88.6,1.7915308197649706,23.09018934612188,30.540254592895508,2002.0,26.702430557671725,0.0581688027581775,5.305252680473066,0.2069863030001195,0.1599132450241275,0,0
NODE_04,2026-01-04 17:00:00,2026-01-04,27.55,88.6,6.308241624015293,89.4464530920174,30.540254592895508,2002.0,2.8199265884905875,0.0534396160697146,16.27425175361015,0.918193158461703,0.3981494935229065,0,0
NODE_04,2026-01-04 18:00:00,2026-01-04,27.55,88.6,2.053441183334109,29.124617580035423,30.540254592895508,2002.0,31.8432320650091,-0.0642999853258246,19.51396634330348,0.8151802319698891,0.5799678202031429,0,1
NODE_04,2026-01-04 19:00:00,2026-01-04,27.55,88.6,12.665194798585356,75.72479677778561,30.540254592895508,2002.0,57.30568811482824,-0.0544205617836422,8.028536755465783,0.9788560151782346,0.9480532818528904,0,0
NODE_04,2026-01-04 20:00:00,2026-01-04,27.55,88.6,1.195537383146573,47.6342721740178,30.540254592895508,2002.0,18.521512503976837,0.1280251479677842,0.8865787180093528,0.8802517732816871,0.0687509520886773,0,0
NODE_04,2026-01-04 21:00:00,2026-01-04,27.55,88.6,0.7059270576946494,54.45513283012268,30.540254592895508,2002.0,114.95995726989088,0.0875462970963571,16.940264020455242,0.2799373296919066,0.5073940938449606,0,0
NODE_04,2026-01-04 22:00:00,2026-01-04,27.55,88.6,2.8431172980514408,81.64554042252045,30.540254592895508,2002.0,47.45745196282611,-0.0015759256664052,5.0449188664373485,0.1059559113440476,0.3289197782107244,0,0
NODE_04,2026-01-04 23:00:00,2026-01-04,27.55,88.6,5.839943331557126,48.903783271244926,30.540254592895508,2002.0,35.45532230148432,0.0128686553208674,0.5794716124780435,0.1122410719915886,0.5083116942766945,0,0
NODE_04,2026-01-05 00:00:00,2026-01-05,27.55,88.6,6.760746023487579,57.62456275712641,30.540254592895508,2002.0,59.52406658584756,-0.0315423201473594,0.5412622309507209,0.2912233185782761,0.0239754473765316,0,0
NODE_04,2026-01-05 01:00:00,2026-01-05,27.55,88.6,3.508114642871053,23.450976368641896,30.540254592895508,2002.0,28.032648570064133,0.021617635710017,1.3059824884330309,0.6141837239845392,0.3130253547015813,0,0
NODE_04,2026-01-05 02:00:00,2026-01-05,27.55,88.6,13.243811631541211,20.164323170721723,30.540254592895508,2002.0,1.6606174658822026,-0.0358590950361235,4.629028899126118,0.8043203260971725,0.819868147527005,0,0
NODE_04,2026-01-05 03:00:00,2026-01-05,27.55,88.6,3.1594924891054843,37.13599111012081,30.540254592895508,2002.0,12.192988196590436,-0.1016176882149192,15.936587099576174,0.8992503069815647,0.5539417338546375,0,0
NODE_04,2026-01-05 04:00:00,2026-01-05,27.55,88.6,2.411768877260303,67.6408165043137,30.540254592895508,2002.0,66.49774433072882,-0.0660777893255525,11.050944884390294,0.6237533843692328,0.4505824928161174,0,0
NODE_04,2026-01-05 05:00:00,2026-01-05,27.55,88.6,4.537679475261639,28.48854253513957,30.540254592895508,2002.0,8.956760944520399,0.0010546373925293,12.518058115952922,0.0056313127480537,0.2855250717153396,0,0
NODE_04,2026-01-05 06:00:00,2026-01-05,27.55,88.6,0.8717592626910761,27.96333711631846,30.540254592895508,2002.0,16.063144634913876,-0.0565533617751293,8.055259925309013,0.1863167765185335,0.2980425227913559,0,0
NODE_04,2026-01-05 07:00:00,2026-01-05,27.55,88.6,7.918086293227931,48.76724256251323,30.540254592895508,2002.0,7.065075383672663,-0.0033638732456767,6.181769618192222,0.0997262038533679,0.3831014335905844,0,0
NODE_04,2026-01-05 08:00:00,2026-01-05,27.55,88.6,9.081668770892495,65.34859270257586,30.540254592895508,2002.0,119.5724657107104,-0.0537330519716431,6.026126136777084,0.36332447556901,0.8355707099645604,0,0
NODE_04,2026-01-05 09:00:00,2026-01-05,27.55,88.6,3.8144746178949713,69.84503945735513,30.540254592895508,2002.0,107.93103490048304,-0.0391176961250996,1.5487445544163607,0.5013509936337459,0.9672132068082684,0,0
NODE_04,2026-01-05 10:00:00,2026-01-05,27.55,88.6,1.101341734851272,32.49154718688624,30.540254592895508,2002.0,8.298967461701112,0.0426582653206595,1.6852023182749805,0.0433971785785608,0.4386553813503745,0,0
NODE_04,2026-01-05 11:00:00,2026-01-05,27.55,88.6,4.064099885774834,25.57117031604297,30.540254592895508,2002.0,23.273095652844606,0.0123740273820052,3.900233411272583,0.3484779757956553,0.3933528387477618,0,0
NODE_04,2026-01-05 12:00:00,2026-01-05,27.55,88.6,12.754923854765192,85.8277923761881,30.540254592895508,2002.0,10.170648278585793,-0.0004832210656673,3.302725550900477,0.1791796746253225,0.8465507758198628,0,0
NODE_04,2026-01-05 13:00:00,2026-01-05,27.55,88.6,5.377022306798095,38.24664677934712,30.540254592895508,2002.0,37.14928924808083,0.0439481986535325,6.044735083029418,0.6470701662588739,0.4269053206363036,0,0
NODE_04,2026-01-05 14:00:00,2026-01-05,27.55,88.6,6.554549547092318,79.73425483261067,30.540254592895508,2002.0,33.43766894627465,0.0240304296673673,13.50760504887946,0.46427236932434,0.5520181722956512,0,0
NODE_04,2026-01-05 15:00:00,2026-01-05,27.55,88.6,7.508107884090776,80.44440153239728,30.540254592895508,2002.0,45.2275118812652,0.0723281645625683,1.680772663365147,0.4953176469339088,0.2309416645987444,0,0
NODE_04,2026-01-05 16:00:00,2026-01-05,27.55,88.6,0.8444060610526667,74.07658142337812,30.540254592895508,2002.0,27.99199139645019,-0.022992963115757,3.767719324971357,0.4276917880334611,0.7435025357790752,0,0
NODE_04,2026-01-05 17:00:00,2026-01-05,27.55,88.6,2.6555743932279183,31.818352465679904,30.540254592895508,2002.0,378.19358962639416,-0.0214817489263754,10.22248683356929,0.956019710486567,0.5319883182707819,0,0
NODE_04,2026-01-05 18:00:00,2026-01-05,27.55,88.6,6.011191783872532,77.52610214779402,30.540254592895508,2002.0,7.185579963973405,-0.0650554633195672,9.990309024874175,0.2147351251215632,0.8090345502403417,0,0
NODE_04,2026-01-05 19:00:00,2026-01-05,27.55,88.6,0.5437879350591284,73.84753914691107,30.540254592895508,2002.0,3.63059535896811,-0.0214490358686209,6.819306082098541,0.5166642598438743,0.7807327300286697,0,0
NODE_04,2026-01-05 20:00:00,2026-01-05,27.55,88.6,8.665700025875275,61.7706093074352,30.540254592895508,2002.0,13.55709191950045,0.0482384947151222,6.623560507109589,0.7360173683653359,0.2150047682700285,0,0
NODE_04,2026-01-05 21:00:00,2026-01-05,27.55,88.6,0.604959265317486,43.60414246182669,30.540254592895508,2002.0,4.187114086429488,0.0649993686131067,5.03771060990457,0.5568444131345626,0.7156355505577624,0,0
NODE_04,2026-01-05 22:00:00,2026-01-05,27.55,88.6,1.938325932513768,38.37560229865809,30.540254592895508,2002.0,4.51559847187043,0.0480152584043334,5.661515965698717,0.9290208857168012,0.8000544079513714,0,0
NODE_04,2026-01-05 23:00:00,2026-01-05,27.55,88.6,8.408343918303364,28.53224484562513,30.540254592895508,2002.0,7.379348427824624,-0.0897095933274718,20.95055670746848,0.3779683556412841,0.3461072407823951,0,0
NODE_04,2026-01-06 00:00:00,2026-01-06,27.55,88.6,2.923425274313733,55.682994683061,30.540254592895508,2002.0,7.986967050762697,0.0541572606330367,1.1483363885663758,0.463675805773178,0.1726091129022745,0,0
NODE_04,2026-01-06 01:00:00,2026-01-06,27.55,88.6,3.966118363231624,60.96826128568926,30.540254592895508,2002.0,7.732110852188837,-0.0919259311636035,4.675945808677194,0.0885223152147284,0.0026321555795881,0,0
NODE_04,2026-01-06 02:00:00,2026-01-06,27.55,88.6,14.439006449595894,45.15372933610511,30.540254592895508,2002.0,33.72431027521046,0.0449058662061173,1.9627213105464352,0.6089991110519285,0.4509036530931481,0,0
NODE_04,2026-01-06 03:00:00,2026-01-06,27.55,88.6,7.3281613278198865,53.2751347376608,30.540254592895508,2002.0,12.107328602835276,-0.0183892263285527,9.27445468404864,0.288211968448106,0.3524327315388416,0,0
NODE_04,2026-01-06 04:00:00,2026-01-06,27.55,88.6,3.0823642117486827,45.446012015848666,30.540254592895508,2002.0,16.784996553964685,0.0351266656966927,5.43674732435723,0.1603090395155688,0.5549098338254089,0,0
NODE_04,2026-01-06 05:00:00,2026-01-06,27.55,88.6,7.666710829685476,64.87042401244909,30.540254592895508,2002.0,49.11835404889733,-0.0666224173947283,3.398998996968776,0.5445312929045081,0.1880410925887857,0,0
NODE_04,2026-01-06 06:00:00,2026-01-06,27.55,88.6,3.153129443017736,83.08814454575943,30.540254592895508,2002.0,9.334129068559688,0.0585583816353073,4.384954714295028,0.5323102633799106,0.8596655476664752,0,0
NODE_04,2026-01-06 07:00:00,2026-01-06,27.55,88.6,2.6378846803133715,31.474418343286143,30.540254592895508,2002.0,15.416742609430075,-0.0732487373052444,9.545419247555316,0.0758716412240475,0.2577552156281096,0,0
NODE_04,2026-01-06 08:00:00,2026-01-06,27.55,88.6,3.360834737221941,46.69861669321864,30.540254592895508,2002.0,28.9554947124222,-0.0334227455426588,4.004138244494093,0.6982154534944728,0.2264296050876499,0,0
NODE_04,2026-01-06 09:00:00,2026-01-06,27.55,88.6,2.320852171140705,29.860802276560293,30.540254592895508,2002.0,2.8818492805358686,-0.0499047313884517,8.439669777055276,0.6237721906508529,0.4807140564843559,0,0
NODE_04,2026-01-06 10:00:00,2026-01-06,27.55,88.6,1.6394923072720389,63.74606392854824,30.540254592895508,2002.0,1.8498313838091247,-0.0877142426411249,3.954001788418767,0.1890172827464972,0.4988510237442742,0,0
NODE_04,2026-01-06 11:00:00,2026-01-06,27.55,88.6,2.0885895939402555,71.0209356642017,30.540254592895508,2002.0,28.39228146416769,0.0047263783794234,16.68155310831504,0.4694348621540438,0.2150852287850928,0,0
NODE_04,2026-01-06 12:00:00,2026-01-06,27.55,88.6,1.85943589562339,85.23389128182191,30.540254592895508,2002.0,32.85205435988645,0.090304455891848,16.40444933606617,0.72032291647856,0.2718607267259157,0,0
NODE_04,2026-01-06 13:00:00,2026-01-06,27.55,88.6,1.1203901887605223,39.521034838267546,30.540254592895508,2002.0,158.25697483700355,0.1333452611160004,3.3805833370120952,0.5294357405412765,0.1697052391552449,0,0
NODE_04,2026-01-06 14:00:00,2026-01-06,27.55,88.6,5.774869458428318,86.5147844105801,30.540254592895508,2002.0,23.52573376549416,0.0048577893543123,4.628034806265017,0.3954890761835702,0.7184601783231668,0,0
NODE_04,2026-01-06 15:00:00,2026-01-06,27.55,88.6,6.430341208624395,24.42838702744724,30.540254592895508,2002.0,45.59233987710712,0.0558340637533761,1.6534902755868182,0.3223384580809436,0.7700890312540819,0,0
NODE_04,2026-01-06 16:00:00,2026-01-06,27.55,88.6,2.6718585379946123,62.21097043552117,30.540254592895508,2002.0,16.519266335357887,0.0116047318964268,11.136119194116349,0.6103938666440536,0.4623284974592826,0,0
NODE_04,2026-01-06 17:00:00,2026-01-06,27.55,88.6,15.258626427690048,23.9992903540331,30.540254592895508,2002.0,27.037565709475864,0.0249441597384106,11.003435409911582,0.9391086983102406,0.7140870226850174,0,0
NODE_04,2026-01-06 18:00:00,2026-01-06,27.55,88.6,9.601961001608288,82.56419314333614,30.540254592895508,2002.0,106.4054547190042,-0.0171074325563619,4.570261176291569,0.6717448404774834,0.7359353919374455,0,0
NODE_04,2026-01-06 19:00:00,2026-01-06,27.55,88.6,5.6749585724372364,57.086633994903785,30.540254592895508,2002.0,2.401292614818568,0.0097538462711301,9.475576950946603,0.0747459036363155,0.1382755276778086,0,0
NODE_04,2026-01-06 20:00:00,2026-01-06,27.55,88.6,7.101948131526069,66.85438455339573,30.540254592895508,2002.0,30.374889310997336,0.0268739352303214,4.025297443114904,0.4606849734821338,0.9661780248345369,0,0
NODE_04,2026-01-06 21:00:00,2026-01-06,27.55,88.6,0.702129876502031,78.21017481373168,30.540254592895508,2002.0,169.96401362402543,-0.0289229864438165,4.389407800472026,0.8908241315106276,0.821031947096431,0,0
NODE_04,2026-01-06 22:00:00,2026-01-06,27.55,88.6,8.90871568905006,30.521743573877817,30.540254592895508,2002.0,26.629888670415365,-0.0038747149946493,10.670761038604248,0.0944624258010868,0.2044834611958235,0,0
NODE_04,2026-01-06 23:00:00,2026-01-06,27.55,88.6,1.702577295124227,22.701409335669368,30.540254592895508,2002.0,104.64492609877551,-0.0029215059498744,2.134141757162596,0.9888757121375432,0.1861650357460702,0,0
NODE_04,2026-01-07 00:00:00,2026-01-07,27.55,88.6,12.908212550617607,81.52168021389966,30.540254592895508,2002.0,10.705823550508311,0.0413201658665262,7.151510094749295,0.9490693936454212,0.1256611455795827,0,0
NODE_04,2026-01-07 01:00:00,2026-01-07,27.55,88.6,22.51450198812579,42.04532592212527,30.540254592895508,2002.0,19.452050833875845,-0.053301608581384,2.534500385127631,0.0782744807298758,0.1383785625419183,1,0
NODE_04,2026-01-07 02:00:00,2026-01-07,27.55,88.6,17.69418171906115,29.028523554901568,30.540254592895508,2002.0,20.770312892033544,-0.0025771104303825,19.50512179019003,0.9334133204495548,0.7481617990286962,0,0
NODE_04,2026-01-07 03:00:00,2026-01-07,27.55,88.6,5.842286430907926,52.792286596096055,30.540254592895508,2002.0,2.1867335935834955,0.0956002734526348,4.990118731684567,0.3631325902594622,0.4696542569516235,0,0
NODE_04,2026-01-07 04:00:00,2026-01-07,27.55,88.6,6.593700191464473,61.88142529872132,30.540254592895508,2002.0,6.245256228690069,0.0582030076292968,4.488052659240831,0.8447091670758625,0.7829341727398672,0,0
NODE_04,2026-01-07 05:00:00,2026-01-07,27.55,88.6,6.916560765434831,22.16794223957571,30.540254592895508,2002.0,6.706820009999023,0.0674589524444352,4.273583315890292,0.4183833377132715,0.7462548943502054,0,0
NODE_04,2026-01-07 06:00:00,2026-01-07,27.55,88.6,2.506432037394795,39.24269607799614,30.540254592895508,2002.0,45.69852757577002,0.0012215920089017,1.5262895452070382,0.4408551127025158,0.6046127135052216,0,0
NODE_04,2026-01-07 07:00:00,2026-01-07,27.55,88.6,5.533568224636964,22.29599119938272,30.540254592895508,2002.0,48.04572231178911,0.0160498781843011,1.313355551062119,0.6342430909775426,0.6863666065786795,0,0
NODE_04,2026-01-07 08:00:00,2026-01-07,27.55,88.6,1.432647507135948,49.42347724368493,30.540254592895508,2002.0,27.772225615520668,0.0501118083351462,14.295615236180362,0.7744774192759833,0.0183557243791417,0,0
NODE_04,2026-01-07 09:00:00,2026-01-07,27.55,88.6,12.684373724044086,82.6570020346371,30.540254592895508,2002.0,45.791702054481725,0.0780127764765465,2.0079656916496327,0.0337891509482486,0.3117776468050219,0,0
NODE_04,2026-01-07 10:00:00,2026-01-07,27.55,88.6,6.48140731143811,88.78566880454984,30.540254592895508,2002.0,17.04489230471832,-0.0975801456441443,3.070321008521261,0.5931559955271343,0.6378221792594102,0,0
NODE_04,2026-01-07 11:00:00,2026-01-07,27.55,88.6,9.503901425763104,64.59332874525393,30.540254592895508,2002.0,66.81527149037663,-0.0657720653524922,4.826147392068795,0.1867329940973709,0.0093449534862442,0,0
NODE_04,2026-01-07 12:00:00,2026-01-07,27.55,88.6,3.681405108242595,31.314638564921427,30.540254592895508,2002.0,20.262835460019605,0.0654722050701323,5.0559899488350935,0.3459495178632029,0.0329769436825934,0,0
NODE_04,2026-01-07 13:00:00,2026-01-07,27.55,88.6,2.172127383647624,83.4094572999514,30.540254592895508,2002.0,21.282051128091805,-0.0138444677884401,5.46617501421971,0.3479686661552165,0.8518879824703832,0,0
NODE_04,2026-01-07 14:00:00,2026-01-07,27.55,88.6,0.7552003814491095,56.13734762400424,30.540254592895508,2002.0,15.40061381492971,-0.0335860394629038,8.405943042717396,0.4690603402211536,0.6840248616920718,0,0
NODE_04,2026-01-07 15:00:00,2026-01-07,27.55,88.6,1.7731167459035058,30.762451847204268,30.540254592895508,2002.0,39.82323267900608,-0.0627080493497801,14.3386269248262,0.3341364118761734,0.2653697331203439,0,0
NODE_04,2026-01-07 16:00:00,2026-01-07,27.55,88.6,3.0789559984978827,84.5208668616163,30.540254592895508,2002.0,13.181326690609168,-0.0277508350772054,4.957385972603968,0.1073611184506677,0.687962840118709,0,0
NODE_04,2026-01-07 17:00:00,2026-01-07,27.55,88.6,6.646442925103292,73.02283355061721,30.540254592895508,2002.0,53.32639248540867,-0.0701184641711912,0.6894995478376815,0.1456287385254514,0.7924566691392633,0,0
NODE_04,2026-01-07 18:00:00,2026-01-07,27.55,88.6,4.956387352912503,71.2193690906206,30.540254592895508,2002.0,6.474367110679519,0.1045547136366238,7.885055775798041,0.0334379855610976,0.3067942831101012,0,1
NODE_04,2026-01-07 19:00:00,2026-01-07,27.55,88.6,4.3569434968916685,69.64264926560833,30.540254592895508,2002.0,6.693144176491902,-0.0011218025990286,5.065429775370247,0.4702490853287543,0.0360373774991874,0,0
NODE_04,2026-01-07 20:00:00,2026-01-07,27.55,88.6,6.309431452724251,34.02378747675096,30.540254592895508,2002.0,39.94193422675923,-0.0028975270881358,3.5895350046940693,0.9544476948529884,0.9327791246877344,0,0
NODE_04,2026-01-07 21:00:00,2026-01-07,27.55,88.6,3.11840166572022,34.77046841952682,30.540254592895508,2002.0,18.38354158800127,0.0294038337583915,2.935482134964316,0.1156752236481165,0.3451798382956305,0,0
NODE_04,2026-01-07 22:00:00,2026-01-07,27.55,88.6,6.323446775865336,68.18050988990785,30.540254592895508,2002.0,12.757362856220086,0.0481172584633284,16.27835507939204,0.946264493003082,0.1064817632847063,0,0
NODE_04,2026-01-07 23:00:00,2026-01-07,27.55,88.6,4.291974874153423,35.38059250772778,30.540254592895508,2002.0,48.913710351800326,0.0472944078277319,4.818915844842898,0.7333615147320935,0.4918568713931474,0,0
NODE_04,2026-01-08 00:00:00,2026-01-08,27.55,88.6,4.11664738251216,50.70701877621342,30.540254592895508,2002.0,10.943422446009372,0.0536810971953785,2.1345092879821244,0.6374988029341632,0.7684677956641338,0,0
NODE_04,2026-01-08 01:00:00,2026-01-08,27.55,88.6,1.6248371221144322,74.7401277915759,30.540254592895508,2002.0,16.44133754822514,-0.0315422775395428,7.259133302035937,0.6452777553235629,0.2216473146175591,0,0
NODE_04,2026-01-08 02:00:00,2026-01-08,27.55,88.6,2.497448875465479,74.87667626684886,30.540254592895508,2002.0,81.38800879621228,-0.014893340247843,13.046776278526703,0.8267276483962821,0.2694900501333633,0,0
NODE_04,2026-01-08 03:00:00,2026-01-08,27.55,88.6,0.2635862567356561,51.728324076810175,30.540254592895508,2002.0,93.61048026050317,0.0384515827721137,1.6381343197471856,0.1069198643798213,0.2427149867985831,0,0
NODE_04,2026-01-08 04:00:00,2026-01-08,27.55,88.6,1.3720401391376786,75.45329567926716,30.540254592895508,2002.0,96.77592070301488,-0.026369453081981,14.153648887499369,0.5047543235655417,0.9916730528316782,0,0
NODE_04,2026-01-08 05:00:00,2026-01-08,27.55,88.6,8.202468565112792,78.70352573386397,30.540254592895508,2002.0,15.14808654117324,-0.0002553316013612,1.048849349059492,0.6970911382607585,0.1974037337305425,0,0
NODE_04,2026-01-08 06:00:00,2026-01-08,27.55,88.6,1.5662031389230266,65.83430258989821,30.540254592895508,2002.0,68.7655508385862,0.0199381882212407,5.93516936497609,0.5868204450735637,0.575520216966124,0,0
NODE_04,2026-01-08 07:00:00,2026-01-08,27.55,88.6,4.90354367319434,35.98980966158941,30.540254592895508,2002.0,7.776039697150408,0.0392592541155188,9.699784876751126,0.8327790710232946,0.9252646416569644,0,0
NODE_04,2026-01-08 08:00:00,2026-01-08,27.55,88.6,1.4116986839339718,39.180824626988326,30.540254592895508,2002.0,8.109993975493747,-0.08888404811851,2.476069361854784,0.0722717090113514,0.1468965688777792,0,0
NODE_04,2026-01-08 09:00:00,2026-01-08,27.55,88.6,7.212978083972789,42.03888087861147,30.540254592895508,2002.0,1.91466782369592,0.0357372824944472,1.3257837436043314,0.690701039499166,0.9708541978677002,0,0
NODE_04,2026-01-08 10:00:00,2026-01-08,27.55,88.6,5.221749486095647,28.17628754137664,30.540254592895508,2002.0,107.00421239863388,-0.0116862028925862,3.357300252054679,0.5340277303847177,0.9474772343956246,0,0
NODE_04,2026-01-08 11:00:00,2026-01-08,27.55,88.6,0.8326102309807502,39.12117342589616,30.540254592895508,2002.0,8.465678372823591,0.035372885543219,14.821320922134827,0.3791608639799434,0.8845719870582626,0,0
NODE_04,2026-01-08 12:00:00,2026-01-08,27.55,88.6,7.570442845144377,34.66634570187725,30.540254592895508,2002.0,17.698279301558802,0.0388465846177414,7.541678033505669,0.3402749822340308,0.2145565213300022,0,0
NODE_04,2026-01-08 13:00:00,2026-01-08,27.55,88.6,9.448457268344022,51.87301248660215,30.540254592895508,2002.0,8.08229331254187,0.0803957530559578,1.1251576418577476,0.6208326327741929,0.6340550560109833,0,0
NODE_04,2026-01-08 14:00:00,2026-01-08,27.55,88.6,1.4526269157350378,83.59062835105854,30.540254592895508,2002.0,40.25222365116077,0.0676726823810601,19.530220267944063,0.8909953746442648,0.7608914729612402,0,0
NODE_04,2026-01-08 15:00:00,2026-01-08,27.55,88.6,2.7427586388240144,27.313622172777063,30.540254592895508,2002.0,13.795829540547556,0.0673285831305148,2.997673901753636,0.4961759261011152,0.9860279281964296,0,0
NODE_04,2026-01-08 16:00:00,2026-01-08,27.55,88.6,1.150807852859989,70.41875467631769,30.540254592895508,2002.0,5.447643389513545,0.0721835159583119,6.478579980568007,0.8247231640769201,0.1804238220813704,0,0
NODE_04,2026-01-08 17:00:00,2026-01-08,27.55,88.6,6.961540026032601,68.10981030891894,30.540254592895508,2002.0,31.23885161417125,0.0145689492407972,9.743614512806683,0.4021563818439675,0.7660258995192964,0,0
NODE_04,2026-01-08 18:00:00,2026-01-08,27.55,88.6,3.5930446543639745,26.70279390643504,30.540254592895508,2002.0,4.788752672875319,0.0016092543518419,9.358118854332885,0.1023944627931765,0.3388011699271129,0,0
NODE_04,2026-01-08 19:00:00,2026-01-08,27.55,88.6,3.5708848245231333,84.580068343406,30.540254592895508,2002.0,8.6936621761367,0.0436408541589167,3.33901662692892,0.0615057364586385,0.1756264655680023,0,0
NODE_04,2026-01-08 20:00:00,2026-01-08,27.55,88.6,3.048086663817249,59.79305415097737,30.540254592895508,2002.0,2.442716855848683,0.0366040475716511,7.361228523570765,0.0513343713236775,0.4213769412138549,0,0
NODE_04,2026-01-08 21:00:00,2026-01-08,27.55,88.6,9.805242332938436,45.4607864794979,30.540254592895508,2002.0,4.835777331747473,-0.015453311836913,6.930437978024067,0.3801501419576699,0.7938359121486164,0,0
NODE_04,2026-01-08 22:00:00,2026-01-08,27.55,88.6,16.64819110267676,72.95770084467146,30.540254592895508,2002.0,24.01141085674066,0.0202411704404134,5.641709620955344,0.337237750835842,0.4648498037040521,0,0
NODE_04,2026-01-08 23:00:00,2026-01-08,27.55,88.6,9.568478126378196,38.01558208811439,30.540254592895508,2002.0,2.8164126406912646,-0.0017548233392297,19.37374225296553,0.7179370236225695,0.5375231002030485,0,0
NODE_04,2026-01-09 00:00:00,2026-01-09,27.55,88.6,7.1185379002666735,68.54568859324243,30.540254592895508,2002.0,4.566989683959806,-0.0426966454230028,2.4688324912966766,0.7428215015848658,0.9951594102001212,0,0
NODE_04,2026-01-09 01:00:00,2026-01-09,27.55,88.6,2.1425694342453943,22.779784530057302,30.540254592895508,2002.0,20.038012283901324,0.0645230370688175,1.8006836062595468,0.0508539688337398,0.399109299557426,0,0
NODE_04,2026-01-09 02:00:00,2026-01-09,27.55,88.6,1.859900865881988,78.75856263264903,30.540254592895508,2002.0,11.662669547549186,0.0027599621265044,7.573103588825275,0.2211232628890149,0.6154007547092398,0,0
NODE_04,2026-01-09 03:00:00,2026-01-09,27.55,88.6,1.6520553062604884,51.371959291492296,30.540254592895508,2002.0,147.23598444427293,0.1024354128849425,7.739664299247869,0.2742618501588997,0.3652442016153718,0,0
NODE_04,2026-01-09 04:00:00,2026-01-09,27.55,88.6,2.49794288668672,64.56850400505593,30.540254592895508,2002.0,125.69980270497624,-0.0812746135099916,9.156023383075084,0.5476119841428094,0.3927856463287049,0,0
NODE_04,2026-01-09 05:00:00,2026-01-09,27.55,88.6,2.260090196311532,35.48664738646786,30.540254592895508,2002.0,8.432367183227573,-0.0278389386421683,1.4245210832769994,0.1445152239069502,0.6956407534454081,0,0
NODE_04,2026-01-09 06:00:00,2026-01-09,27.55,88.6,6.016348763870751,67.39515988609136,30.540254592895508,2002.0,35.06269056943275,0.0016319418345435,8.212151418022724,0.1339412194000003,0.9378869760948836,0,0
NODE_04,2026-01-09 07:00:00,2026-01-09,27.55,88.6,0.558866725306832,74.05681931252936,30.540254592895508,2002.0,42.49058648301106,0.0568690548814457,0.4866831052087325,0.943788889207958,0.5423589504923214,0,0
NODE_05,2026-01-01 00:00:00,2026-01-01,27.7,88.8,2.8081095883302254,51.59357076078681,57.33339309692383,5347.0,11.051905696429536,0.0327934089573124,1.2389495628882203,0.3980431741040957,0.415078129007799,0,0
NODE_05,2026-01-01 01:00:00,2026-01-01,27.7,88.8,4.008431284819329,46.89359294481842,57.33339309692383,5347.0,16.763824232622593,0.0928196849162442,5.341918283186498,0.3319062848974967,0.1490956786714339,0,0
NODE_05,2026-01-01 02:00:00,2026-01-01,27.7,88.8,2.4977494499619097,50.26337299150657,57.33339309692383,5347.0,70.75203656734355,-0.0247495099454032,11.76713610640161,0.6244249271843925,0.9578193238132592,0,0
NODE_05,2026-01-01 03:00:00,2026-01-01,27.7,88.8,3.5402205777039293,88.54833059260497,57.33339309692383,5347.0,122.13040294110748,-0.0439819466361468,3.588979210072137,0.825608672507594,0.4043124312197588,0,0
NODE_05,2026-01-01 04:00:00,2026-01-01,27.7,88.8,6.554344067966678,26.20430823247065,57.33339309692383,5347.0,32.28849508304404,0.0149429231875289,5.576901334243058,0.936773949523002,0.875329082637908,0,0
NODE_05,2026-01-01 05:00:00,2026-01-01,27.7,88.8,3.9365993718112113,84.55616088871109,57.33339309692383,5347.0,15.586993687965885,0.0317626532424035,28.57745771846601,0.8031241661790386,0.189356227680665,0,0
NODE_05,2026-01-01 06:00:00,2026-01-01,27.7,88.8,2.492775828058025,53.61656994297187,57.33339309692383,5347.0,12.515680932707909,-0.0182145047946205,2.1676386576848654,0.4266739806158047,0.5478708106372198,0,0
NODE_05,2026-01-01 07:00:00,2026-01-01,27.7,88.8,2.664385150457125,63.66195718496788,57.33339309692383,5347.0,3.180165327242968,0.1012545541745976,4.077735298166742,0.6349142353120641,0.0239613851242698,0,0
NODE_05,2026-01-01 08:00:00,2026-01-01,27.7,88.8,6.203129295992872,78.11280766323857,57.33339309692383,5347.0,7.942528702203753,0.0450842561070839,6.996093585911353,0.856299326716117,0.7642204838423086,0,0
NODE_05,2026-01-01 09:00:00,2026-01-01,27.7,88.8,6.917355206826196,45.23241204044789,57.33339309692383,5347.0,22.23266099082755,-0.0190635353015833,3.8012559454129096,0.4906096883117394,0.5809138982462784,0,0
NODE_05,2026-01-01 10:00:00,2026-01-01,27.7,88.8,1.154250336634975,50.12953356615768,57.33339309692383,5347.0,16.760319095533593,-0.0796241486139102,18.21288190384316,0.2166866437053927,0.6255895834697527,0,0
NODE_05,2026-01-01 11:00:00,2026-01-01,27.7,88.8,3.78941127522832,48.66629361950998,57.33339309692383,5347.0,37.465030353359296,0.0659710893907436,5.962933642951348,0.1697234397478729,0.0517208825546534,0,0
NODE_05,2026-01-01 12:00:00,2026-01-01,27.7,88.8,6.769690678616842,46.23117157750319,57.33339309692383,5347.0,16.5237247725386,0.0595965618107536,12.596345628172788,0.0001577445780567,0.2110383302086154,0,0
NODE_05,2026-01-01 13:00:00,2026-01-01,27.7,88.8,11.907859582853357,84.78705251528265,57.33339309692383,5347.0,9.717639151889548,-0.0151376434980883,5.183466397636134,0.7182379949812843,0.0743308723535801,0,0
NODE_05,2026-01-01 14:00:00,2026-01-01,27.7,88.8,9.63006827638592,78.02509238351085,57.33339309692383,5347.0,28.257086038076928,0.0175287728806272,0.8735190843511257,0.1110972088459905,0.2889143158038117,0,0
NODE_05,2026-01-01 15:00:00,2026-01-01,27.7,88.8,0.6396115220512817,27.62999929040833,57.33339309692383,5347.0,245.98369308761352,-0.0075234948741254,4.2011823989735175,0.2438390996959404,0.627439007682151,0,0
NODE_05,2026-01-01 16:00:00,2026-01-01,27.7,88.8,3.408969210803984,27.568634673396723,57.33339309692383,5347.0,14.623807226118496,0.0260299440554483,13.095492392524635,0.2978763315227933,0.5661859843173752,0,0
NODE_05,2026-01-01 17:00:00,2026-01-01,27.7,88.8,0.619034167275337,49.95086603970938,57.33339309692383,5347.0,23.078178591476423,-0.0512474765565841,4.051534470003099,0.5603798601367683,0.6121498216133903,0,0
NODE_05,2026-01-01 18:00:00,2026-01-01,27.7,88.8,11.230546415062353,26.906016371296637,57.33339309692383,5347.0,46.84880873809393,-0.0583759560038423,2.2736398225723,0.3979572772957692,0.5492512713778943,0,0
NODE_05,2026-01-01 19:00:00,2026-01-01,27.7,88.8,4.21774777208112,63.336516668978376,57.33339309692383,5347.0,11.34051382852772,0.0405431866380261,10.228109027610351,0.6746739920231618,0.2730287956758593,0,0
NODE_05,2026-01-01 20:00:00,2026-01-01,27.7,88.8,6.890918869157934,30.05841250832137,57.33339309692383,5347.0,71.71913132533763,0.0468807421754798,2.006775209575024,0.0556386593287027,0.2445074973444252,0,0
NODE_05,2026-01-01 21:00:00,2026-01-01,27.7,88.8,1.299315003637726,56.56612847767608,57.33339309692383,5347.0,4.1410935227195615,-0.0245396012810803,3.548327361410407,0.1239391942644394,0.1370596835365812,0,0
NODE_05,2026-01-01 22:00:00,2026-01-01,27.7,88.8,1.8154926617316915,20.505396290260244,57.33339309692383,5347.0,13.36010440376964,-0.0374560537980512,4.4536844382119485,0.4992115035332667,0.8490708749034921,0,0
NODE_05,2026-01-01 23:00:00,2026-01-01,27.7,88.8,4.753512675145358,42.16174438888527,57.33339309692383,5347.0,14.713701028997352,0.0573783226072349,3.5964198317181792,0.3369647878468298,0.6164793585412445,0,0
NODE_05,2026-01-02 00:00:00,2026-01-02,27.7,88.8,9.05661110726952,67.40335065708588,57.33339309692383,5347.0,23.363097444514427,-0.0357631259657589,4.9718489665234165,0.2958133627513597,0.1865110125040597,0,0
NODE_05,2026-01-02 01:00:00,2026-01-02,27.7,88.8,0.3368816079409357,53.88272581594939,57.33339309692383,5347.0,2.796919687508423,0.0027705627992883,3.9670334611511016,0.0670280790375227,0.1772093798212395,0,0
NODE_05,2026-01-02 02:00:00,2026-01-02,27.7,88.8,8.25544870261262,88.47886401992916,57.33339309692383,5347.0,77.69103683425573,-0.0035707489186326,1.7725761486743556,0.8957191747480014,0.8730356015261367,0,0
NODE_05,2026-01-02 03:00:00,2026-01-02,27.7,88.8,4.257247900054851,81.18726572463476,57.33339309692383,5347.0,30.39316005637798,-0.0733452972675959,3.2646466273098427,0.6918185861250508,0.7427308637633193,0,0
NODE_05,2026-01-02 04:00:00,2026-01-02,27.7,88.8,0.2425044521870392,45.13495453302058,57.33339309692383,5347.0,61.73379089972752,0.0096057133539334,7.24839921022131,0.1216181568196493,0.6593990799053714,0,0
NODE_05,2026-01-02 05:00:00,2026-01-02,27.7,88.8,6.238062074052847,23.184057903059223,57.33339309692383,5347.0,100.78965661884013,0.004720347670208,12.423970411512617,0.0650459577371406,0.4068641075392998,0,0
NODE_05,2026-01-02 06:00:00,2026-01-02,27.7,88.8,6.549450144209166,79.19384100805132,57.33339309692383,5347.0,9.577687951377245,0.0180095639050803,1.1836213410964604,0.974872533431243,0.2619755642785175,0,0
NODE_05,2026-01-02 07:00:00,2026-01-02,27.7,88.8,3.6230026942610314,83.786401722027,57.33339309692383,5347.0,1.6580562777263763,0.0079115434826643,1.4782521651232443,0.6811725504395049,0.9794507631128238,0,0
NODE_05,2026-01-02 08:00:00,2026-01-02,27.7,88.8,2.004906112636496,77.44391753933257,57.33339309692383,5347.0,63.20390424649155,0.1067843704706686,8.190830792736934,0.4174560710937415,0.7972395750228002,0,0
NODE_05,2026-01-02 09:00:00,2026-01-02,27.7,88.8,1.430894796356775,28.95649586438354,57.33339309692383,5347.0,15.083739809737786,0.0580839115661615,17.05758762327709,0.7017310407557849,0.3017792231362765,0,0
NODE_05,2026-01-02 10:00:00,2026-01-02,27.7,88.8,5.178860212530892,89.85405940886014,57.33339309692383,5347.0,6.467770793749076,0.00194045002274,2.590125170065106,0.7563317864801591,0.8475647962784947,0,0
NODE_05,2026-01-02 11:00:00,2026-01-02,27.7,88.8,0.7244090656994483,38.100895508694165,57.33339309692383,5347.0,35.741041597049524,0.0065119541924769,1.6937126166916785,0.7799622023887793,0.7589319486146815,0,0
NODE_05,2026-01-02 12:00:00,2026-01-02,27.7,88.8,10.41481537670876,70.6943438965859,57.33339309692383,5347.0,235.93513891185523,0.0881809603875395,11.466548436968395,0.4778773056530576,0.2970805498779983,0,0
NODE_05,2026-01-02 13:00:00,2026-01-02,27.7,88.8,1.4543595207470383,83.56244134350051,57.33339309692383,5347.0,18.01299613477532,0.0431543893002623,11.10930501170084,0.429882758124848,0.4265528542416397,0,0
NODE_05,2026-01-02 14:00:00,2026-01-02,27.7,88.8,7.646142508641633,36.49809800314966,57.33339309692383,5347.0,51.9933750355429,-0.0614501430247223,0.2090478848360536,0.0110280842689003,0.1859534453910266,0,0
NODE_05,2026-01-02 15:00:00,2026-01-02,27.7,88.8,6.3952826697415865,83.57809882739463,57.33339309692383,5347.0,7.481978082295549,0.0474474111403548,0.5041471626561768,0.926557115141838,0.1110524443781093,0,0
NODE_05,2026-01-02 16:00:00,2026-01-02,27.7,88.8,4.6409451949132166,41.66371054364069,57.33339309692383,5347.0,3.718209497545982,0.0621400541029971,1.4328879424547991,0.6033078783889431,0.7227620328396968,0,0
NODE_05,2026-01-02 17:00:00,2026-01-02,27.7,88.8,8.115368675681742,88.34892556688393,57.33339309692383,5347.0,50.09596517021412,0.0808858537887892,8.457358538534319,0.2031539371899681,0.2675118573538666,0,0
NODE_05,2026-01-02 18:00:00,2026-01-02,27.7,88.8,1.1788794665268836,39.68820142663322,57.33339309692383,5347.0,34.67687963037844,-0.0200745840803744,4.54602069989007,0.9196034194214366,0.8200593657462536,0,0
NODE_05,2026-01-02 19:00:00,2026-01-02,27.7,88.8,7.712866414736849,86.74050773304846,57.33339309692383,5347.0,12.607566698543716,-0.0237225247734483,5.748961857162044,0.9149319017702964,0.995608711514426,0,0
NODE_05,2026-01-02 20:00:00,2026-01-02,27.7,88.8,7.465882483046018,23.74812556248724,57.33339309692383,5347.0,110.63309856606185,-0.0470907510723665,14.194592557729852,0.989184164366096,0.0766198139296486,0,0
NODE_05,2026-01-02 21:00:00,2026-01-02,27.7,88.8,7.490517320470846,69.64904081688691,57.33339309692383,5347.0,3.4401360855064764,0.0154063732168066,2.323308604327708,0.8740565631389788,0.4730351250837002,0,0
NODE_05,2026-01-02 22:00:00,2026-01-02,27.7,88.8,5.419014985921776,57.24777936859026,57.33339309692383,5347.0,5.870676792709962,0.0366433791227849,6.299810428912334,0.9977843878200648,0.8020625593108031,0,0
NODE_05,2026-01-02 23:00:00,2026-01-02,27.7,88.8,1.1322152860234944,53.451395398591146,57.33339309692383,5347.0,11.671294962777337,-0.0256664593338752,8.673791956638924,0.2446861881232725,0.7889508965412335,0,0
NODE_05,2026-01-03 00:00:00,2026-01-03,27.7,88.8,2.4394817175289623,35.6446019979088,57.33339309692383,5347.0,14.06378414367969,-0.007090764883458,2.957783098077164,0.8422495851992341,0.7599971583309685,0,0
NODE_05,2026-01-03 01:00:00,2026-01-03,27.7,88.8,8.330096353830786,69.39170528435443,57.33339309692383,5347.0,86.95186655206221,-0.1026858897809532,1.6109137566709684,0.8230283087957645,0.3489949353019109,0,0
NODE_05,2026-01-03 02:00:00,2026-01-03,27.7,88.8,2.505558452182769,33.356664401241495,57.33339309692383,5347.0,21.098415393141305,0.0754724525201325,10.956287543584915,0.2309403592207337,0.4538532556850523,0,0
NODE_05,2026-01-03 03:00:00,2026-01-03,27.7,88.8,1.1569229483062564,58.69892571893378,57.33339309692383,5347.0,16.56092509133629,-0.0782488185750048,6.061986010122826,0.0984375490009907,0.5949683573414702,0,0
NODE_05,2026-01-03 04:00:00,2026-01-03,27.7,88.8,16.505797620894825,37.72717541281756,57.33339309692383,5347.0,5.640615733791383,0.0187389876096402,0.831367018941088,0.9794205136775996,0.9739405835732572,0,0
NODE_05,2026-01-03 05:00:00,2026-01-03,27.7,88.8,0.3901391821622781,86.89349658469493,57.33339309692383,5347.0,59.53911799609013,0.0119127416686173,14.200371901796416,0.2960245515206103,0.3275472709384929,0,0
NODE_05,2026-01-03 06:00:00,2026-01-03,27.7,88.8,2.1173279712149218,22.00418356849569,57.33339309692383,5347.0,6.445351134077514,0.0022903984265798,6.825373998319168,0.8708917904678061,0.9231438877168576,0,0
NODE_05,2026-01-03 07:00:00,2026-01-03,27.7,88.8,6.040422094307766,33.98097960778656,57.33339309692383,5347.0,5.614703089173817,0.0034398439169844,9.285537679964872,0.0041271546746038,0.2693569181804941,0,0
NODE_05,2026-01-03 08:00:00,2026-01-03,27.7,88.8,17.601330024104424,36.96174244712134,57.33339309692383,5347.0,13.460262941464118,-0.0505890587861417,5.200804015933669,0.0210248072196022,0.9890744654737046,0,0
NODE_05,2026-01-03 09:00:00,2026-01-03,27.7,88.8,2.8352790463838877,48.98474780374715,57.33339309692383,5347.0,23.646001352888085,-0.0164032602097247,2.1723821256922173,0.4658713086963684,0.6702636868275917,0,0
NODE_05,2026-01-03 10:00:00,2026-01-03,27.7,88.8,2.5621724547201463,36.29111693090375,57.33339309692383,5347.0,9.775286352733955,0.0484475326126085,5.579781802856572,0.2387146839350635,0.4635114803585509,1,0
NODE_05,2026-01-03 11:00:00,2026-01-03,27.7,88.8,3.2833298885908224,54.39443631881497,57.33339309692383,5347.0,40.7321416925444,0.0632577750218318,12.108010131524097,0.6898412834359643,0.6133904280636049,0,0
NODE_05,2026-01-03 12:00:00,2026-01-03,27.7,88.8,1.1840988256806515,81.07258662809772,57.33339309692383,5347.0,15.13520856999428,-0.021045046928747,3.5732193454272085,0.5655643255679543,0.2725311690402068,0,0
NODE_05,2026-01-03 13:00:00,2026-01-03,27.7,88.8,0.7942690567444756,69.84443949864196,57.33339309692383,5347.0,57.55660737500532,-0.0780209765238456,1.6184102011770336,0.0774857974504914,0.2741738575114666,0,0
NODE_05,2026-01-03 14:00:00,2026-01-03,27.7,88.8,7.667145680105531,60.597338637457774,57.33339309692383,5347.0,33.28512538584327,-0.0389336925648523,27.00319416661669,0.162628296315717,0.1135545438434938,0,0
NODE_05,2026-01-03 15:00:00,2026-01-03,27.7,88.8,3.7906721555356793,26.230222458787576,57.33339309692383,5347.0,120.47946703531524,0.0926348547426441,5.461865346322943,0.3880492700584143,0.1140502977053987,0,0
NODE_05,2026-01-03 16:00:00,2026-01-03,27.7,88.8,0.3351906088265381,68.57944758724929,57.33339309692383,5347.0,12.907016447006404,-0.0359572244993613,5.520064531068633,0.1856040639554331,0.3476717414689113,0,0
NODE_05,2026-01-03 17:00:00,2026-01-03,27.7,88.8,1.11187211062144,31.64899990176579,57.33339309692383,5347.0,46.71059555123219,-0.0048601835129889,3.750237390362532,0.7922223472439286,0.7628554778963716,0,0
NODE_05,2026-01-03 18:00:00,2026-01-03,27.7,88.8,11.48709816994399,75.04571701731886,57.33339309692383,5347.0,3.3641952390237697,0.0707956181009912,6.23793983321758,0.41607023555328,0.6079711675981625,0,0
NODE_05,2026-01-03 19:00:00,2026-01-03,27.7,88.8,9.46191360908391,37.50397309571072,57.33339309692383,5347.0,362.0052422505013,-0.0263448002668554,9.272004620192034,0.0934318668424992,0.1025845603310208,0,0
NODE_05,2026-01-03 20:00:00,2026-01-03,27.7,88.8,1.5081890637429192,49.19341098246306,57.33339309692383,5347.0,44.43140474434279,-0.0082767694823838,7.7573994546405425,0.4843429022721248,0.852236524975911,0,0
NODE_05,2026-01-03 21:00:00,2026-01-03,27.7,88.8,5.2908790006974,44.53291416225496,57.33339309692383,5347.0,14.934780847048923,0.0397249145378155,11.185035444719848,0.0908381810614141,0.6013676269900664,0,0
NODE_05,2026-01-03 22:00:00,2026-01-03,27.7,88.8,0.5954163427185396,80.11697402723998,57.33339309692383,5347.0,15.500538873717236,0.0855903433764752,5.5697782425843165,0.1289373054198171,0.9608555767847796,0,0
NODE_05,2026-01-03 23:00:00,2026-01-03,27.7,88.8,2.1389938889495173,28.85811210993857,57.33339309692383,5347.0,15.68926822946828,-0.0322775932347489,3.574709587797338,0.2396098320282053,0.6701854674112075,0,0
NODE_05,2026-01-04 00:00:00,2026-01-04,27.7,88.8,4.554198685437775,59.5951417669352,57.33339309692383,5347.0,126.47398351485656,0.0696047622060591,11.35193472303372,0.8595277052474898,0.175174863704181,0,0
NODE_05,2026-01-04 01:00:00,2026-01-04,27.7,88.8,2.199529801695478,29.94431266101436,57.33339309692383,5347.0,49.33084281496424,-0.014076435493216,13.043391083413152,0.924612532332972,0.4737833623078222,0,0
NODE_05,2026-01-04 02:00:00,2026-01-04,27.7,88.8,3.2197234196605966,69.33570852925307,57.33339309692383,5347.0,12.89296350236612,-0.0442964352732469,3.5157863088007124,0.8262577293320691,0.6484975975472042,0,0
NODE_05,2026-01-04 03:00:00,2026-01-04,27.7,88.8,1.7090133790171111,83.35546894561368,57.33339309692383,5347.0,5.819329109841207,0.0124778215153778,1.6570784282561852,0.3340772174178472,0.0282647010499776,0,0
NODE_05,2026-01-04 04:00:00,2026-01-04,27.7,88.8,0.6248656239980857,50.42253577070774,57.33339309692383,5347.0,66.42706876325043,-0.0578784028884298,4.620407260184376,0.2724464411088316,0.0149102641548078,0,0
NODE_05,2026-01-04 05:00:00,2026-01-04,27.7,88.8,9.634947432903024,54.16645821854832,57.33339309692383,5347.0,46.45801150676451,0.023600571573144,1.8841077980682184,0.5491556907902392,0.1294030005985679,0,0
NODE_05,2026-01-04 06:00:00,2026-01-04,27.7,88.8,0.2508463627188498,84.91959855379336,57.33339309692383,5347.0,40.70580442930334,0.1574824005567271,4.185749152661175,0.7218531605331123,0.2516644350454707,0,0
NODE_05,2026-01-04 07:00:00,2026-01-04,27.7,88.8,5.962380227537107,56.46939720545499,57.33339309692383,5347.0,18.47199062667976,0.0552800407626846,6.67792751403561,0.9933727881601748,0.4295491235206755,0,0
NODE_05,2026-01-04 08:00:00,2026-01-04,27.7,88.8,2.8695209337678205,54.131890663469264,57.33339309692383,5347.0,14.885425071380316,-0.0052449818895061,1.5979070941320717,0.1315707118789262,0.4874404737597884,0,0
NODE_05,2026-01-04 09:00:00,2026-01-04,27.7,88.8,9.764733981076953,60.48303718930129,57.33339309692383,5347.0,108.33448360306872,0.0526100953837216,4.486914174220439,0.0492919990238044,0.1380276089378967,0,0
NODE_05,2026-01-04 10:00:00,2026-01-04,27.7,88.8,2.925366513488225,68.24608154540664,57.33339309692383,5347.0,118.89838720469864,-0.0465760864308632,4.813020635095969,0.694355888995271,0.6733915791158308,0,0
NODE_05,2026-01-04 11:00:00,2026-01-04,27.7,88.8,4.043269533784299,27.4818362560922,57.33339309692383,5347.0,38.09659376496364,-0.0381837318001085,9.661598932398114,0.8322257835039055,0.5961380616965348,0,0
NODE_05,2026-01-04 12:00:00,2026-01-04,27.7,88.8,3.0895251850225547,77.47773694190613,57.33339309692383,5347.0,52.976099808733146,-0.0038582387605632,13.450941724237206,0.8463487798664232,0.2944640988411602,0,0
NODE_05,2026-01-04 13:00:00,2026-01-04,27.7,88.8,5.713878682147079,50.48535192172815,57.33339309692383,5347.0,25.43428747124478,0.0043890599924918,3.474422161240613,0.6784635490771607,0.013659883435292,0,0
NODE_05,2026-01-04 14:00:00,2026-01-04,27.7,88.8,1.1573047062011554,25.064395692823982,57.33339309692383,5347.0,5.103947334599779,-0.0646651409604883,19.67442425791804,0.9540158041191872,0.0776479153532907,0,0
NODE_05,2026-01-04 15:00:00,2026-01-04,27.7,88.8,2.0806248893829364,75.03278684387492,57.33339309692383,5347.0,7.540264371892159,-0.0153238746055215,8.404242953545095,0.5110047635445869,0.3916947755108394,0,0
NODE_05,2026-01-04 16:00:00,2026-01-04,27.7,88.8,9.345683694114449,46.38649801803905,57.33339309692383,5347.0,63.19226491325648,-0.0072294358493027,3.185334198669173,0.9138147983362124,0.1539743511656839,0,0
NODE_05,2026-01-04 17:00:00,2026-01-04,27.7,88.8,6.23007382854215,27.02572465665377,57.33339309692383,5347.0,71.78713974400542,0.0770986173919317,3.408494434436135,0.967812136991523,0.3768196061479708,0,0
NODE_05,2026-01-04 18:00:00,2026-01-04,27.7,88.8,4.584258732142,64.36453276802754,57.33339309692383,5347.0,57.634826303163365,-0.0646672758167415,3.0851363768823057,0.8471574570031077,0.6281826045103551,0,1
NODE_05,2026-01-04 19:00:00,2026-01-04,27.7,88.8,4.056217468723805,81.60919474035492,57.33339309692383,5347.0,28.39043549464527,-0.0693024270292786,2.8824269399948,0.3097585632586206,0.5472374278792835,0,0
NODE_05,2026-01-04 20:00:00,2026-01-04,27.7,88.8,2.434972038880129,82.14274565897904,57.33339309692383,5347.0,59.81754163356705,0.0087854471302283,12.008108679492215,0.1962156511702952,0.2311758831373942,0,0
NODE_05,2026-01-04 21:00:00,2026-01-04,27.7,88.8,2.777653459649014,87.03644323662812,57.33339309692383,5347.0,18.95111379950664,0.0575438301363696,9.091316571236328,0.5481200649818184,0.3438224912587524,0,0
NODE_05,2026-01-04 22:00:00,2026-01-04,27.7,88.8,4.567786485098447,80.73938218366816,57.33339309692383,5347.0,37.38951571100389,0.0275796507020257,3.747667917384384,0.4530147503801884,0.6140311984486506,0,0
NODE_05,2026-01-04 23:00:00,2026-01-04,27.7,88.8,6.622994127431328,20.149864354183265,57.33339309692383,5347.0,16.367826871188196,0.0151338446711486,2.340653825884764,0.877758342192733,0.8608550280434487,0,0
NODE_05,2026-01-05 00:00:00,2026-01-05,27.7,88.8,4.56193572600354,46.61688164893731,57.33339309692383,5347.0,6.981154937068919,-0.0144304015000765,10.947370372232518,0.1000316710671537,0.7532134387388773,0,0
NODE_05,2026-01-05 01:00:00,2026-01-05,27.7,88.8,6.499117116611959,77.29798059338522,57.33339309692383,5347.0,47.6828584892935,0.0338052464647415,5.393736887829687,0.2577400613115186,0.5534000268334149,0,0
NODE_05,2026-01-05 02:00:00,2026-01-05,27.7,88.8,5.493050275153603,45.6377104198932,57.33339309692383,5347.0,71.88908209028308,0.0413444609908354,1.316593266799306,0.7517989445187085,0.3622929983164862,0,0
NODE_05,2026-01-05 03:00:00,2026-01-05,27.7,88.8,2.3965102417320496,62.10839544657943,57.33339309692383,5347.0,238.40210871109025,-0.0128655433092338,0.1832466786522342,0.0949866449773121,0.3650512775418054,0,0
NODE_05,2026-01-05 04:00:00,2026-01-05,27.7,88.8,2.112668012252773,62.44218631621724,57.33339309692383,5347.0,26.154702477410037,-0.0474312255093215,3.868082736743916,0.3207644140217002,0.8794173102643961,0,0
NODE_05,2026-01-05 05:00:00,2026-01-05,27.7,88.8,0.7121894677330648,45.55177128271762,57.33339309692383,5347.0,7.044098553207561,-0.0471061047676404,5.854385599591092,0.3871553940539831,0.0392435760405464,0,0
NODE_05,2026-01-05 06:00:00,2026-01-05,27.7,88.8,5.801824999192933,83.31317490969013,57.33339309692383,5347.0,14.4625024608147,0.0439367139023832,7.088607143655312,0.62259379656269,0.987982644420261,0,0
NODE_05,2026-01-05 07:00:00,2026-01-05,27.7,88.8,7.353204375971629,55.22598417702823,57.33339309692383,5347.0,17.533417202467707,-0.0772136660548777,14.220719125235302,0.1581326457193645,0.6643754108515623,0,0
NODE_05,2026-01-05 08:00:00,2026-01-05,27.7,88.8,3.217421151614328,52.534894415625054,57.33339309692383,5347.0,23.301035616125137,0.0838529587648556,0.6936863443755038,0.8606044903497095,0.6811376990723905,0,0
NODE_05,2026-01-05 09:00:00,2026-01-05,27.7,88.8,0.9014906191053697,89.82596219633271,57.33339309692383,5347.0,32.164914823187246,-0.0228062846747301,5.443064019324488,0.4475422354662742,0.0379978373047421,0,0
NODE_05,2026-01-05 10:00:00,2026-01-05,27.7,88.8,0.9717704865418793,54.545025485083166,57.33339309692383,5347.0,28.87480144332494,0.0154765965152119,4.5177027689315485,0.9170217118805564,0.6055292748912722,0,0
NODE_05,2026-01-05 11:00:00,2026-01-05,27.7,88.8,1.3985362945008095,32.48787763500067,57.33339309692383,5347.0,43.688384177158895,0.0350855028988546,1.6718073269362177,0.4678699136339316,0.484778060090447,0,0
NODE_05,2026-01-05 12:00:00,2026-01-05,27.7,88.8,2.0049896364053703,55.91485960044066,57.33339309692383,5347.0,24.46939242326691,-0.0341842857514542,9.920898893750332,0.2750402589407333,0.1057789068940669,0,0
NODE_05,2026-01-05 13:00:00,2026-01-05,27.7,88.8,2.3042045515901237,76.9811714863951,57.33339309692383,5347.0,2.169949937963234,-0.0229948921327622,3.737707419806888,0.1418288286876748,0.2779220107693591,0,0
NODE_05,2026-01-05 14:00:00,2026-01-05,27.7,88.8,3.576601434959983,74.3802228828797,57.33339309692383,5347.0,25.207304879787756,0.0065985000972787,4.469134579738587,0.0037450947112848,0.8903144562136512,0,0
NODE_05,2026-01-05 15:00:00,2026-01-05,27.7,88.8,12.064308231749951,75.20072355759297,57.33339309692383,5347.0,21.905346978853327,-0.0426860409607803,2.1386978248749515,0.5321574849848356,0.5499884158659529,0,0
NODE_05,2026-01-05 16:00:00,2026-01-05,27.7,88.8,5.422118068956738,69.56166487985382,57.33339309692383,5347.0,34.82260914227421,-0.0533820881666287,5.298397429686751,0.1071566969269234,0.4134165751739087,0,0
NODE_05,2026-01-05 17:00:00,2026-01-05,27.7,88.8,8.728561461816243,37.79524803466818,57.33339309692383,5347.0,13.992448544622206,-0.0488891122339872,7.395043505262303,0.3917277636311782,0.0726821558408109,0,0
NODE_05,2026-01-05 18:00:00,2026-01-05,27.7,88.8,1.3864955926509002,80.3458860088162,57.33339309692383,5347.0,25.116518179180503,0.0604573143045105,5.249871135391025,0.5892717612370867,0.7141215274023056,0,0
NODE_05,2026-01-05 19:00:00,2026-01-05,27.7,88.8,1.780405421179692,82.54104257633855,57.33339309692383,5347.0,35.0313084061262,0.0198962423357666,3.0329145036488403,0.2756858969027003,0.7028508233960326,0,0
NODE_05,2026-01-05 20:00:00,2026-01-05,27.7,88.8,3.6977527964036048,33.59068876329843,57.33339309692383,5347.0,17.11504323745943,-0.0396583529438174,7.90671484297317,0.1752242923661152,0.6140436069725635,0,0
NODE_05,2026-01-05 21:00:00,2026-01-05,27.7,88.8,4.659050013426207,29.131894558597573,57.33339309692383,5347.0,39.48301590020154,0.0436379728117048,8.08987258820959,0.7747216226093416,0.5102626462206492,0,0
NODE_05,2026-01-05 22:00:00,2026-01-05,27.7,88.8,2.082860824286026,88.29234780123784,57.33339309692383,5347.0,21.54459412612235,-0.0368877623416441,7.229593634508908,0.9467911722816206,0.4337844022073727,0,0
NODE_05,2026-01-05 23:00:00,2026-01-05,27.7,88.8,3.489400517142295,80.78267745552576,57.33339309692383,5347.0,23.49197403324556,-0.0975206100828703,9.744059090216474,0.100440417861966,0.5932710929879923,0,0
NODE_05,2026-01-06 00:00:00,2026-01-06,27.7,88.8,10.90084827618636,82.52653030469627,57.33339309692383,5347.0,1.0803566314608684,0.0348404495580176,3.1051387888790027,0.1555903243850078,0.2333954517284067,0,0
NODE_05,2026-01-06 01:00:00,2026-01-06,27.7,88.8,2.157342263470264,82.04634692370766,57.33339309692383,5347.0,6.398814348615923,0.0823115475904953,2.6774023640736755,0.9600126572527188,0.9412590641776476,0,0
NODE_05,2026-01-06 02:00:00,2026-01-06,27.7,88.8,2.352325847754314,57.91807768236099,57.33339309692383,5347.0,6.416252242145961,0.0279019835759508,2.2449527851989983,0.0377842218122462,0.5887945291802296,0,0
NODE_05,2026-01-06 03:00:00,2026-01-06,27.7,88.8,1.0614796007586516,65.24812156660597,57.33339309692383,5347.0,24.93649063146469,-0.0943668475717542,1.477186117564966,0.9776323365504722,0.3111924443543765,0,0
NODE_05,2026-01-06 04:00:00,2026-01-06,27.7,88.8,9.877299614302354,58.17539964935492,57.33339309692383,5347.0,71.64083504815639,-0.0011777700110377,2.6530193259177044,0.0046444830849887,0.4496798508851573,0,0
NODE_05,2026-01-06 05:00:00,2026-01-06,27.7,88.8,0.3335524849619369,23.58444444332304,57.33339309692383,5347.0,17.842529322759475,-0.0137288999876481,2.9272414882828435,0.8736686556513313,0.8056847888768923,0,0
NODE_05,2026-01-06 06:00:00,2026-01-06,27.7,88.8,4.12881857205588,72.18521597469409,57.33339309692383,5347.0,46.91315747596363,0.0189106081321946,2.2604508669382493,0.3073251809877495,0.1616160607302974,0,0
NODE_05,2026-01-06 07:00:00,2026-01-06,27.7,88.8,3.647193062368377,55.37324233351162,57.33339309692383,5347.0,38.40749628611749,-0.0423634638434397,4.42484822836102,0.9385888581772964,0.2928356224602604,0,0
NODE_05,2026-01-06 08:00:00,2026-01-06,27.7,88.8,1.6298842564617684,65.33963523531608,57.33339309692383,5347.0,23.10140465997878,-0.0166738625046769,1.01162958276038,0.3169452886355854,0.6795080227365554,0,0
NODE_05,2026-01-06 09:00:00,2026-01-06,27.7,88.8,1.4111706195685318,55.18478634828747,57.33339309692383,5347.0,35.658113222142404,-0.0710041491511355,9.742192723310476,0.654306321534056,0.3154892064822239,0,0
NODE_05,2026-01-06 10:00:00,2026-01-06,27.7,88.8,2.0644352686802465,54.42679256257192,57.33339309692383,5347.0,25.685938930091456,0.0110885391220692,4.097646421047281,0.0800325697659366,0.792501681861466,0,0
NODE_05,2026-01-06 11:00:00,2026-01-06,27.7,88.8,1.6217768404435853,32.02523766344368,57.33339309692383,5347.0,17.4217513516893,-0.0691447959636269,5.813647583340838,0.242329811453739,0.1304534871773608,0,0
NODE_05,2026-01-06 12:00:00,2026-01-06,27.7,88.8,1.2961121315965962,39.50996005988043,57.33339309692383,5347.0,29.69801919063596,0.0218712242861467,1.5855959342000658,0.7736793464792507,0.7626861704546085,0,0
NODE_05,2026-01-06 13:00:00,2026-01-06,27.7,88.8,3.4428085142244687,31.119688436076903,57.33339309692383,5347.0,85.33898719446371,-0.0375273594501524,4.618533806108775,0.5286858536788197,0.0683517148505662,0,0
NODE_05,2026-01-06 14:00:00,2026-01-06,27.7,88.8,1.497720645569462,33.69664069377397,57.33339309692383,5347.0,32.22520703502564,-0.1570707270648273,7.058198426466234,0.9279690617870447,0.0125926126674947,0,0
NODE_05,2026-01-06 15:00:00,2026-01-06,27.7,88.8,4.268171944842569,88.10841662942134,57.33339309692383,5347.0,24.977392607312137,0.0396879071549566,5.321703739423188,0.4287514083413543,0.8982235188321621,0,0
NODE_05,2026-01-06 16:00:00,2026-01-06,27.7,88.8,5.208719631815099,30.71794120405389,57.33339309692383,5347.0,8.352404143766565,0.02470200096062,10.896279337406938,0.8698123658139231,0.5813392169322986,0,0
NODE_05,2026-01-06 17:00:00,2026-01-06,27.7,88.8,2.62960577235654,38.84892970136453,57.33339309692383,5347.0,82.75423153005416,0.0676471023885349,6.0564865376594765,0.4489554374782375,0.3518268970868115,0,0
NODE_05,2026-01-06 18:00:00,2026-01-06,27.7,88.8,3.407346058577912,61.34127604170095,57.33339309692383,5347.0,4.918243570999693,-0.1045059253584952,0.9545989552918528,0.9792482787019852,0.2325946369638504,0,0
NODE_05,2026-01-06 19:00:00,2026-01-06,27.7,88.8,9.821633027292984,62.71250033656493,57.33339309692383,5347.0,3.647116733495491,-0.0327274769918191,3.100322027578564,0.9598343813988768,0.6168857832608161,0,0
NODE_05,2026-01-06 20:00:00,2026-01-06,27.7,88.8,5.87441344856922,30.778189082068035,57.33339309692383,5347.0,29.12103275879367,0.0065796480280933,1.4099392369753976,0.3291367055560803,0.5090021835367382,0,0
NODE_05,2026-01-06 21:00:00,2026-01-06,27.7,88.8,0.7303177378955487,75.56021980496486,57.33339309692383,5347.0,8.324806637626894,0.0285852946518158,9.33503618861111,0.8859236704168032,0.9915977755299852,0,0
NODE_05,2026-01-06 22:00:00,2026-01-06,27.7,88.8,7.1356534584417455,74.96420075389776,57.33339309692383,5347.0,59.68609047284351,-0.0731441968869716,4.579969309819773,0.8476113742156492,0.9832159866537458,0,0
NODE_05,2026-01-06 23:00:00,2026-01-06,27.7,88.8,14.200310238889273,36.61223929427238,57.33339309692383,5347.0,3.7295753300257433,0.0215729978863607,11.39572328724022,0.2106803973275628,0.6350245661416096,0,0
NODE_05,2026-01-07 00:00:00,2026-01-07,27.7,88.8,6.784518213877491,40.20664118728223,57.33339309692383,5347.0,52.55217431109247,-0.0285888454304693,1.030488790839649,0.6242904007832697,0.4428705061058905,0,0
NODE_05,2026-01-07 01:00:00,2026-01-07,27.7,88.8,3.315941585018027,85.65915058216478,57.33339309692383,5347.0,45.64901067008511,-0.0927539331743369,3.233034736562789,0.0726823155898148,0.4911409691346621,1,0
NODE_05,2026-01-07 02:00:00,2026-01-07,27.7,88.8,6.188810174409154,77.79700121856347,57.33339309692383,5347.0,22.601492956260632,-0.0375340493525827,6.134518995086702,0.8367107205834616,0.6824790662368619,0,0
NODE_05,2026-01-07 03:00:00,2026-01-07,27.7,88.8,6.142459664292454,68.84579231437667,57.33339309692383,5347.0,2.460656926087718,0.0257188568306928,2.573820055926105,0.1745458835034965,0.1015745442353813,0,0
NODE_05,2026-01-07 04:00:00,2026-01-07,27.7,88.8,7.256560884010703,25.75632550574204,57.33339309692383,5347.0,3.584779190980857,-0.090664903618315,1.0048669973839954,0.0708147013857645,0.3283520738107182,0,0
NODE_05,2026-01-07 05:00:00,2026-01-07,27.7,88.8,2.753176156169766,49.2784856631803,57.33339309692383,5347.0,25.5320692002678,0.0318525919804379,13.248227797123366,0.4002190955388112,0.0752722410036038,0,0
NODE_05,2026-01-07 06:00:00,2026-01-07,27.7,88.8,0.5989002957260594,59.151131045377895,57.33339309692383,5347.0,15.914139640539313,0.0141689001200881,9.800379308455252,0.5769221385996435,0.0733607595169195,0,0
NODE_05,2026-01-07 07:00:00,2026-01-07,27.7,88.8,2.255787423416132,33.118790158864385,57.33339309692383,5347.0,41.567985219037645,-0.0126929538572535,2.57325259084768,0.854916958559771,0.1958392418942337,0,0
NODE_05,2026-01-07 08:00:00,2026-01-07,27.7,88.8,4.18147215589358,51.37586074757572,57.33339309692383,5347.0,18.76106493582233,-0.0817598754992124,5.053215855474841,0.9742425255217364,0.4852532545932269,0,0
NODE_05,2026-01-07 09:00:00,2026-01-07,27.7,88.8,9.220103899268164,62.0718114242083,57.33339309692383,5347.0,17.198451793248836,-0.0777474411717074,1.526326584873623,0.4394925125698636,0.7847743211627893,0,0
NODE_05,2026-01-07 10:00:00,2026-01-07,27.7,88.8,6.561973341222675,42.91636760807795,57.33339309692383,5347.0,1.7747905687709573,-0.0199240822566177,2.9021696041292766,0.0604469229852702,0.4854958911658725,0,0
NODE_05,2026-01-07 11:00:00,2026-01-07,27.7,88.8,2.8998818859373743,74.6661373265341,57.33339309692383,5347.0,45.71526698352156,-0.0562470010942492,0.941294270259971,0.7491155790258707,0.3354766105608697,0,0
NODE_05,2026-01-07 12:00:00,2026-01-07,27.7,88.8,3.4173271221733463,78.83147071471639,57.33339309692383,5347.0,10.494526287050686,-0.0166879302745318,19.08132548504766,0.5651732562239374,0.0823529903367581,0,0
NODE_05,2026-01-07 13:00:00,2026-01-07,27.7,88.8,0.1291444565097719,42.65266286038495,57.33339309692383,5347.0,13.48791468895678,0.0453091078674149,5.077276881384333,0.4478913448444631,0.5502955231831296,0,0
NODE_05,2026-01-07 14:00:00,2026-01-07,27.7,88.8,3.637039246516342,78.706000814472,57.33339309692383,5347.0,6.89103269453579,-0.0136510608707963,3.0655144271852377,0.3092688787921896,0.2712685864831767,0,0
NODE_05,2026-01-07 15:00:00,2026-01-07,27.7,88.8,0.9477525394167964,27.25035962721105,57.33339309692383,5347.0,4.304189867358284,-0.0150222468865582,0.6521774965778883,0.5023985278435357,0.6149341779171474,0,0
NODE_05,2026-01-07 16:00:00,2026-01-07,27.7,88.8,14.182291667425435,78.64103690358594,57.33339309692383,5347.0,87.54367644226156,-0.0149826387832406,3.54914305557566,0.3386796044570309,0.9771877391324184,0,0
NODE_05,2026-01-07 17:00:00,2026-01-07,27.7,88.8,1.0040852895154964,30.69253021673316,57.33339309692383,5347.0,44.49993350737953,0.050670096548252,3.068405731042898,0.7570118677473603,0.1113143214775501,0,0
NODE_05,2026-01-07 18:00:00,2026-01-07,27.7,88.8,0.0754779582243057,25.804900675680823,57.33339309692383,5347.0,45.24062993095064,0.0646684943742835,2.14295901725345,0.5438936964926411,0.2121253987219399,0,1
NODE_05,2026-01-07 19:00:00,2026-01-07,27.7,88.8,1.860718800649002,64.92427831087079,57.33339309692383,5347.0,16.17536461309303,0.0210966856086755,3.191326101895207,0.876847774154112,0.4730945380993747,0,0
NODE_05,2026-01-07 20:00:00,2026-01-07,27.7,88.8,8.995716040199918,53.0356156028706,57.33339309692383,5347.0,3.5327533545366725,0.0068295758699196,1.1996354661166595,0.5435439146494421,0.9686138153459296,0,0
NODE_05,2026-01-07 21:00:00,2026-01-07,27.7,88.8,3.4424242874275204,83.5523420288983,57.33339309692383,5347.0,164.35763517617482,0.011478130742798,10.684072331155742,0.23826241333993,0.7718097762699956,0,0
NODE_05,2026-01-07 22:00:00,2026-01-07,27.7,88.8,4.731550670057499,45.423243726359445,57.33339309692383,5347.0,30.639549178337013,0.0713975951126543,9.67379179773387,0.8510918822321445,0.8982291931628301,0,0
NODE_05,2026-01-07 23:00:00,2026-01-07,27.7,88.8,1.2268458070527108,40.10065844063401,57.33339309692383,5347.0,23.029803929043226,0.023812638004361,12.177671779077352,0.5572190449300439,0.3337148484757929,0,0
NODE_05,2026-01-08 00:00:00,2026-01-08,27.7,88.8,2.7221458095281887,55.05144343009388,57.33339309692383,5347.0,14.025358010844949,0.0761219454878272,0.5448731533692286,0.2068410381435612,0.9920384737785946,0,0
NODE_05,2026-01-08 01:00:00,2026-01-08,27.7,88.8,4.843455237817733,51.91623300380629,57.33339309692383,5347.0,2.599823991248651,-0.0209542425993538,18.24392899229712,0.6235078099562221,0.1028328160641574,0,0
NODE_05,2026-01-08 02:00:00,2026-01-08,27.7,88.8,1.649512934157256,44.109963235203175,57.33339309692383,5347.0,62.90079056804176,-0.0667784509850722,4.145331454797306,0.3577167649424275,0.0529729060461008,0,0
NODE_05,2026-01-08 03:00:00,2026-01-08,27.7,88.8,5.974690611776392,68.561890908883,57.33339309692383,5347.0,6.97475005807576,-0.0334529741982859,0.9454243495324596,0.8444056122920658,0.8556026270540281,0,0
NODE_05,2026-01-08 04:00:00,2026-01-08,27.7,88.8,2.045081166352244,73.16932837397358,57.33339309692383,5347.0,34.69408331854035,-0.0281398465376015,1.33669978677219,0.4532997386465428,0.9272648702069862,0,0
NODE_05,2026-01-08 05:00:00,2026-01-08,27.7,88.8,1.326288760381113,79.70887783210956,57.33339309692383,5347.0,43.416257212882485,0.0802263963868147,4.371763734550782,0.7264413581074167,0.0905853575461017,0,0
NODE_05,2026-01-08 06:00:00,2026-01-08,27.7,88.8,5.887974341509233,88.099962329724,57.33339309692383,5347.0,28.054740567362543,0.0368206872268006,6.295630403476449,0.0955362076362371,0.1134274267458415,0,0
NODE_05,2026-01-08 07:00:00,2026-01-08,27.7,88.8,1.8364983510654056,38.66593344927532,57.33339309692383,5347.0,32.13589212846335,-0.0318728262158806,2.583258435159324,0.3960243463023462,0.0331741577557738,0,0
NODE_05,2026-01-08 08:00:00,2026-01-08,27.7,88.8,4.281094595611381,70.1265437742973,57.33339309692383,5347.0,77.17840978336405,0.0404205588466348,2.8667438213395284,0.9832414364723988,0.1045075626427241,0,0
NODE_05,2026-01-08 09:00:00,2026-01-08,27.7,88.8,3.70195376751595,47.59807648470217,57.33339309692383,5347.0,9.09372475392321,-0.0064790555545991,2.43001693302706,0.8084602894771483,0.2094198168002808,0,0
NODE_05,2026-01-08 10:00:00,2026-01-08,27.7,88.8,7.116939405907042,67.39573803657757,57.33339309692383,5347.0,23.676963945701512,0.0817275846038482,8.485937195195524,0.1599408023669286,0.970076618910001,0,0
NODE_05,2026-01-08 11:00:00,2026-01-08,27.7,88.8,4.008215684071377,53.31871832444542,57.33339309692383,5347.0,16.036936538404802,-0.0166850622344522,2.054233083130414,0.2777640494772551,0.6678602222396804,0,0
NODE_05,2026-01-08 12:00:00,2026-01-08,27.7,88.8,5.10699113487204,89.56411719375521,57.33339309692383,5347.0,3.1913210463269364,-0.0769444628539294,2.0342119523539552,0.3298158088563611,0.7785530255185421,0,0
NODE_05,2026-01-08 13:00:00,2026-01-08,27.7,88.8,0.2364239473083743,71.02314950535249,57.33339309692383,5347.0,26.74461995314237,-0.0093375533250341,18.94780083734413,0.6503655604954457,0.7761394036915221,0,0
NODE_05,2026-01-08 14:00:00,2026-01-08,27.7,88.8,13.253538371996342,86.67439103040272,57.33339309692383,5347.0,70.19314077673131,-0.0166577166038648,1.6014659491140628,0.7569947594896556,0.5350737497792146,0,0
NODE_05,2026-01-08 15:00:00,2026-01-08,27.7,88.8,4.959744410568616,78.44786846368301,57.33339309692383,5347.0,79.54589563560535,-0.0671613323974159,1.0488854374278325,0.7495266088079098,0.7974889777130172,0,0
NODE_05,2026-01-08 16:00:00,2026-01-08,27.7,88.8,3.802516123897833,83.20307078143597,57.33339309692383,5347.0,128.69911129014108,0.0292955878639153,4.422405980143693,0.5098740563064028,0.5958075323899696,0,0
NODE_05,2026-01-08 17:00:00,2026-01-08,27.7,88.8,0.3629790648426375,77.00934380502724,57.33339309692383,5347.0,3.408529189121681,0.0712359415158523,2.601487186786634,0.8108205378381512,0.3145460976033576,0,0
NODE_05,2026-01-08 18:00:00,2026-01-08,27.7,88.8,10.41641392948437,52.14113912631379,57.33339309692383,5347.0,102.37348032688658,-0.0561242161861433,4.9554325834432325,0.437078082757475,0.5611101087684007,0,0
NODE_05,2026-01-08 19:00:00,2026-01-08,27.7,88.8,3.112083013022022,37.62519173428191,57.33339309692383,5347.0,24.163416255166062,0.0486355196461087,9.234054111575755,0.1238805652955619,0.5335085861345135,0,0
NODE_05,2026-01-08 20:00:00,2026-01-08,27.7,88.8,7.700524879952356,45.92241228153655,57.33339309692383,5347.0,99.54029204477136,-0.0303315413661068,3.861370017624122,0.5644418416538133,0.8234530537593207,0,0
NODE_05,2026-01-08 21:00:00,2026-01-08,27.7,88.8,2.1359713748336486,21.41653628479653,57.33339309692383,5347.0,13.534169893294433,-0.0012359278311636,5.278008035796127,0.9523013846011068,0.981727217381659,0,0
NODE_05,2026-01-08 22:00:00,2026-01-08,27.7,88.8,3.104280862717074,56.6795217225267,57.33339309692383,5347.0,11.812987020340277,-0.0064886112199229,9.94055963521612,0.7929936513925113,0.4110425654209305,0,0
NODE_05,2026-01-08 23:00:00,2026-01-08,27.7,88.8,0.5568497464570705,55.35404601892861,57.33339309692383,5347.0,5.957955729138328,-0.0012355432534462,5.70759720270212,0.5787006476922424,0.7633906784413597,0,0
NODE_05,2026-01-09 00:00:00,2026-01-09,27.7,88.8,6.10579525084237,56.767532538134176,57.33339309692383,5347.0,43.64014861371096,0.0236541335997528,2.607530374346763,0.6468056603490969,0.0997630040381335,0,0
NODE_05,2026-01-09 01:00:00,2026-01-09,27.7,88.8,3.0438844250568997,88.18218574804447,57.33339309692383,5347.0,33.59832016169636,-0.0512091320223867,10.209357551960604,0.9305620270355728,0.7768313694482886,0,0
NODE_05,2026-01-09 02:00:00,2026-01-09,27.7,88.8,8.299736167822257,83.80178024183876,57.33339309692383,5347.0,6.573132042959438,0.0646650054553114,6.512591118464343,0.4283427944349605,0.3714169119932321,0,0
NODE_05,2026-01-09 03:00:00,2026-01-09,27.7,88.8,3.513113784498913,31.31989448310756,57.33339309692383,5347.0,2.3068044987900587,0.0251771378358381,15.036713101542164,0.3313941389426373,0.0393901628896866,0,0
NODE_05,2026-01-09 04:00:00,2026-01-09,27.7,88.8,8.701863294355162,45.82177650891224,57.33339309692383,5347.0,30.42440962228828,0.0417791388169863,11.822468917720052,0.977241565000449,0.3632461785621772,0,0
NODE_05,2026-01-09 05:00:00,2026-01-09,27.7,88.8,9.155421547087082,49.676932562428334,57.33339309692383,5347.0,34.09566898360734,-0.0390032976462557,2.591912026282697,0.8634431335103334,0.6106427509216448,0,0
NODE_05,2026-01-09 06:00:00,2026-01-09,27.7,88.8,3.381821761277205,45.23730424961534,57.33339309692383,5347.0,7.486103897357871,-0.0557386930518623,4.866596981923264,0.3230435846186024,0.1192501676814665,0,0
NODE_05,2026-01-09 07:00:00,2026-01-09,27.7,88.8,1.9275482357012923,75.89471745227391,57.33339309692383,5347.0,6.123731216395625,0.0591356715937201,3.970740572559363,0.4637805973609228,0.9240344924302546,0,0
